{
"type": "FeatureCollection",
"name": "neighborhoods",
"crs": { "type": "name", "properties": { "name": "urn:ogc:def:crs:OGC:1.3:CRS84" } },
"xy_coordinate_resolution": 1e-06,
"features": [
{ "type": "Feature", "properties": { "id": "1088844393", "name": "Olszanica", "district_id": "7", "population_est": 483 }, "geometry": { "type": "Polygon", "coordinates": [ [ [ 19.805364, 50.071303 ], [ 19.807864, 50.072173 ], [ 19.807895, 50.073884 ], [ 19.805425, 50.074726 ], [ 19.805456, 50.076437 ], [ 19.807955, 50.077307 ], [ 19.807986, 50.079018 ], [ 19.810486, 50.079887 ], [ 19.812956, 50.079045 ], [ 19.815456, 50.079915 ], [ 19.815486, 50.081626 ], [ 19.817987, 50.082495 ], [ 19.820456, 50.081653 ], [ 19.822957, 50.082522 ], [ 19.822988, 50.084233 ], [ 19.825488, 50.085102 ], [ 19.827958, 50.08426 ], [ 19.827927, 50.082549 ], [ 19.830396, 50.081706 ], [ 19.832897, 50.082575 ], [ 19.835366, 50.081733 ], [ 19.835335, 50.080022 ], [ 19.837805, 50.079179 ], [ 19.837773, 50.077468 ], [ 19.840243, 50.076625 ], [ 19.842743, 50.077494 ], [ 19.845212, 50.076651 ], [ 19.845181, 50.07494 ], [ 19.842681, 50.074071 ], [ 19.842649, 50.07236 ], [ 19.840149, 50.071491 ], [ 19.840118, 50.06978 ], [ 19.837618, 50.068911 ], [ 19.837586, 50.067199 ], [ 19.840055, 50.066356 ], [ 19.840024, 50.064645 ], [ 19.837524, 50.063776 ], [ 19.835055, 50.064619 ], [ 19.832555, 50.06375 ], [ 19.830086, 50.064592 ], [ 19.827587, 50.063723 ], [ 19.825118, 50.064566 ], [ 19.825148, 50.066277 ], [ 19.822679, 50.06712 ], [ 19.82018, 50.06625 ], [ 19.81771, 50.067093 ], [ 19.815211, 50.066223 ], [ 19.812742, 50.067065 ], [ 19.810242, 50.066196 ], [ 19.807773, 50.067038 ], [ 19.807803, 50.06875 ], [ 19.805334, 50.069592 ], [ 19.805364, 50.071303 ] ] ] } },
{ "type": "Feature", "properties": { "id": "11075012240", "name": "Osiedle Złotej Jesieni", "district_id": "16", "population_est": 277 }, "geometry": { "type": "Polygon", "coordinates": [ [ [ 20.021926, 50.090272 ], [ 20.019457, 50.091118 ], [ 20.019493, 50.092829 ], [ 20.021997, 50.093694 ], [ 20.022032, 50.095405 ], [ 20.024536, 50.09627 ], [ 20.024572, 50.097981 ], [ 20.027076, 50.098845 ], [ 20.029544, 50.097999 ], [ 20.029508, 50.096288 ], [ 20.031977, 50.095442 ], [ 20.031941, 50.093731 ], [ 20.034409, 50.092884 ], [ 20.034373, 50.091173 ], [ 20.031869, 50.090308 ], [ 20.031833, 50.088597 ], [ 20.02933, 50.087733 ], [ 20.026862, 50.088579 ], [ 20.024358, 50.087714 ], [ 20.02189, 50.088561 ], [ 20.021926, 50.090272 ] ] ] } },
{ "type": "Feature", "properties": { "id": "1159658751", "name": "Stradom", "district_id": "1", "population_est": 444 }, "geometry": { "type": "Polygon", "coordinates": [ [ [ 19.939039, 50.046293 ], [ 19.936572, 50.047138 ], [ 19.936605, 50.048851 ], [ 19.934138, 50.049696 ], [ 19.934171, 50.051408 ], [ 19.931704, 50.052253 ], [ 19.931737, 50.053965 ], [ 19.934238, 50.054832 ], [ 19.936706, 50.053987 ], [ 19.939207, 50.054853 ], [ 19.939241, 50.056565 ], [ 19.941742, 50.057432 ], [ 19.941776, 50.059144 ], [ 19.944277, 50.060011 ], [ 19.946745, 50.059166 ], [ 19.946711, 50.057454 ], [ 19.94421, 50.056587 ], [ 19.944176, 50.054875 ], [ 19.941675, 50.054008 ], [ 19.941641, 50.052296 ], [ 19.944109, 50.051451 ], [ 19.944075, 50.049739 ], [ 19.941574, 50.048872 ], [ 19.94154, 50.04716 ], [ 19.939039, 50.046293 ] ] ] } },
{ "type": "Feature", "properties": { "id": "12202880309", "name": "Ogrody", "district_id": "13", "population_est": 183 }, "geometry": { "type": "Polygon", "coordinates": [ [ [ 20.03076, 50.037243 ], [ 20.028259, 50.036378 ], [ 20.025792, 50.037225 ], [ 20.025828, 50.038938 ], [ 20.023362, 50.039785 ], [ 20.023397, 50.041497 ], [ 20.025899, 50.042362 ], [ 20.025935, 50.044074 ], [ 20.028437, 50.04494 ], [ 20.028473, 50.046652 ], [ 20.030975, 50.047517 ], [ 20.033441, 50.04667 ], [ 20.033406, 50.044957 ], [ 20.030903, 50.044092 ], [ 20.030868, 50.04238 ], [ 20.033334, 50.041533 ], [ 20.033298, 50.039821 ], [ 20.030796, 50.038955 ], [ 20.03076, 50.037243 ] ] ] } },
{ "type": "Feature", "properties": { "id": "12202880310", "name": "Kopanina", "district_id": "13", "population_est": 238 }, "geometry": { "type": "Polygon", "coordinates": [ [ [ 20.050561, 50.033888 ], [ 20.048095, 50.034736 ], [ 20.048131, 50.036448 ], [ 20.045665, 50.037296 ], [ 20.043163, 50.036431 ], [ 20.040697, 50.037278 ], [ 20.040733, 50.038991 ], [ 20.043235, 50.039856 ], [ 20.043271, 50.041568 ], [ 20.040805, 50.042416 ], [ 20.040841, 50.044128 ], [ 20.043343, 50.044993 ], [ 20.043379, 50.046705 ], [ 20.045882, 50.04757 ], [ 20.048348, 50.046722 ], [ 20.048312, 50.04501 ], [ 20.050778, 50.044162 ], [ 20.053281, 50.045027 ], [ 20.055747, 50.044179 ], [ 20.055711, 50.042467 ], [ 20.053208, 50.041602 ], [ 20.053172, 50.03989 ], [ 20.055638, 50.039042 ], [ 20.055602, 50.03733 ], [ 20.053099, 50.036465 ], [ 20.053063, 50.034753 ], [ 20.050561, 50.033888 ] ] ] } },
{ "type": "Feature", "properties": { "id": "12202880311", "name": "Niwy Rybickie", "district_id": "13", "population_est": 123 }, "geometry": { "type": "Polygon", "coordinates": [ [ [ 20.048348, 50.046722 ], [ 20.045882, 50.04757 ], [ 20.043379, 50.046705 ], [ 20.040913, 50.047552 ], [ 20.040949, 50.049264 ], [ 20.043451, 50.050129 ], [ 20.043487, 50.051841 ], [ 20.04599, 50.052706 ], [ 20.048457, 50.051859 ], [ 20.050959, 50.052723 ], [ 20.053426, 50.051876 ], [ 20.055929, 50.05274 ], [ 20.058395, 50.051892 ], [ 20.058359, 50.05018 ], [ 20.060825, 50.049333 ], [ 20.060789, 50.04762 ], [ 20.058286, 50.046756 ], [ 20.05825, 50.045044 ], [ 20.055747, 50.044179 ], [ 20.053281, 50.045027 ], [ 20.050778, 50.044162 ], [ 20.048312, 50.04501 ], [ 20.048348, 50.046722 ] ] ] } },
{ "type": "Feature", "properties": { "id": "12202880312", "name": "Jeziorko", "district_id": "13", "population_est": 47 }, "geometry": { "type": "Polygon", "coordinates": [ [ [ 20.078015, 50.039972 ], [ 20.075512, 50.039108 ], [ 20.073046, 50.039956 ], [ 20.073083, 50.041668 ], [ 20.070617, 50.042517 ], [ 20.070653, 50.044229 ], [ 20.073156, 50.045093 ], [ 20.075622, 50.044245 ], [ 20.078125, 50.045109 ], [ 20.080591, 50.044261 ], [ 20.080554, 50.042549 ], [ 20.078051, 50.041684 ], [ 20.078015, 50.039972 ] ] ] } },
{ "type": "Feature", "properties": { "id": "12460663487", "name": "Zabłocie", "district_id": "18", "population_est": 72 }, "geometry": { "type": "Polygon", "coordinates": [ [ [ 20.158718, 50.093264 ], [ 20.156251, 50.094114 ], [ 20.15629, 50.095825 ], [ 20.153823, 50.096674 ], [ 20.153862, 50.098385 ], [ 20.156368, 50.099247 ], [ 20.158835, 50.098398 ], [ 20.161341, 50.099259 ], [ 20.16138, 50.10097 ], [ 20.163886, 50.101832 ], [ 20.166353, 50.100983 ], [ 20.166314, 50.099272 ], [ 20.168781, 50.098422 ], [ 20.171287, 50.099284 ], [ 20.173754, 50.098434 ], [ 20.173715, 50.096723 ], [ 20.176182, 50.095874 ], [ 20.176143, 50.094163 ], [ 20.178609, 50.093313 ], [ 20.17857, 50.091602 ], [ 20.176064, 50.09074 ], [ 20.173597, 50.09159 ], [ 20.171092, 50.090728 ], [ 20.168625, 50.091578 ], [ 20.166119, 50.090716 ], [ 20.163652, 50.091566 ], [ 20.161146, 50.090704 ], [ 20.15868, 50.091553 ], [ 20.158718, 50.093264 ] ] ] } },
{ "type": "Feature", "properties": { "id": "12460663488", "name": "Błonia", "district_id": "18", "population_est": 134 }, "geometry": { "type": "Polygon", "coordinates": [ [ [ 20.16103, 50.08557 ], [ 20.158563, 50.086419 ], [ 20.158602, 50.088131 ], [ 20.161108, 50.088993 ], [ 20.161146, 50.090704 ], [ 20.163652, 50.091566 ], [ 20.166119, 50.090716 ], [ 20.168625, 50.091578 ], [ 20.171092, 50.090728 ], [ 20.173597, 50.09159 ], [ 20.176064, 50.09074 ], [ 20.17857, 50.091602 ], [ 20.181037, 50.090752 ], [ 20.180998, 50.089041 ], [ 20.183464, 50.088191 ], [ 20.183425, 50.08648 ], [ 20.180919, 50.085618 ], [ 20.18088, 50.083907 ], [ 20.178374, 50.083045 ], [ 20.175907, 50.083895 ], [ 20.173402, 50.083033 ], [ 20.170935, 50.083883 ], [ 20.16843, 50.083021 ], [ 20.165963, 50.083871 ], [ 20.163458, 50.083009 ], [ 20.160991, 50.083859 ], [ 20.16103, 50.08557 ] ] ] } },
{ "type": "Feature", "properties": { "id": "12460769270", "name": "Las Kościelnicki", "district_id": "18", "population_est": 171 }, "geometry": { "type": "Polygon", "coordinates": [ [ [ 20.195003, 50.049704 ], [ 20.192538, 50.050555 ], [ 20.192578, 50.052267 ], [ 20.190112, 50.053118 ], [ 20.190152, 50.05483 ], [ 20.192657, 50.055691 ], [ 20.192696, 50.057404 ], [ 20.195201, 50.058265 ], [ 20.197667, 50.057414 ], [ 20.200172, 50.058276 ], [ 20.200212, 50.059988 ], [ 20.202717, 50.060849 ], [ 20.202757, 50.062561 ], [ 20.205262, 50.063422 ], [ 20.207728, 50.062572 ], [ 20.207688, 50.06086 ], [ 20.210153, 50.060009 ], [ 20.210113, 50.058297 ], [ 20.212578, 50.057446 ], [ 20.212538, 50.055734 ], [ 20.210033, 50.054873 ], [ 20.207568, 50.055724 ], [ 20.205063, 50.054862 ], [ 20.205023, 50.05315 ], [ 20.202518, 50.052289 ], [ 20.200053, 50.05314 ], [ 20.197548, 50.052278 ], [ 20.197508, 50.050566 ], [ 20.195003, 50.049704 ] ] ] } },
{ "type": "Feature", "properties": { "id": "12460769271", "name": "Rogów", "district_id": "18", "population_est": 55 }, "geometry": { "type": "Polygon", "coordinates": [ [ [ 20.204823, 50.044589 ], [ 20.202359, 50.04544 ], [ 20.202398, 50.047152 ], [ 20.199933, 50.048003 ], [ 20.197429, 50.047141 ], [ 20.194963, 50.047992 ], [ 20.195003, 50.049704 ], [ 20.197508, 50.050566 ], [ 20.197548, 50.052278 ], [ 20.200053, 50.05314 ], [ 20.202518, 50.052289 ], [ 20.205023, 50.05315 ], [ 20.205063, 50.054862 ], [ 20.207568, 50.055724 ], [ 20.210033, 50.054873 ], [ 20.212538, 50.055734 ], [ 20.215003, 50.054883 ], [ 20.214963, 50.053171 ], [ 20.212458, 50.05231 ], [ 20.212418, 50.050597 ], [ 20.209913, 50.049736 ], [ 20.209873, 50.048024 ], [ 20.207368, 50.047163 ], [ 20.207328, 50.04545 ], [ 20.204823, 50.044589 ] ] ] } },
{ "type": "Feature", "properties": { "id": "1258916607", "name": "Holendry", "district_id": "18", "population_est": 35 }, "geometry": { "type": "Polygon", "coordinates": [ [ [ 20.110405, 50.044352 ], [ 20.10794, 50.045201 ], [ 20.107977, 50.046913 ], [ 20.110481, 50.047776 ], [ 20.110518, 50.049488 ], [ 20.108052, 50.050337 ], [ 20.10809, 50.052049 ], [ 20.110594, 50.052913 ], [ 20.11306, 50.052064 ], [ 20.115563, 50.052927 ], [ 20.118029, 50.052078 ], [ 20.120533, 50.052941 ], [ 20.122999, 50.052092 ], [ 20.122961, 50.05038 ], [ 20.120457, 50.049517 ], [ 20.120419, 50.047805 ], [ 20.122885, 50.046956 ], [ 20.122847, 50.045243 ], [ 20.120344, 50.04438 ], [ 20.120306, 50.042668 ], [ 20.117802, 50.041805 ], [ 20.115337, 50.042654 ], [ 20.112833, 50.04179 ], [ 20.110368, 50.042639 ], [ 20.110405, 50.044352 ] ] ] } },
{ "type": "Feature", "properties": { "id": "13205386261", "name": "Zawodzie", "district_id": "4", "population_est": 116 }, "geometry": { "type": "Polygon", "coordinates": [ [ [ 19.942482, 50.095084 ], [ 19.940013, 50.095928 ], [ 19.940047, 50.097639 ], [ 19.937578, 50.098484 ], [ 19.937611, 50.100194 ], [ 19.940114, 50.101061 ], [ 19.942583, 50.100216 ], [ 19.94255, 50.098505 ], [ 19.945019, 50.097661 ], [ 19.947522, 50.098527 ], [ 19.949991, 50.097682 ], [ 19.949957, 50.095972 ], [ 19.947454, 50.095105 ], [ 19.944985, 50.09595 ], [ 19.942482, 50.095084 ] ] ] } },
{ "type": "Feature", "properties": { "id": "13205386262", "name": "Gajszcza", "district_id": "4", "population_est": 284 }, "geometry": { "type": "Polygon", "coordinates": [ [ [ 19.952324, 50.089994 ], [ 19.949855, 50.090838 ], [ 19.949889, 50.09255 ], [ 19.94742, 50.093394 ], [ 19.947454, 50.095105 ], [ 19.949957, 50.095972 ], [ 19.949991, 50.097682 ], [ 19.947522, 50.098527 ], [ 19.947555, 50.100238 ], [ 19.950058, 50.101104 ], [ 19.952527, 50.100259 ], [ 19.952493, 50.098549 ], [ 19.954962, 50.097704 ], [ 19.957465, 50.09857 ], [ 19.959934, 50.097725 ], [ 19.9599, 50.096014 ], [ 19.957397, 50.095148 ], [ 19.957363, 50.093437 ], [ 19.954861, 50.092571 ], [ 19.954827, 50.09086 ], [ 19.952324, 50.089994 ] ] ] } },
{ "type": "Feature", "properties": { "id": "13205386263", "name": "Zadęby", "district_id": "4", "population_est": 200 }, "geometry": { "type": "Polygon", "coordinates": [ [ [ 19.945187, 50.106215 ], [ 19.945221, 50.107926 ], [ 19.942752, 50.10877 ], [ 19.942785, 50.110481 ], [ 19.940316, 50.111325 ], [ 19.94035, 50.113036 ], [ 19.942853, 50.113902 ], [ 19.942886, 50.115612 ], [ 19.94539, 50.116478 ], [ 19.945424, 50.118189 ], [ 19.947927, 50.119055 ], [ 19.950397, 50.11821 ], [ 19.950363, 50.1165 ], [ 19.952833, 50.115656 ], [ 19.952799, 50.113945 ], [ 19.955268, 50.1131 ], [ 19.955234, 50.11139 ], [ 19.957704, 50.110545 ], [ 19.95767, 50.108835 ], [ 19.960139, 50.10799 ], [ 19.962642, 50.108856 ], [ 19.965111, 50.108011 ], [ 19.965077, 50.1063 ], [ 19.962574, 50.105434 ], [ 19.960105, 50.106279 ], [ 19.957602, 50.105413 ], [ 19.957567, 50.103702 ], [ 19.955064, 50.102836 ], [ 19.952595, 50.103681 ], [ 19.952629, 50.105392 ], [ 19.95016, 50.106237 ], [ 19.947657, 50.10537 ], [ 19.945187, 50.106215 ] ] ] } },
{ "type": "Feature", "properties": { "id": "13205386264", "name": "Ogrody", "district_id": "4", "population_est": 147 }, "geometry": { "type": "Polygon", "coordinates": [ [ [ 19.947522, 50.098527 ], [ 19.945019, 50.097661 ], [ 19.94255, 50.098505 ], [ 19.942583, 50.100216 ], [ 19.940114, 50.101061 ], [ 19.940148, 50.102772 ], [ 19.942651, 50.103638 ], [ 19.94512, 50.102793 ], [ 19.947623, 50.10366 ], [ 19.950092, 50.102815 ], [ 19.950058, 50.101104 ], [ 19.947555, 50.100238 ], [ 19.947522, 50.098527 ] ] ] } },
{ "type": "Feature", "properties": { "id": "13205386265", "name": "Bularnia", "district_id": "4", "population_est": 160 }, "geometry": { "type": "Polygon", "coordinates": [ [ [ 19.949889, 50.09255 ], [ 19.949855, 50.090838 ], [ 19.947353, 50.089972 ], [ 19.944884, 50.090817 ], [ 19.944918, 50.092528 ], [ 19.942449, 50.093373 ], [ 19.939946, 50.092506 ], [ 19.937477, 50.093351 ], [ 19.937511, 50.095062 ], [ 19.935042, 50.095906 ], [ 19.935075, 50.097617 ], [ 19.937578, 50.098484 ], [ 19.940047, 50.097639 ], [ 19.940013, 50.095928 ], [ 19.942482, 50.095084 ], [ 19.944985, 50.09595 ], [ 19.947454, 50.095105 ], [ 19.94742, 50.093394 ], [ 19.949889, 50.09255 ] ] ] } },
{ "type": "Feature", "properties": { "id": "13205386266", "name": "Zasady", "district_id": "4", "population_est": 194 }, "geometry": { "type": "Polygon", "coordinates": [ [ [ 19.932405, 50.088195 ], [ 19.932439, 50.089906 ], [ 19.934941, 50.090773 ], [ 19.934975, 50.092484 ], [ 19.937477, 50.093351 ], [ 19.939946, 50.092506 ], [ 19.942449, 50.093373 ], [ 19.944918, 50.092528 ], [ 19.944884, 50.090817 ], [ 19.942381, 50.08995 ], [ 19.942348, 50.088239 ], [ 19.939845, 50.087373 ], [ 19.937377, 50.088217 ], [ 19.934874, 50.087351 ], [ 19.932405, 50.088195 ] ] ] } },
{ "type": "Feature", "properties": { "id": "13205386267", "name": "Duchackie", "district_id": "4", "population_est": 68 }, "geometry": { "type": "Polygon", "coordinates": [ [ [ 19.927668, 50.10015 ], [ 19.925198, 50.100994 ], [ 19.925232, 50.102705 ], [ 19.927734, 50.103572 ], [ 19.927768, 50.105282 ], [ 19.93027, 50.106149 ], [ 19.930304, 50.107859 ], [ 19.927834, 50.108704 ], [ 19.927868, 50.110414 ], [ 19.930371, 50.111281 ], [ 19.93284, 50.110437 ], [ 19.935343, 50.111303 ], [ 19.937813, 50.110459 ], [ 19.937779, 50.108748 ], [ 19.935276, 50.107882 ], [ 19.935243, 50.106171 ], [ 19.937712, 50.105327 ], [ 19.937679, 50.103616 ], [ 19.940148, 50.102772 ], [ 19.940114, 50.101061 ], [ 19.937611, 50.100194 ], [ 19.937578, 50.098484 ], [ 19.935075, 50.097617 ], [ 19.932606, 50.098461 ], [ 19.930103, 50.097595 ], [ 19.927634, 50.098439 ], [ 19.927668, 50.10015 ] ] ] } },
{ "type": "Feature", "properties": { "id": "13690838840", "name": "Osiedle Bohaterów Września", "district_id": "15", "population_est": 100 }, "geometry": { "type": "Polygon", "coordinates": [ [ [ 20.007116, 50.095349 ], [ 20.004648, 50.096195 ], [ 20.004683, 50.097906 ], [ 20.002214, 50.098752 ], [ 20.002249, 50.100463 ], [ 19.999781, 50.101309 ], [ 19.999816, 50.103019 ], [ 19.997347, 50.103865 ], [ 19.997382, 50.105576 ], [ 19.999886, 50.106441 ], [ 20.002355, 50.105595 ], [ 20.004859, 50.10646 ], [ 20.007327, 50.105614 ], [ 20.009831, 50.106479 ], [ 20.0123, 50.105633 ], [ 20.012265, 50.103923 ], [ 20.014733, 50.103077 ], [ 20.014698, 50.101366 ], [ 20.012194, 50.100501 ], [ 20.012159, 50.09879 ], [ 20.009655, 50.097925 ], [ 20.00962, 50.096214 ], [ 20.007116, 50.095349 ] ] ] } },
{ "type": "Feature", "properties": { "id": "13690883858", "name": "Osiedle Piastów", "district_id": "15", "population_est": 177 }, "geometry": { "type": "Polygon", "coordinates": [ [ [ 20.022032, 50.095405 ], [ 20.019564, 50.096251 ], [ 20.019599, 50.097962 ], [ 20.017131, 50.098809 ], [ 20.014627, 50.097944 ], [ 20.012159, 50.09879 ], [ 20.012194, 50.100501 ], [ 20.014698, 50.101366 ], [ 20.014733, 50.103077 ], [ 20.012265, 50.103923 ], [ 20.0123, 50.105633 ], [ 20.014804, 50.106498 ], [ 20.017273, 50.105652 ], [ 20.019777, 50.106517 ], [ 20.022246, 50.105671 ], [ 20.02221, 50.10396 ], [ 20.024679, 50.103114 ], [ 20.027183, 50.103978 ], [ 20.029651, 50.103132 ], [ 20.029616, 50.101421 ], [ 20.027111, 50.100556 ], [ 20.027076, 50.098845 ], [ 20.024572, 50.097981 ], [ 20.024536, 50.09627 ], [ 20.022032, 50.095405 ] ] ] } },
{ "type": "Feature", "properties": { "id": "1417676816", "name": "Osiedle \"Kurdwanów Nowy\"", "district_id": "11", "population_est": 144 }, "geometry": { "type": "Polygon", "coordinates": [ [ [ 19.948165, 50.005233 ], [ 19.945699, 50.006079 ], [ 19.945733, 50.007792 ], [ 19.948233, 50.008659 ], [ 19.948266, 50.010372 ], [ 19.9458, 50.011218 ], [ 19.945834, 50.012931 ], [ 19.948334, 50.013798 ], [ 19.948368, 50.015511 ], [ 19.950868, 50.016378 ], [ 19.953334, 50.015533 ], [ 19.9533, 50.01382 ], [ 19.955766, 50.012974 ], [ 19.955732, 50.011261 ], [ 19.958198, 50.010415 ], [ 19.958164, 50.008702 ], [ 19.955664, 50.007835 ], [ 19.953198, 50.008681 ], [ 19.950699, 50.007814 ], [ 19.950665, 50.0061 ], [ 19.948165, 50.005233 ] ] ] } },
{ "type": "Feature", "properties": { "id": "1617943502", "name": "Grzegórzki", "district_id": "2", "population_est": 115 }, "geometry": { "type": "Polygon", "coordinates": [ [ [ 19.966519, 50.054114 ], [ 19.964052, 50.05496 ], [ 19.964086, 50.056672 ], [ 19.966587, 50.057538 ], [ 19.966622, 50.05925 ], [ 19.964154, 50.060096 ], [ 19.964188, 50.061808 ], [ 19.96669, 50.062674 ], [ 19.966724, 50.064386 ], [ 19.969226, 50.065252 ], [ 19.971694, 50.064406 ], [ 19.97166, 50.062694 ], [ 19.974127, 50.061849 ], [ 19.974093, 50.060137 ], [ 19.971591, 50.059271 ], [ 19.971557, 50.057559 ], [ 19.969055, 50.056693 ], [ 19.969021, 50.054981 ], [ 19.966519, 50.054114 ] ] ] } },
{ "type": "Feature", "properties": { "id": "1617943504", "name": "Osiedle Podwawelskie", "district_id": "13", "population_est": 282 }, "geometry": { "type": "Polygon", "coordinates": [ [ [ 19.931337, 50.033418 ], [ 19.92887, 50.034263 ], [ 19.928903, 50.035976 ], [ 19.926436, 50.036821 ], [ 19.926469, 50.038533 ], [ 19.924002, 50.039378 ], [ 19.924035, 50.04109 ], [ 19.926536, 50.041958 ], [ 19.926569, 50.04367 ], [ 19.92907, 50.044537 ], [ 19.931537, 50.043692 ], [ 19.934038, 50.044559 ], [ 19.936505, 50.043714 ], [ 19.939006, 50.044581 ], [ 19.941473, 50.043736 ], [ 19.941439, 50.042024 ], [ 19.938939, 50.041157 ], [ 19.938905, 50.039444 ], [ 19.941372, 50.038599 ], [ 19.941338, 50.036887 ], [ 19.938838, 50.03602 ], [ 19.938804, 50.034307 ], [ 19.936304, 50.03344 ], [ 19.933837, 50.034285 ], [ 19.931337, 50.033418 ] ] ] } },
{ "type": "Feature", "properties": { "id": "1617943506", "name": "Salwator", "district_id": "7", "population_est": 310 }, "geometry": { "type": "Polygon", "coordinates": [ [ [ 19.9217, 50.048784 ], [ 19.921667, 50.047072 ], [ 19.919167, 50.046204 ], [ 19.916699, 50.047049 ], [ 19.916732, 50.048761 ], [ 19.914264, 50.049606 ], [ 19.911764, 50.048738 ], [ 19.909296, 50.049583 ], [ 19.906796, 50.048715 ], [ 19.904328, 50.04956 ], [ 19.904361, 50.051272 ], [ 19.906861, 50.052139 ], [ 19.906894, 50.053851 ], [ 19.909395, 50.054719 ], [ 19.909428, 50.056431 ], [ 19.911928, 50.057298 ], [ 19.914396, 50.056454 ], [ 19.914363, 50.054742 ], [ 19.916831, 50.053897 ], [ 19.916798, 50.052185 ], [ 19.919266, 50.051341 ], [ 19.919233, 50.049628 ], [ 19.9217, 50.048784 ] ] ] } },
{ "type": "Feature", "properties": { "id": "1843994579", "name": "Beszcz", "district_id": "14", "population_est": 59 }, "geometry": { "type": "Polygon", "coordinates": [ [ [ 19.986499, 50.059331 ], [ 19.989001, 50.060197 ], [ 19.989036, 50.061909 ], [ 19.986569, 50.062755 ], [ 19.986603, 50.064467 ], [ 19.989106, 50.065332 ], [ 19.98914, 50.067044 ], [ 19.991643, 50.06791 ], [ 19.991678, 50.069621 ], [ 19.99418, 50.070487 ], [ 19.996648, 50.069641 ], [ 19.99915, 50.070506 ], [ 20.001618, 50.06966 ], [ 20.001583, 50.067949 ], [ 20.00405, 50.067102 ], [ 20.004015, 50.065391 ], [ 20.006483, 50.064544 ], [ 20.006447, 50.062832 ], [ 20.003945, 50.061967 ], [ 20.00391, 50.060255 ], [ 20.001408, 50.05939 ], [ 19.99894, 50.060236 ], [ 19.996438, 50.05937 ], [ 19.996403, 50.057659 ], [ 19.993901, 50.056793 ], [ 19.991434, 50.057639 ], [ 19.988932, 50.056773 ], [ 19.986464, 50.057619 ], [ 19.986499, 50.059331 ] ] ] } },
{ "type": "Feature", "properties": { "id": "1892198365", "name": "Czarna Wieś", "district_id": "5", "population_est": 126 }, "geometry": { "type": "Polygon", "coordinates": [ [ [ 19.912027, 50.062433 ], [ 19.91206, 50.064145 ], [ 19.909592, 50.064989 ], [ 19.909625, 50.066701 ], [ 19.907156, 50.067545 ], [ 19.907189, 50.069257 ], [ 19.909691, 50.070124 ], [ 19.912159, 50.06928 ], [ 19.91466, 50.070147 ], [ 19.917129, 50.069303 ], [ 19.917096, 50.067591 ], [ 19.919564, 50.066747 ], [ 19.922065, 50.067614 ], [ 19.924533, 50.06677 ], [ 19.9245, 50.065058 ], [ 19.921999, 50.064191 ], [ 19.921966, 50.062479 ], [ 19.919464, 50.061612 ], [ 19.916996, 50.062456 ], [ 19.914495, 50.061589 ], [ 19.912027, 50.062433 ] ] ] } },
{ "type": "Feature", "properties": { "id": "1892198369", "name": "Nowa Wieś", "district_id": "5", "population_est": 754 }, "geometry": { "type": "Polygon", "coordinates": [ [ [ 19.917129, 50.069303 ], [ 19.91466, 50.070147 ], [ 19.914693, 50.071859 ], [ 19.917195, 50.072726 ], [ 19.917228, 50.074437 ], [ 19.914759, 50.075282 ], [ 19.914792, 50.076993 ], [ 19.917294, 50.07786 ], [ 19.919762, 50.077016 ], [ 19.922264, 50.077883 ], [ 19.924733, 50.077039 ], [ 19.9247, 50.075327 ], [ 19.927168, 50.074483 ], [ 19.927135, 50.072771 ], [ 19.929603, 50.071927 ], [ 19.92957, 50.070215 ], [ 19.927068, 50.069348 ], [ 19.927035, 50.067637 ], [ 19.924533, 50.06677 ], [ 19.922065, 50.067614 ], [ 19.919564, 50.066747 ], [ 19.917096, 50.067591 ], [ 19.917129, 50.069303 ] ] ] } },
{ "type": "Feature", "properties": { "id": "1933057630", "name": "Węgrzynowice", "district_id": "17", "population_est": 66 }, "geometry": { "type": "Polygon", "coordinates": [ [ [ 20.151394, 50.099234 ], [ 20.151433, 50.100945 ], [ 20.148966, 50.101794 ], [ 20.14646, 50.100932 ], [ 20.143992, 50.101781 ], [ 20.144031, 50.103492 ], [ 20.141563, 50.104341 ], [ 20.141602, 50.106052 ], [ 20.144108, 50.106914 ], [ 20.144146, 50.108624 ], [ 20.146652, 50.109486 ], [ 20.146691, 50.111197 ], [ 20.144223, 50.112046 ], [ 20.144262, 50.113757 ], [ 20.146768, 50.114618 ], [ 20.146807, 50.116329 ], [ 20.149313, 50.117191 ], [ 20.151781, 50.116342 ], [ 20.154287, 50.117204 ], [ 20.154326, 50.118914 ], [ 20.156833, 50.119776 ], [ 20.156871, 50.121487 ], [ 20.159378, 50.122348 ], [ 20.161846, 50.121499 ], [ 20.164353, 50.122361 ], [ 20.166821, 50.121512 ], [ 20.166782, 50.119801 ], [ 20.16925, 50.118952 ], [ 20.169211, 50.117241 ], [ 20.166704, 50.11638 ], [ 20.166665, 50.114669 ], [ 20.164158, 50.113808 ], [ 20.164119, 50.112097 ], [ 20.161613, 50.111236 ], [ 20.161574, 50.109525 ], [ 20.164041, 50.108676 ], [ 20.164003, 50.106965 ], [ 20.161496, 50.106103 ], [ 20.161457, 50.104392 ], [ 20.158951, 50.103531 ], [ 20.158912, 50.10182 ], [ 20.156406, 50.100958 ], [ 20.156368, 50.099247 ], [ 20.153862, 50.098385 ], [ 20.151394, 50.099234 ] ] ] } },
{ "type": "Feature", "properties": { "id": "2063702469", "name": "Barycz", "district_id": "10", "population_est": 110 }, "geometry": { "type": "Polygon", "coordinates": [ [ [ 19.999797, 49.9806 ], [ 19.999832, 49.982314 ], [ 19.997367, 49.983162 ], [ 19.997402, 49.984875 ], [ 19.994937, 49.985722 ], [ 19.994972, 49.987436 ], [ 19.997472, 49.988302 ], [ 19.997507, 49.990016 ], [ 20.000007, 49.990882 ], [ 20.000042, 49.992596 ], [ 20.002542, 49.993462 ], [ 20.005007, 49.992615 ], [ 20.007507, 49.993481 ], [ 20.009972, 49.992633 ], [ 20.012472, 49.9935 ], [ 20.014937, 49.992652 ], [ 20.014901, 49.990939 ], [ 20.012401, 49.990073 ], [ 20.012366, 49.988359 ], [ 20.014831, 49.987511 ], [ 20.014795, 49.985798 ], [ 20.012295, 49.984932 ], [ 20.01226, 49.983218 ], [ 20.00976, 49.982352 ], [ 20.007296, 49.983199 ], [ 20.004796, 49.982333 ], [ 20.004761, 49.980619 ], [ 20.002261, 49.979753 ], [ 19.999797, 49.9806 ] ] ] } },
{ "type": "Feature", "properties": { "id": "2075922400", "name": "Małe Błonia", "district_id": "5", "population_est": 511 }, "geometry": { "type": "Polygon", "coordinates": [ [ [ 19.89712, 50.062363 ], [ 19.894619, 50.061496 ], [ 19.892151, 50.06234 ], [ 19.892183, 50.064051 ], [ 19.889715, 50.064895 ], [ 19.887214, 50.064027 ], [ 19.884746, 50.064871 ], [ 19.882245, 50.064003 ], [ 19.879776, 50.064847 ], [ 19.879809, 50.066558 ], [ 19.882309, 50.067426 ], [ 19.884778, 50.066583 ], [ 19.887279, 50.067451 ], [ 19.887311, 50.069162 ], [ 19.889812, 50.07003 ], [ 19.889844, 50.071742 ], [ 19.892345, 50.072609 ], [ 19.892378, 50.074321 ], [ 19.894879, 50.075188 ], [ 19.897348, 50.074344 ], [ 19.897315, 50.072633 ], [ 19.899784, 50.071789 ], [ 19.902285, 50.072657 ], [ 19.904754, 50.071813 ], [ 19.904721, 50.070101 ], [ 19.90222, 50.069234 ], [ 19.902187, 50.067522 ], [ 19.899686, 50.066654 ], [ 19.899653, 50.064943 ], [ 19.897152, 50.064075 ], [ 19.89712, 50.062363 ] ] ] } },
{ "type": "Feature", "properties": { "id": "2075922403", "name": "Półwsie Zwierzynieckie", "district_id": "7", "population_est": 328 }, "geometry": { "type": "Polygon", "coordinates": [ [ [ 19.919266, 50.051341 ], [ 19.916798, 50.052185 ], [ 19.916831, 50.053897 ], [ 19.914363, 50.054742 ], [ 19.914396, 50.056454 ], [ 19.916897, 50.057321 ], [ 19.91693, 50.059033 ], [ 19.919431, 50.0599 ], [ 19.919464, 50.061612 ], [ 19.921966, 50.062479 ], [ 19.924434, 50.061634 ], [ 19.9244, 50.059923 ], [ 19.926868, 50.059078 ], [ 19.926835, 50.057366 ], [ 19.924334, 50.056499 ], [ 19.924301, 50.054787 ], [ 19.9218, 50.05392 ], [ 19.921767, 50.052208 ], [ 19.919266, 50.051341 ] ] ] } },
{ "type": "Feature", "properties": { "id": "2075922404", "name": "Zwierzyniec", "district_id": "7", "population_est": 514 }, "geometry": { "type": "Polygon", "coordinates": [ [ [ 19.886891, 50.046909 ], [ 19.886923, 50.048621 ], [ 19.884455, 50.049465 ], [ 19.884487, 50.051177 ], [ 19.882019, 50.05202 ], [ 19.882052, 50.053732 ], [ 19.879583, 50.054576 ], [ 19.879616, 50.056288 ], [ 19.877147, 50.057132 ], [ 19.877179, 50.058844 ], [ 19.87968, 50.059712 ], [ 19.879712, 50.061423 ], [ 19.882213, 50.062291 ], [ 19.882245, 50.064003 ], [ 19.884746, 50.064871 ], [ 19.887214, 50.064027 ], [ 19.889715, 50.064895 ], [ 19.892183, 50.064051 ], [ 19.892151, 50.06234 ], [ 19.894619, 50.061496 ], [ 19.89712, 50.062363 ], [ 19.899588, 50.061519 ], [ 19.899555, 50.059808 ], [ 19.897055, 50.05894 ], [ 19.897022, 50.057228 ], [ 19.89949, 50.056384 ], [ 19.899457, 50.054672 ], [ 19.896957, 50.053804 ], [ 19.896924, 50.052092 ], [ 19.894424, 50.051224 ], [ 19.894391, 50.049512 ], [ 19.891891, 50.048645 ], [ 19.891859, 50.046932 ], [ 19.889358, 50.046064 ], [ 19.886891, 50.046909 ] ] ] } },
{ "type": "Feature", "properties": { "id": "2075941630", "name": "Bodzów", "district_id": "8", "population_est": 257 }, "geometry": { "type": "Polygon", "coordinates": [ [ [ 19.866764, 50.033113 ], [ 19.864297, 50.033956 ], [ 19.864328, 50.035669 ], [ 19.861861, 50.036512 ], [ 19.861893, 50.038225 ], [ 19.859425, 50.039068 ], [ 19.859456, 50.040781 ], [ 19.856989, 50.041624 ], [ 19.85702, 50.043336 ], [ 19.854552, 50.04418 ], [ 19.854584, 50.045892 ], [ 19.857083, 50.04676 ], [ 19.859551, 50.045917 ], [ 19.862051, 50.046786 ], [ 19.864519, 50.045942 ], [ 19.867019, 50.046811 ], [ 19.869487, 50.045967 ], [ 19.871987, 50.046835 ], [ 19.874455, 50.045992 ], [ 19.876955, 50.04686 ], [ 19.879423, 50.046016 ], [ 19.87939, 50.044304 ], [ 19.881858, 50.04346 ], [ 19.884358, 50.044328 ], [ 19.886826, 50.043484 ], [ 19.886794, 50.041772 ], [ 19.884294, 50.040904 ], [ 19.884261, 50.039192 ], [ 19.881762, 50.038323 ], [ 19.881729, 50.036611 ], [ 19.87923, 50.035743 ], [ 19.879198, 50.03403 ], [ 19.876698, 50.033162 ], [ 19.876666, 50.03145 ], [ 19.874167, 50.030581 ], [ 19.871699, 50.031425 ], [ 19.8692, 50.030556 ], [ 19.866732, 50.0314 ], [ 19.866764, 50.033113 ] ] ] } },
{ "type": "Feature", "properties": { "id": "2075941658", "name": "Pychowice", "district_id": "8", "population_est": 714 }, "geometry": { "type": "Polygon", "coordinates": [ [ [ 19.886503, 50.026361 ], [ 19.886535, 50.028073 ], [ 19.884068, 50.028917 ], [ 19.881568, 50.028049 ], [ 19.879101, 50.028893 ], [ 19.879133, 50.030606 ], [ 19.876666, 50.03145 ], [ 19.876698, 50.033162 ], [ 19.879198, 50.03403 ], [ 19.87923, 50.035743 ], [ 19.881729, 50.036611 ], [ 19.881762, 50.038323 ], [ 19.884261, 50.039192 ], [ 19.884294, 50.040904 ], [ 19.886794, 50.041772 ], [ 19.886826, 50.043484 ], [ 19.889326, 50.044352 ], [ 19.891794, 50.043508 ], [ 19.891761, 50.041796 ], [ 19.894229, 50.040952 ], [ 19.896729, 50.04182 ], [ 19.899196, 50.040975 ], [ 19.899164, 50.039263 ], [ 19.901631, 50.038419 ], [ 19.901599, 50.036706 ], [ 19.904066, 50.035862 ], [ 19.904033, 50.03415 ], [ 19.9065, 50.033305 ], [ 19.906468, 50.031592 ], [ 19.903968, 50.030725 ], [ 19.901501, 50.031569 ], [ 19.899001, 50.030701 ], [ 19.898968, 50.028989 ], [ 19.896469, 50.028121 ], [ 19.896436, 50.026408 ], [ 19.893936, 50.02554 ], [ 19.891469, 50.026384 ], [ 19.88897, 50.025516 ], [ 19.886503, 50.026361 ] ] ] } },
{ "type": "Feature", "properties": { "id": "2075941663", "name": "Skotniki", "district_id": "8", "population_est": 332 }, "geometry": { "type": "Polygon", "coordinates": [ [ [ 19.878812, 50.013479 ], [ 19.876313, 50.01261 ], [ 19.873846, 50.013454 ], [ 19.873878, 50.015167 ], [ 19.871412, 50.016011 ], [ 19.871444, 50.017724 ], [ 19.868977, 50.018568 ], [ 19.869008, 50.020281 ], [ 19.871507, 50.02115 ], [ 19.873974, 50.020306 ], [ 19.873942, 50.018593 ], [ 19.876409, 50.017749 ], [ 19.878908, 50.018617 ], [ 19.881375, 50.017773 ], [ 19.881343, 50.01606 ], [ 19.878844, 50.015192 ], [ 19.878812, 50.013479 ] ] ] } },
{ "type": "Feature", "properties": { "id": "2075957336", "name": "Kobierzyn", "district_id": "8", "population_est": 508 }, "geometry": { "type": "Polygon", "coordinates": [ [ [ 19.883617, 50.004938 ], [ 19.886115, 50.005807 ], [ 19.886147, 50.00752 ], [ 19.888646, 50.008388 ], [ 19.888679, 50.010101 ], [ 19.886212, 50.010946 ], [ 19.886244, 50.012659 ], [ 19.888743, 50.013527 ], [ 19.888776, 50.01524 ], [ 19.891275, 50.016108 ], [ 19.893742, 50.015264 ], [ 19.896241, 50.016132 ], [ 19.898707, 50.015287 ], [ 19.898675, 50.013574 ], [ 19.901141, 50.01273 ], [ 19.901109, 50.011017 ], [ 19.903575, 50.010172 ], [ 19.903542, 50.008459 ], [ 19.906009, 50.007614 ], [ 19.905976, 50.005901 ], [ 19.903477, 50.005033 ], [ 19.901011, 50.005878 ], [ 19.898512, 50.005009 ], [ 19.896046, 50.005854 ], [ 19.893547, 50.004986 ], [ 19.893514, 50.003273 ], [ 19.891016, 50.002404 ], [ 19.888549, 50.003249 ], [ 19.886051, 50.00238 ], [ 19.883584, 50.003225 ], [ 19.883617, 50.004938 ] ] ] } },
{ "type": "Feature", "properties": { "id": "2075961613", "name": "Kliny Zacisze", "district_id": "8", "population_est": 449 }, "geometry": { "type": "Polygon", "coordinates": [ [ [ 19.880989, 49.997217 ], [ 19.883488, 49.998085 ], [ 19.88352, 49.999799 ], [ 19.886018, 50.000667 ], [ 19.886051, 50.00238 ], [ 19.888549, 50.003249 ], [ 19.891016, 50.002404 ], [ 19.893514, 50.003273 ], [ 19.893547, 50.004986 ], [ 19.896046, 50.005854 ], [ 19.898512, 50.005009 ], [ 19.901011, 50.005878 ], [ 19.903477, 50.005033 ], [ 19.903444, 50.00332 ], [ 19.90591, 50.002475 ], [ 19.905878, 50.000761 ], [ 19.903379, 49.999893 ], [ 19.900913, 50.000738 ], [ 19.898414, 49.99987 ], [ 19.898382, 49.998157 ], [ 19.895883, 49.997288 ], [ 19.89585, 49.995575 ], [ 19.893352, 49.994707 ], [ 19.890886, 49.995551 ], [ 19.888388, 49.994683 ], [ 19.885921, 49.995528 ], [ 19.883423, 49.994659 ], [ 19.880957, 49.995503 ], [ 19.880989, 49.997217 ] ] ] } },
{ "type": "Feature", "properties": { "id": "2075969083", "name": "Sidzina", "district_id": "8", "population_est": 13 }, "geometry": { "type": "MultiPolygon", "coordinates": [ [ [ [ 19.868403, 49.987732 ], [ 19.870869, 49.986888 ], [ 19.870837, 49.985174 ], [ 19.868339, 49.984305 ], [ 19.865873, 49.985149 ], [ 19.865905, 49.986863 ], [ 19.868403, 49.987732 ] ] ], [ [ [ 19.878363, 49.989494 ], [ 19.875897, 49.990339 ], [ 19.875929, 49.992052 ], [ 19.878427, 49.992921 ], [ 19.878459, 49.994635 ], [ 19.880957, 49.995503 ], [ 19.883423, 49.994659 ], [ 19.883391, 49.992945 ], [ 19.880893, 49.992077 ], [ 19.880861, 49.990363 ], [ 19.878363, 49.989494 ] ] ] ] } },
{ "type": "Feature", "properties": { "id": "2075975123", "name": "Dębniki Zachód", "district_id": "8", "population_est": 17 }, "geometry": { "type": "Polygon", "coordinates": [ [ [ 19.901599, 50.036706 ], [ 19.901631, 50.038419 ], [ 19.899164, 50.039263 ], [ 19.899196, 50.040975 ], [ 19.896729, 50.04182 ], [ 19.894229, 50.040952 ], [ 19.891761, 50.041796 ], [ 19.891794, 50.043508 ], [ 19.889326, 50.044352 ], [ 19.889358, 50.046064 ], [ 19.891859, 50.046932 ], [ 19.894326, 50.046088 ], [ 19.896827, 50.046956 ], [ 19.899294, 50.046112 ], [ 19.899262, 50.0444 ], [ 19.901729, 50.043555 ], [ 19.90423, 50.044423 ], [ 19.906697, 50.043579 ], [ 19.909198, 50.044446 ], [ 19.911665, 50.043602 ], [ 19.911632, 50.04189 ], [ 19.9141, 50.041045 ], [ 19.914067, 50.039333 ], [ 19.911566, 50.038465 ], [ 19.911533, 50.036753 ], [ 19.909033, 50.035885 ], [ 19.909, 50.034173 ], [ 19.9065, 50.033305 ], [ 19.904033, 50.03415 ], [ 19.904066, 50.035862 ], [ 19.901599, 50.036706 ] ] ] } },
{ "type": "Feature", "properties": { "id": "2075975124", "name": "Dębniki", "district_id": "8", "population_est": 486 }, "geometry": { "type": "Polygon", "coordinates": [ [ [ 19.924135, 50.046227 ], [ 19.921667, 50.047072 ], [ 19.9217, 50.048784 ], [ 19.919233, 50.049628 ], [ 19.919266, 50.051341 ], [ 19.921767, 50.052208 ], [ 19.9218, 50.05392 ], [ 19.924301, 50.054787 ], [ 19.924334, 50.056499 ], [ 19.926835, 50.057366 ], [ 19.929303, 50.056521 ], [ 19.92927, 50.054809 ], [ 19.931737, 50.053965 ], [ 19.931704, 50.052253 ], [ 19.934171, 50.051408 ], [ 19.934138, 50.049696 ], [ 19.931637, 50.048828 ], [ 19.92917, 50.049673 ], [ 19.926669, 50.048806 ], [ 19.926635, 50.047094 ], [ 19.924135, 50.046227 ] ] ] } },
{ "type": "Feature", "properties": { "id": "2075977521", "name": "Zakrzówek", "district_id": "8", "population_est": 269 }, "geometry": { "type": "Polygon", "coordinates": [ [ [ 19.911566, 50.038465 ], [ 19.914067, 50.039333 ], [ 19.9141, 50.041045 ], [ 19.911632, 50.04189 ], [ 19.911665, 50.043602 ], [ 19.914165, 50.044469 ], [ 19.914198, 50.046182 ], [ 19.916699, 50.047049 ], [ 19.919167, 50.046204 ], [ 19.921667, 50.047072 ], [ 19.924135, 50.046227 ], [ 19.924101, 50.044515 ], [ 19.926569, 50.04367 ], [ 19.926536, 50.041958 ], [ 19.924035, 50.04109 ], [ 19.924002, 50.039378 ], [ 19.926469, 50.038533 ], [ 19.926436, 50.036821 ], [ 19.923935, 50.035953 ], [ 19.921468, 50.036798 ], [ 19.918968, 50.035931 ], [ 19.916501, 50.036776 ], [ 19.914001, 50.035908 ], [ 19.911533, 50.036753 ], [ 19.911566, 50.038465 ] ] ] } },
{ "type": "Feature", "properties": { "id": "2075993648", "name": "Łagiewniki", "district_id": "9", "population_est": 795 }, "geometry": { "type": "Polygon", "coordinates": [ [ [ 19.933536, 50.018872 ], [ 19.93357, 50.020585 ], [ 19.936069, 50.021452 ], [ 19.936103, 50.023165 ], [ 19.933636, 50.02401 ], [ 19.93367, 50.025723 ], [ 19.93617, 50.02659 ], [ 19.936203, 50.028303 ], [ 19.938704, 50.02917 ], [ 19.938737, 50.030882 ], [ 19.941238, 50.03175 ], [ 19.941271, 50.033462 ], [ 19.943772, 50.034329 ], [ 19.946239, 50.033484 ], [ 19.946205, 50.031771 ], [ 19.948672, 50.030926 ], [ 19.951172, 50.031792 ], [ 19.953639, 50.030947 ], [ 19.953605, 50.029234 ], [ 19.951105, 50.028367 ], [ 19.951071, 50.026655 ], [ 19.94857, 50.025788 ], [ 19.948537, 50.024075 ], [ 19.951003, 50.02323 ], [ 19.950969, 50.021517 ], [ 19.948469, 50.02065 ], [ 19.948435, 50.018937 ], [ 19.950901, 50.018091 ], [ 19.950868, 50.016378 ], [ 19.948368, 50.015511 ], [ 19.945901, 50.016357 ], [ 19.943401, 50.01549 ], [ 19.940935, 50.016335 ], [ 19.938435, 50.015468 ], [ 19.935969, 50.016314 ], [ 19.936003, 50.018027 ], [ 19.933536, 50.018872 ] ] ] } },
{ "type": "Feature", "properties": { "id": "2076003858", "name": "Stare Podgórze", "district_id": "13", "population_est": 581 }, "geometry": { "type": "Polygon", "coordinates": [ [ [ 19.938804, 50.034307 ], [ 19.938838, 50.03602 ], [ 19.941338, 50.036887 ], [ 19.941372, 50.038599 ], [ 19.938905, 50.039444 ], [ 19.938939, 50.041157 ], [ 19.941439, 50.042024 ], [ 19.941473, 50.043736 ], [ 19.939006, 50.044581 ], [ 19.939039, 50.046293 ], [ 19.94154, 50.04716 ], [ 19.944008, 50.046315 ], [ 19.946509, 50.047182 ], [ 19.946542, 50.048894 ], [ 19.949043, 50.049761 ], [ 19.951511, 50.048915 ], [ 19.954012, 50.049782 ], [ 19.956479, 50.048937 ], [ 19.956445, 50.047224 ], [ 19.953944, 50.046358 ], [ 19.95391, 50.044646 ], [ 19.951409, 50.043779 ], [ 19.951375, 50.042067 ], [ 19.948874, 50.0412 ], [ 19.948841, 50.039488 ], [ 19.94634, 50.038621 ], [ 19.946306, 50.036908 ], [ 19.943805, 50.036041 ], [ 19.943772, 50.034329 ], [ 19.941271, 50.033462 ], [ 19.938804, 50.034307 ] ] ] } },
{ "type": "Feature", "properties": { "id": "2076009986", "name": "Płaszów", "district_id": "13", "population_est": 513 }, "geometry": { "type": "Polygon", "coordinates": [ [ [ 19.983547, 50.036207 ], [ 19.98108, 50.037054 ], [ 19.981115, 50.038766 ], [ 19.983616, 50.039632 ], [ 19.983651, 50.041344 ], [ 19.986152, 50.042211 ], [ 19.986187, 50.043923 ], [ 19.988689, 50.044789 ], [ 19.991155, 50.043942 ], [ 19.993657, 50.044808 ], [ 19.996124, 50.043962 ], [ 19.996089, 50.04225 ], [ 19.998555, 50.041403 ], [ 19.998521, 50.039691 ], [ 19.996019, 50.038825 ], [ 19.995984, 50.037113 ], [ 19.998451, 50.036266 ], [ 19.998416, 50.034554 ], [ 19.995914, 50.033688 ], [ 19.995879, 50.031975 ], [ 19.993378, 50.031109 ], [ 19.990912, 50.031956 ], [ 19.990947, 50.033668 ], [ 19.98848, 50.034515 ], [ 19.985979, 50.033649 ], [ 19.983512, 50.034495 ], [ 19.983547, 50.036207 ] ] ] } },
{ "type": "Feature", "properties": { "id": "2076012435", "name": "Zabłocie", "district_id": "13", "population_est": 167 }, "geometry": { "type": "Polygon", "coordinates": [ [ [ 19.963881, 50.0464 ], [ 19.961414, 50.047245 ], [ 19.961448, 50.048958 ], [ 19.958981, 50.049803 ], [ 19.959015, 50.051515 ], [ 19.961516, 50.052382 ], [ 19.963983, 50.051536 ], [ 19.966485, 50.052402 ], [ 19.966519, 50.054114 ], [ 19.969021, 50.054981 ], [ 19.969055, 50.056693 ], [ 19.971557, 50.057559 ], [ 19.974024, 50.056713 ], [ 19.97399, 50.055001 ], [ 19.976457, 50.054155 ], [ 19.978959, 50.055021 ], [ 19.981426, 50.054175 ], [ 19.981391, 50.052463 ], [ 19.983859, 50.051617 ], [ 19.983824, 50.049905 ], [ 19.981322, 50.049039 ], [ 19.978855, 50.049885 ], [ 19.976354, 50.049019 ], [ 19.976319, 50.047307 ], [ 19.973818, 50.046441 ], [ 19.973783, 50.044729 ], [ 19.971282, 50.043862 ], [ 19.968815, 50.044708 ], [ 19.966314, 50.043842 ], [ 19.963847, 50.044688 ], [ 19.963881, 50.0464 ] ] ] } },
{ "type": "Feature", "properties": { "id": "2076081899", "name": "Bielany", "district_id": "7", "population_est": 435 }, "geometry": { "type": "Polygon", "coordinates": [ [ [ 19.81466, 50.035408 ], [ 19.812191, 50.036251 ], [ 19.812222, 50.037963 ], [ 19.814721, 50.038833 ], [ 19.814751, 50.040545 ], [ 19.81725, 50.041415 ], [ 19.819718, 50.040572 ], [ 19.822217, 50.041442 ], [ 19.822248, 50.043154 ], [ 19.824747, 50.044023 ], [ 19.827216, 50.04318 ], [ 19.829715, 50.04405 ], [ 19.832183, 50.043207 ], [ 19.834682, 50.044076 ], [ 19.834713, 50.045788 ], [ 19.837213, 50.046657 ], [ 19.839681, 50.045814 ], [ 19.83965, 50.044102 ], [ 19.83715, 50.043233 ], [ 19.837119, 50.041521 ], [ 19.83462, 50.040652 ], [ 19.834589, 50.03894 ], [ 19.83209, 50.03807 ], [ 19.829622, 50.038913 ], [ 19.827123, 50.038044 ], [ 19.827092, 50.036332 ], [ 19.824593, 50.035462 ], [ 19.824562, 50.03375 ], [ 19.822063, 50.03288 ], [ 19.819596, 50.033723 ], [ 19.817097, 50.032853 ], [ 19.814629, 50.033696 ], [ 19.81466, 50.035408 ] ] ] } },
{ "type": "Feature", "properties": { "id": "2076081912", "name": "Wola Justowska", "district_id": "7", "population_est": 1161 }, "geometry": { "type": "Polygon", "coordinates": [ [ [ 19.862273, 50.058769 ], [ 19.859805, 50.059612 ], [ 19.859837, 50.061324 ], [ 19.857368, 50.062167 ], [ 19.8574, 50.063879 ], [ 19.8599, 50.064748 ], [ 19.859932, 50.066459 ], [ 19.857463, 50.067302 ], [ 19.857495, 50.069014 ], [ 19.859995, 50.069882 ], [ 19.860027, 50.071594 ], [ 19.857558, 50.072437 ], [ 19.85759, 50.074148 ], [ 19.86009, 50.075017 ], [ 19.860122, 50.076728 ], [ 19.862623, 50.077596 ], [ 19.862654, 50.079308 ], [ 19.865155, 50.080176 ], [ 19.867625, 50.079333 ], [ 19.867593, 50.077621 ], [ 19.870062, 50.076778 ], [ 19.87003, 50.075067 ], [ 19.872499, 50.074223 ], [ 19.872467, 50.072512 ], [ 19.874935, 50.071669 ], [ 19.874903, 50.069957 ], [ 19.877372, 50.069114 ], [ 19.87734, 50.067402 ], [ 19.879809, 50.066558 ], [ 19.879776, 50.064847 ], [ 19.882245, 50.064003 ], [ 19.882213, 50.062291 ], [ 19.879712, 50.061423 ], [ 19.87968, 50.059712 ], [ 19.877179, 50.058844 ], [ 19.874711, 50.059687 ], [ 19.872211, 50.058819 ], [ 19.869742, 50.059662 ], [ 19.867242, 50.058794 ], [ 19.86721, 50.057082 ], [ 19.86471, 50.056214 ], [ 19.862242, 50.057057 ], [ 19.862273, 50.058769 ] ] ] } },
{ "type": "Feature", "properties": { "id": "2078017435", "name": "Żabiniec", "district_id": "4", "population_est": 328 }, "geometry": { "type": "Polygon", "coordinates": [ [ [ 19.934774, 50.082217 ], [ 19.932305, 50.083062 ], [ 19.932339, 50.084773 ], [ 19.934841, 50.08564 ], [ 19.934874, 50.087351 ], [ 19.937377, 50.088217 ], [ 19.939845, 50.087373 ], [ 19.942348, 50.088239 ], [ 19.942381, 50.08995 ], [ 19.944884, 50.090817 ], [ 19.947353, 50.089972 ], [ 19.949855, 50.090838 ], [ 19.952324, 50.089994 ], [ 19.95229, 50.088282 ], [ 19.949788, 50.087416 ], [ 19.949754, 50.085705 ], [ 19.947251, 50.084839 ], [ 19.947217, 50.083127 ], [ 19.944715, 50.082261 ], [ 19.944682, 50.08055 ], [ 19.942179, 50.079683 ], [ 19.939711, 50.080528 ], [ 19.937209, 50.079661 ], [ 19.93474, 50.080506 ], [ 19.934774, 50.082217 ] ] ] } },
{ "type": "Feature", "properties": { "id": "2078042005", "name": "Olsza II", "district_id": "3", "population_est": 502 }, "geometry": { "type": "Polygon", "coordinates": [ [ [ 19.964462, 50.0755 ], [ 19.961959, 50.074634 ], [ 19.959491, 50.07548 ], [ 19.959525, 50.077191 ], [ 19.957057, 50.078036 ], [ 19.957091, 50.079748 ], [ 19.959594, 50.080614 ], [ 19.959628, 50.082325 ], [ 19.96213, 50.083191 ], [ 19.964598, 50.082346 ], [ 19.964564, 50.080635 ], [ 19.967033, 50.079789 ], [ 19.966998, 50.078078 ], [ 19.964496, 50.077212 ], [ 19.964462, 50.0755 ] ] ] } },
{ "type": "Feature", "properties": { "id": "2078042010", "name": "Rakowice", "district_id": "3", "population_est": 437 }, "geometry": { "type": "Polygon", "coordinates": [ [ [ 19.966896, 50.072944 ], [ 19.96693, 50.074655 ], [ 19.964462, 50.0755 ], [ 19.964496, 50.077212 ], [ 19.966998, 50.078078 ], [ 19.969466, 50.077233 ], [ 19.971969, 50.078099 ], [ 19.972003, 50.07981 ], [ 19.974506, 50.080676 ], [ 19.976974, 50.07983 ], [ 19.97694, 50.078119 ], [ 19.979408, 50.077273 ], [ 19.979373, 50.075562 ], [ 19.976871, 50.074696 ], [ 19.976836, 50.072985 ], [ 19.974334, 50.072119 ], [ 19.971866, 50.072964 ], [ 19.969364, 50.072098 ], [ 19.966896, 50.072944 ] ] ] } },
{ "type": "Feature", "properties": { "id": "2078061213", "name": "Kleparz", "district_id": "1", "population_est": 370 }, "geometry": { "type": "Polygon", "coordinates": [ [ [ 19.941877, 50.064279 ], [ 19.939409, 50.065124 ], [ 19.939442, 50.066836 ], [ 19.936974, 50.067681 ], [ 19.937008, 50.069392 ], [ 19.934539, 50.070237 ], [ 19.934573, 50.071949 ], [ 19.937075, 50.072816 ], [ 19.939543, 50.071971 ], [ 19.942045, 50.072837 ], [ 19.942078, 50.074549 ], [ 19.94458, 50.075416 ], [ 19.947049, 50.074571 ], [ 19.947015, 50.072859 ], [ 19.949483, 50.072014 ], [ 19.951985, 50.072881 ], [ 19.954453, 50.072035 ], [ 19.954419, 50.070324 ], [ 19.951917, 50.069457 ], [ 19.949449, 50.070303 ], [ 19.946947, 50.069436 ], [ 19.946914, 50.067724 ], [ 19.944412, 50.066858 ], [ 19.944378, 50.065146 ], [ 19.941877, 50.064279 ] ] ] } },
{ "type": "Feature", "properties": { "id": "2078061214", "name": "Osiedle Oficerskie", "district_id": "2", "population_est": 791 }, "geometry": { "type": "Polygon", "coordinates": [ [ [ 19.959287, 50.06521 ], [ 19.959321, 50.066922 ], [ 19.956853, 50.067767 ], [ 19.956887, 50.069479 ], [ 19.954419, 50.070324 ], [ 19.954453, 50.072035 ], [ 19.956955, 50.072902 ], [ 19.956989, 50.074613 ], [ 19.959491, 50.07548 ], [ 19.961959, 50.074634 ], [ 19.964462, 50.0755 ], [ 19.96693, 50.074655 ], [ 19.966896, 50.072944 ], [ 19.969364, 50.072098 ], [ 19.971866, 50.072964 ], [ 19.974334, 50.072119 ], [ 19.974299, 50.070407 ], [ 19.976767, 50.069561 ], [ 19.976733, 50.06785 ], [ 19.974231, 50.066984 ], [ 19.974196, 50.065272 ], [ 19.971694, 50.064406 ], [ 19.969226, 50.065252 ], [ 19.966724, 50.064386 ], [ 19.964257, 50.065231 ], [ 19.961755, 50.064365 ], [ 19.959287, 50.06521 ] ] ] } },
{ "type": "Feature", "properties": { "id": "2078069055", "name": "Kazimierz", "district_id": "1", "population_est": 631 }, "geometry": { "type": "Polygon", "coordinates": [ [ [ 19.94154, 50.04716 ], [ 19.941574, 50.048872 ], [ 19.944075, 50.049739 ], [ 19.944109, 50.051451 ], [ 19.941641, 50.052296 ], [ 19.941675, 50.054008 ], [ 19.944176, 50.054875 ], [ 19.94421, 50.056587 ], [ 19.946711, 50.057454 ], [ 19.949179, 50.056609 ], [ 19.95168, 50.057475 ], [ 19.954148, 50.05663 ], [ 19.954114, 50.054918 ], [ 19.956581, 50.054073 ], [ 19.956547, 50.052361 ], [ 19.959015, 50.051515 ], [ 19.958981, 50.049803 ], [ 19.956479, 50.048937 ], [ 19.954012, 50.049782 ], [ 19.951511, 50.048915 ], [ 19.949043, 50.049761 ], [ 19.946542, 50.048894 ], [ 19.946509, 50.047182 ], [ 19.944008, 50.046315 ], [ 19.94154, 50.04716 ] ] ] } },
{ "type": "Feature", "properties": { "id": "2078069056", "name": "Nowy Świat", "district_id": "1", "population_est": 314 }, "geometry": { "type": "Polygon", "coordinates": [ [ [ 19.92927, 50.054809 ], [ 19.929303, 50.056521 ], [ 19.926835, 50.057366 ], [ 19.926868, 50.059078 ], [ 19.9244, 50.059923 ], [ 19.924434, 50.061634 ], [ 19.926935, 50.062501 ], [ 19.929403, 50.061657 ], [ 19.92937, 50.059945 ], [ 19.931837, 50.0591 ], [ 19.934339, 50.059967 ], [ 19.936806, 50.059122 ], [ 19.936773, 50.05741 ], [ 19.939241, 50.056565 ], [ 19.939207, 50.054853 ], [ 19.936706, 50.053987 ], [ 19.934238, 50.054832 ], [ 19.931737, 50.053965 ], [ 19.92927, 50.054809 ] ] ] } },
{ "type": "Feature", "properties": { "id": "2078088548", "name": "Czyżyny", "district_id": "14", "population_est": 314 }, "geometry": { "type": "Polygon", "coordinates": [ [ [ 20.011558, 50.069698 ], [ 20.009091, 50.070545 ], [ 20.009126, 50.072256 ], [ 20.011629, 50.073121 ], [ 20.011664, 50.074833 ], [ 20.014167, 50.075698 ], [ 20.016635, 50.074852 ], [ 20.019138, 50.075717 ], [ 20.021606, 50.07487 ], [ 20.02157, 50.073159 ], [ 20.024038, 50.072312 ], [ 20.024002, 50.0706 ], [ 20.026469, 50.069754 ], [ 20.026434, 50.068042 ], [ 20.023931, 50.067177 ], [ 20.021464, 50.068024 ], [ 20.018961, 50.067159 ], [ 20.016493, 50.068005 ], [ 20.013991, 50.06714 ], [ 20.011523, 50.067987 ], [ 20.011558, 50.069698 ] ] ] } },
{ "type": "Feature", "properties": { "id": "2078088568", "name": "Dąbie", "district_id": "2", "population_est": 159 }, "geometry": { "type": "Polygon", "coordinates": [ [ [ 19.983859, 50.051617 ], [ 19.981391, 50.052463 ], [ 19.981426, 50.054175 ], [ 19.978959, 50.055021 ], [ 19.976457, 50.054155 ], [ 19.97399, 50.055001 ], [ 19.974024, 50.056713 ], [ 19.971557, 50.057559 ], [ 19.971591, 50.059271 ], [ 19.974093, 50.060137 ], [ 19.974127, 50.061849 ], [ 19.976629, 50.062715 ], [ 19.979097, 50.061869 ], [ 19.981599, 50.062735 ], [ 19.984066, 50.061889 ], [ 19.984032, 50.060177 ], [ 19.986499, 50.059331 ], [ 19.986464, 50.057619 ], [ 19.988932, 50.056773 ], [ 19.988897, 50.055061 ], [ 19.986395, 50.054195 ], [ 19.98636, 50.052483 ], [ 19.983859, 50.051617 ] ] ] } },
{ "type": "Feature", "properties": { "id": "2078088584", "name": "Kujawy", "district_id": "18", "population_est": 1 }, "geometry": { "type": "Polygon", "coordinates": [ [ [ 20.090752, 50.054565 ], [ 20.093256, 50.055429 ], [ 20.093293, 50.057141 ], [ 20.090826, 50.057989 ], [ 20.090864, 50.059701 ], [ 20.093367, 50.060564 ], [ 20.093405, 50.062276 ], [ 20.095908, 50.06314 ], [ 20.098375, 50.062292 ], [ 20.100879, 50.063155 ], [ 20.103345, 50.062306 ], [ 20.103308, 50.060595 ], [ 20.100804, 50.059731 ], [ 20.100766, 50.058019 ], [ 20.103233, 50.057171 ], [ 20.103195, 50.055459 ], [ 20.100692, 50.054595 ], [ 20.100654, 50.052883 ], [ 20.098151, 50.05202 ], [ 20.095685, 50.052868 ], [ 20.093181, 50.052004 ], [ 20.090715, 50.052853 ], [ 20.090752, 50.054565 ] ] ] } },
{ "type": "Feature", "properties": { "id": "2078088588", "name": "Mogiła Wschód", "district_id": "18", "population_est": 2 }, "geometry": { "type": "Polygon", "coordinates": [ [ [ 20.085671, 50.049413 ], [ 20.083205, 50.050261 ], [ 20.083242, 50.051974 ], [ 20.080776, 50.052822 ], [ 20.078273, 50.051958 ], [ 20.075806, 50.052806 ], [ 20.075843, 50.054518 ], [ 20.078346, 50.055382 ], [ 20.078383, 50.057094 ], [ 20.080887, 50.057958 ], [ 20.080924, 50.05967 ], [ 20.078457, 50.060518 ], [ 20.078494, 50.06223 ], [ 20.080998, 50.063093 ], [ 20.081034, 50.064805 ], [ 20.083538, 50.065669 ], [ 20.086005, 50.064821 ], [ 20.088509, 50.065685 ], [ 20.090975, 50.064836 ], [ 20.090938, 50.063125 ], [ 20.093405, 50.062276 ], [ 20.093367, 50.060564 ], [ 20.090864, 50.059701 ], [ 20.090826, 50.057989 ], [ 20.093293, 50.057141 ], [ 20.093256, 50.055429 ], [ 20.090752, 50.054565 ], [ 20.090715, 50.052853 ], [ 20.093181, 50.052004 ], [ 20.093144, 50.050292 ], [ 20.090641, 50.049429 ], [ 20.088175, 50.050277 ], [ 20.085671, 50.049413 ] ] ] } },
{ "type": "Feature", "properties": { "id": "2078088593", "name": "Mogiła", "district_id": "18", "population_est": 120 }, "geometry": { "type": "Polygon", "coordinates": [ [ [ 20.063474, 50.057045 ], [ 20.061007, 50.057893 ], [ 20.061044, 50.059605 ], [ 20.058577, 50.060452 ], [ 20.058614, 50.062164 ], [ 20.056147, 50.063012 ], [ 20.056183, 50.064724 ], [ 20.053716, 50.065571 ], [ 20.053752, 50.067283 ], [ 20.051285, 50.06813 ], [ 20.051322, 50.069842 ], [ 20.053825, 50.070706 ], [ 20.053861, 50.072418 ], [ 20.056365, 50.073282 ], [ 20.058832, 50.072435 ], [ 20.058796, 50.070723 ], [ 20.061263, 50.069875 ], [ 20.061226, 50.068164 ], [ 20.063693, 50.067316 ], [ 20.063657, 50.065604 ], [ 20.066124, 50.064757 ], [ 20.066087, 50.063045 ], [ 20.068554, 50.062197 ], [ 20.068517, 50.060485 ], [ 20.066014, 50.059621 ], [ 20.065977, 50.057909 ], [ 20.063474, 50.057045 ] ] ] } },
{ "type": "Feature", "properties": { "id": "2078088607", "name": "Pleszów", "district_id": "18", "population_est": 114 }, "geometry": { "type": "Polygon", "coordinates": [ [ [ 20.103458, 50.067442 ], [ 20.105962, 50.068305 ], [ 20.105999, 50.070017 ], [ 20.103532, 50.070865 ], [ 20.10357, 50.072577 ], [ 20.101103, 50.073425 ], [ 20.101141, 50.075137 ], [ 20.103645, 50.076 ], [ 20.103682, 50.077712 ], [ 20.101215, 50.07856 ], [ 20.101253, 50.080271 ], [ 20.098786, 50.08112 ], [ 20.098823, 50.082831 ], [ 20.101328, 50.083694 ], [ 20.101365, 50.085405 ], [ 20.10387, 50.086269 ], [ 20.106337, 50.08542 ], [ 20.108842, 50.086283 ], [ 20.111309, 50.085435 ], [ 20.111271, 50.083724 ], [ 20.113738, 50.082875 ], [ 20.116243, 50.083738 ], [ 20.11871, 50.08289 ], [ 20.121215, 50.083752 ], [ 20.123682, 50.082904 ], [ 20.123644, 50.081192 ], [ 20.126111, 50.080344 ], [ 20.126073, 50.078632 ], [ 20.123568, 50.077769 ], [ 20.12353, 50.076058 ], [ 20.125997, 50.075209 ], [ 20.125959, 50.073497 ], [ 20.123454, 50.072635 ], [ 20.123416, 50.070923 ], [ 20.125883, 50.070074 ], [ 20.125845, 50.068362 ], [ 20.12334, 50.0675 ], [ 20.123302, 50.065788 ], [ 20.120798, 50.064925 ], [ 20.118332, 50.065774 ], [ 20.115828, 50.064911 ], [ 20.11579, 50.063199 ], [ 20.113286, 50.062336 ], [ 20.110819, 50.063184 ], [ 20.108315, 50.062321 ], [ 20.105849, 50.06317 ], [ 20.105887, 50.064882 ], [ 20.10342, 50.06573 ], [ 20.103458, 50.067442 ] ] ] } },
{ "type": "Feature", "properties": { "id": "2078092492", "name": "Branice", "district_id": "18", "population_est": 182 }, "geometry": { "type": "Polygon", "coordinates": [ [ [ 20.12334, 50.0675 ], [ 20.125845, 50.068362 ], [ 20.125883, 50.070074 ], [ 20.123416, 50.070923 ], [ 20.123454, 50.072635 ], [ 20.125959, 50.073497 ], [ 20.125997, 50.075209 ], [ 20.12353, 50.076058 ], [ 20.123568, 50.077769 ], [ 20.126073, 50.078632 ], [ 20.126111, 50.080344 ], [ 20.128616, 50.081206 ], [ 20.131083, 50.080357 ], [ 20.133588, 50.08122 ], [ 20.136054, 50.080371 ], [ 20.136016, 50.07866 ], [ 20.138483, 50.077811 ], [ 20.140988, 50.078673 ], [ 20.143454, 50.077824 ], [ 20.145959, 50.078686 ], [ 20.148426, 50.077837 ], [ 20.150931, 50.078699 ], [ 20.153397, 50.07785 ], [ 20.153359, 50.076138 ], [ 20.150854, 50.075276 ], [ 20.150815, 50.073564 ], [ 20.153281, 50.072715 ], [ 20.153243, 50.071003 ], [ 20.150738, 50.070141 ], [ 20.150699, 50.068429 ], [ 20.153165, 50.06758 ], [ 20.153127, 50.065868 ], [ 20.150622, 50.065006 ], [ 20.148156, 50.065855 ], [ 20.145651, 50.064993 ], [ 20.145613, 50.063281 ], [ 20.143108, 50.062419 ], [ 20.140642, 50.063268 ], [ 20.138138, 50.062405 ], [ 20.135672, 50.063254 ], [ 20.133167, 50.062392 ], [ 20.130701, 50.063241 ], [ 20.128197, 50.062378 ], [ 20.125731, 50.063227 ], [ 20.125769, 50.064939 ], [ 20.123302, 50.065788 ], [ 20.12334, 50.0675 ] ] ] } },
{ "type": "Feature", "properties": { "id": "2078114594", "name": "Kościelniki", "district_id": "18", "population_est": 26 }, "geometry": { "type": "Polygon", "coordinates": [ [ [ 20.183582, 50.093325 ], [ 20.183543, 50.091613 ], [ 20.181037, 50.090752 ], [ 20.17857, 50.091602 ], [ 20.178609, 50.093313 ], [ 20.176143, 50.094163 ], [ 20.176182, 50.095874 ], [ 20.178688, 50.096735 ], [ 20.178727, 50.098446 ], [ 20.181234, 50.099308 ], [ 20.183701, 50.098458 ], [ 20.183661, 50.096747 ], [ 20.181155, 50.095886 ], [ 20.181116, 50.094174 ], [ 20.183582, 50.093325 ] ] ] } },
{ "type": "Feature", "properties": { "id": "2078114596", "name": "Przylasek Rusiecki", "district_id": "18", "population_est": 133 }, "geometry": { "type": "Polygon", "coordinates": [ [ [ 20.160175, 50.047911 ], [ 20.160214, 50.049623 ], [ 20.157749, 50.050473 ], [ 20.157788, 50.052185 ], [ 20.155322, 50.053035 ], [ 20.152818, 50.052172 ], [ 20.150352, 50.053022 ], [ 20.150391, 50.054734 ], [ 20.152895, 50.055597 ], [ 20.152934, 50.057309 ], [ 20.155438, 50.058171 ], [ 20.155477, 50.059883 ], [ 20.153011, 50.060732 ], [ 20.15305, 50.062444 ], [ 20.155554, 50.063307 ], [ 20.15802, 50.062457 ], [ 20.157981, 50.060745 ], [ 20.160447, 50.059895 ], [ 20.162952, 50.060758 ], [ 20.165418, 50.059908 ], [ 20.167922, 50.06077 ], [ 20.170388, 50.05992 ], [ 20.170349, 50.058208 ], [ 20.172815, 50.057358 ], [ 20.172776, 50.055646 ], [ 20.170271, 50.054784 ], [ 20.170232, 50.053072 ], [ 20.172697, 50.052221 ], [ 20.172658, 50.050509 ], [ 20.170154, 50.049647 ], [ 20.167688, 50.050497 ], [ 20.165184, 50.049635 ], [ 20.165145, 50.047923 ], [ 20.162641, 50.047061 ], [ 20.160175, 50.047911 ] ] ] } },
{ "type": "Feature", "properties": { "id": "2078114597", "name": "Ruszcza", "district_id": "18", "population_est": 148 }, "geometry": { "type": "Polygon", "coordinates": [ [ [ 20.136054, 50.080371 ], [ 20.133588, 50.08122 ], [ 20.131083, 50.080357 ], [ 20.128616, 50.081206 ], [ 20.126111, 50.080344 ], [ 20.123644, 50.081192 ], [ 20.123682, 50.082904 ], [ 20.126187, 50.083766 ], [ 20.126225, 50.085478 ], [ 20.12873, 50.08634 ], [ 20.128768, 50.088052 ], [ 20.131273, 50.088914 ], [ 20.131311, 50.090625 ], [ 20.133817, 50.091488 ], [ 20.133855, 50.093199 ], [ 20.13636, 50.094061 ], [ 20.136399, 50.095772 ], [ 20.138904, 50.096635 ], [ 20.138943, 50.098346 ], [ 20.141448, 50.099208 ], [ 20.141487, 50.100919 ], [ 20.143992, 50.101781 ], [ 20.14646, 50.100932 ], [ 20.148966, 50.101794 ], [ 20.151433, 50.100945 ], [ 20.151394, 50.099234 ], [ 20.153862, 50.098385 ], [ 20.153823, 50.096674 ], [ 20.15629, 50.095825 ], [ 20.156251, 50.094114 ], [ 20.158718, 50.093264 ], [ 20.15868, 50.091553 ], [ 20.161146, 50.090704 ], [ 20.161108, 50.088993 ], [ 20.158602, 50.088131 ], [ 20.158563, 50.086419 ], [ 20.16103, 50.08557 ], [ 20.160991, 50.083859 ], [ 20.158486, 50.082997 ], [ 20.158447, 50.081285 ], [ 20.155941, 50.080423 ], [ 20.155903, 50.078712 ], [ 20.153397, 50.07785 ], [ 20.150931, 50.078699 ], [ 20.148426, 50.077837 ], [ 20.145959, 50.078686 ], [ 20.143454, 50.077824 ], [ 20.140988, 50.078673 ], [ 20.138483, 50.077811 ], [ 20.136016, 50.07866 ], [ 20.136054, 50.080371 ] ] ] } },
{ "type": "Feature", "properties": { "id": "2078389861", "name": "Prokocim", "district_id": "12", "population_est": 360 }, "geometry": { "type": "Polygon", "coordinates": [ [ [ 19.993134, 50.019121 ], [ 19.990633, 50.018254 ], [ 19.988168, 50.019101 ], [ 19.988202, 50.020814 ], [ 19.985736, 50.02166 ], [ 19.985771, 50.023373 ], [ 19.988272, 50.024239 ], [ 19.990738, 50.023393 ], [ 19.993239, 50.024259 ], [ 19.993274, 50.025972 ], [ 19.995775, 50.026838 ], [ 19.998241, 50.025991 ], [ 19.998206, 50.024278 ], [ 19.995705, 50.023412 ], [ 19.99567, 50.021699 ], [ 19.993169, 50.020833 ], [ 19.993134, 50.019121 ] ] ] } },
{ "type": "Feature", "properties": { "id": "2078389863", "name": "Przewóz", "district_id": "13", "population_est": 180 }, "geometry": { "type": "Polygon", "coordinates": [ [ [ 20.055529, 50.033905 ], [ 20.053063, 50.034753 ], [ 20.053099, 50.036465 ], [ 20.055602, 50.03733 ], [ 20.055638, 50.039042 ], [ 20.053172, 50.03989 ], [ 20.053208, 50.041602 ], [ 20.055711, 50.042467 ], [ 20.055747, 50.044179 ], [ 20.05825, 50.045044 ], [ 20.060716, 50.044196 ], [ 20.063218, 50.04506 ], [ 20.065685, 50.044213 ], [ 20.065648, 50.0425 ], [ 20.063145, 50.041636 ], [ 20.063109, 50.039923 ], [ 20.065575, 50.039076 ], [ 20.065538, 50.037363 ], [ 20.063036, 50.036499 ], [ 20.062999, 50.034786 ], [ 20.065465, 50.033938 ], [ 20.065429, 50.032226 ], [ 20.062926, 50.031361 ], [ 20.060461, 50.032209 ], [ 20.057958, 50.031345 ], [ 20.055493, 50.032192 ], [ 20.055529, 50.033905 ] ] ] } },
{ "type": "Feature", "properties": { "id": "2078389864", "name": "Rybitwy", "district_id": "13", "population_est": 128 }, "geometry": { "type": "Polygon", "coordinates": [ [ [ 20.030796, 50.038955 ], [ 20.033298, 50.039821 ], [ 20.033334, 50.041533 ], [ 20.030868, 50.04238 ], [ 20.030903, 50.044092 ], [ 20.033406, 50.044957 ], [ 20.033441, 50.04667 ], [ 20.035944, 50.047535 ], [ 20.03598, 50.049247 ], [ 20.038482, 50.050112 ], [ 20.040949, 50.049264 ], [ 20.040913, 50.047552 ], [ 20.043379, 50.046705 ], [ 20.043343, 50.044993 ], [ 20.040841, 50.044128 ], [ 20.040805, 50.042416 ], [ 20.043271, 50.041568 ], [ 20.043235, 50.039856 ], [ 20.040733, 50.038991 ], [ 20.040697, 50.037278 ], [ 20.038195, 50.036413 ], [ 20.035729, 50.037261 ], [ 20.033227, 50.036396 ], [ 20.03076, 50.037243 ], [ 20.030796, 50.038955 ] ] ] } },
{ "type": "Feature", "properties": { "id": "2078395475", "name": "Kozłówka", "district_id": "12", "population_est": 423 }, "geometry": { "type": "Polygon", "coordinates": [ [ [ 19.975734, 50.018195 ], [ 19.973268, 50.019041 ], [ 19.973302, 50.020754 ], [ 19.970836, 50.0216 ], [ 19.97087, 50.023313 ], [ 19.973371, 50.024179 ], [ 19.975837, 50.023333 ], [ 19.978338, 50.0242 ], [ 19.980804, 50.023353 ], [ 19.983305, 50.02422 ], [ 19.985771, 50.023373 ], [ 19.985736, 50.02166 ], [ 19.988202, 50.020814 ], [ 19.988168, 50.019101 ], [ 19.990633, 50.018254 ], [ 19.990599, 50.016542 ], [ 19.988098, 50.015675 ], [ 19.985632, 50.016522 ], [ 19.983132, 50.015656 ], [ 19.980666, 50.016502 ], [ 19.978165, 50.015636 ], [ 19.975699, 50.016482 ], [ 19.975734, 50.018195 ] ] ] } },
{ "type": "Feature", "properties": { "id": "2078395478", "name": "Wola Duchacka", "district_id": "11", "population_est": 873 }, "geometry": { "type": "Polygon", "coordinates": [ [ [ 19.948435, 50.018937 ], [ 19.948469, 50.02065 ], [ 19.950969, 50.021517 ], [ 19.951003, 50.02323 ], [ 19.948537, 50.024075 ], [ 19.94857, 50.025788 ], [ 19.951071, 50.026655 ], [ 19.951105, 50.028367 ], [ 19.953605, 50.029234 ], [ 19.953639, 50.030947 ], [ 19.95614, 50.031814 ], [ 19.958606, 50.030968 ], [ 19.958572, 50.029255 ], [ 19.961039, 50.02841 ], [ 19.963539, 50.029276 ], [ 19.966006, 50.02843 ], [ 19.965972, 50.026718 ], [ 19.968438, 50.025872 ], [ 19.968404, 50.024159 ], [ 19.97087, 50.023313 ], [ 19.970836, 50.0216 ], [ 19.973302, 50.020754 ], [ 19.973268, 50.019041 ], [ 19.970767, 50.018175 ], [ 19.968301, 50.019021 ], [ 19.965801, 50.018154 ], [ 19.963335, 50.019 ], [ 19.960834, 50.018133 ], [ 19.9608, 50.01642 ], [ 19.9583, 50.015554 ], [ 19.955834, 50.0164 ], [ 19.953334, 50.015533 ], [ 19.950868, 50.016378 ], [ 19.950901, 50.018091 ], [ 19.948435, 50.018937 ] ] ] } },
{ "type": "Feature", "properties": { "id": "2078397949", "name": "Cegielniana", "district_id": "9", "population_est": 389 }, "geometry": { "type": "Polygon", "coordinates": [ [ [ 19.923736, 50.025678 ], [ 19.926236, 50.026546 ], [ 19.92627, 50.028258 ], [ 19.92877, 50.029126 ], [ 19.928803, 50.030838 ], [ 19.931303, 50.031706 ], [ 19.931337, 50.033418 ], [ 19.933837, 50.034285 ], [ 19.936304, 50.03344 ], [ 19.938804, 50.034307 ], [ 19.941271, 50.033462 ], [ 19.941238, 50.03175 ], [ 19.938737, 50.030882 ], [ 19.938704, 50.02917 ], [ 19.936203, 50.028303 ], [ 19.93617, 50.02659 ], [ 19.93367, 50.025723 ], [ 19.933636, 50.02401 ], [ 19.931136, 50.023143 ], [ 19.92867, 50.023988 ], [ 19.92617, 50.023121 ], [ 19.923703, 50.023966 ], [ 19.923736, 50.025678 ] ] ] } },
{ "type": "Feature", "properties": { "id": "2078743080", "name": "Wzgórza Krzesławickie", "district_id": "17", "population_est": 208 }, "geometry": { "type": "Polygon", "coordinates": [ [ [ 20.056729, 50.090396 ], [ 20.054261, 50.091243 ], [ 20.054297, 50.092954 ], [ 20.051829, 50.093801 ], [ 20.051865, 50.095512 ], [ 20.05437, 50.096376 ], [ 20.054406, 50.098087 ], [ 20.051938, 50.098934 ], [ 20.051974, 50.100645 ], [ 20.049506, 50.101492 ], [ 20.049542, 50.103202 ], [ 20.052047, 50.104066 ], [ 20.054515, 50.10322 ], [ 20.05702, 50.104084 ], [ 20.059488, 50.103237 ], [ 20.061993, 50.1041 ], [ 20.064461, 50.103253 ], [ 20.064424, 50.101542 ], [ 20.06192, 50.100679 ], [ 20.061883, 50.098968 ], [ 20.064351, 50.098121 ], [ 20.064315, 50.09641 ], [ 20.06181, 50.095546 ], [ 20.061774, 50.093835 ], [ 20.064241, 50.092987 ], [ 20.064205, 50.091276 ], [ 20.061701, 50.090412 ], [ 20.059233, 50.09126 ], [ 20.056729, 50.090396 ] ] ] } },
{ "type": "Feature", "properties": { "id": "2143435339", "name": "Chwalców", "district_id": "18", "population_est": 0 }, "geometry": { "type": "Polygon", "coordinates": [ [ [ 20.160098, 50.044486 ], [ 20.160059, 50.042774 ], [ 20.162524, 50.041924 ], [ 20.165028, 50.042786 ], [ 20.165067, 50.044498 ], [ 20.162602, 50.045348 ], [ 20.160098, 50.044486 ] ] ] } },
{ "type": "Feature", "properties": { "id": "264336170", "name": "Nowy Kleparz", "district_id": "5", "population_est": 303 }, "geometry": { "type": "Polygon", "coordinates": [ [ [ 19.927135, 50.072771 ], [ 19.927168, 50.074483 ], [ 19.92967, 50.07535 ], [ 19.929703, 50.077061 ], [ 19.932205, 50.077928 ], [ 19.934673, 50.077083 ], [ 19.937175, 50.07795 ], [ 19.937209, 50.079661 ], [ 19.939711, 50.080528 ], [ 19.942179, 50.079683 ], [ 19.942146, 50.077972 ], [ 19.944614, 50.077127 ], [ 19.94458, 50.075416 ], [ 19.942078, 50.074549 ], [ 19.942045, 50.072837 ], [ 19.939543, 50.071971 ], [ 19.937075, 50.072816 ], [ 19.934573, 50.071949 ], [ 19.932105, 50.072794 ], [ 19.929603, 50.071927 ], [ 19.927135, 50.072771 ] ] ] } },
{ "type": "Feature", "properties": { "id": "270501590", "name": "Tyniec", "district_id": "8", "population_est": 147 }, "geometry": { "type": "Polygon", "coordinates": [ [ [ 19.809327, 50.014831 ], [ 19.80686, 50.015673 ], [ 19.80689, 50.017386 ], [ 19.804422, 50.018229 ], [ 19.804453, 50.019941 ], [ 19.806951, 50.020811 ], [ 19.806981, 50.022524 ], [ 19.804514, 50.023367 ], [ 19.804544, 50.025079 ], [ 19.807042, 50.025949 ], [ 19.80951, 50.025107 ], [ 19.812008, 50.025977 ], [ 19.814476, 50.025134 ], [ 19.814445, 50.023421 ], [ 19.816913, 50.022578 ], [ 19.816882, 50.020866 ], [ 19.814384, 50.019996 ], [ 19.814354, 50.018283 ], [ 19.811855, 50.017413 ], [ 19.811825, 50.015701 ], [ 19.809327, 50.014831 ] ] ] } },
{ "type": "Feature", "properties": { "id": "287551445", "name": "Rżąka", "district_id": "12", "population_est": 209 }, "geometry": { "type": "Polygon", "coordinates": [ [ [ 19.997821, 50.005436 ], [ 20.000322, 50.006302 ], [ 20.000357, 50.008015 ], [ 20.002857, 50.008881 ], [ 20.002892, 50.010594 ], [ 20.005393, 50.01146 ], [ 20.007859, 50.010613 ], [ 20.007823, 50.0089 ], [ 20.010289, 50.008053 ], [ 20.012789, 50.008919 ], [ 20.015255, 50.008072 ], [ 20.017756, 50.008937 ], [ 20.020221, 50.00809 ], [ 20.020185, 50.006377 ], [ 20.017685, 50.005511 ], [ 20.017649, 50.003798 ], [ 20.015149, 50.002932 ], [ 20.012684, 50.003779 ], [ 20.010183, 50.002914 ], [ 20.007718, 50.003761 ], [ 20.005217, 50.002895 ], [ 20.002752, 50.003742 ], [ 20.000252, 50.002876 ], [ 19.997786, 50.003723 ], [ 19.997821, 50.005436 ] ] ] } },
{ "type": "Feature", "properties": { "id": "3009680101", "name": "Bagno", "district_id": "8", "population_est": 6 }, "geometry": { "type": "Polygon", "coordinates": [ [ [ 19.824038, 50.004634 ], [ 19.821571, 50.005477 ], [ 19.821602, 50.00719 ], [ 19.8241, 50.00806 ], [ 19.824131, 50.009773 ], [ 19.826629, 50.010643 ], [ 19.826659, 50.012355 ], [ 19.829157, 50.013225 ], [ 19.831625, 50.012382 ], [ 19.831594, 50.010669 ], [ 19.834061, 50.009826 ], [ 19.836559, 50.010695 ], [ 19.839026, 50.009852 ], [ 19.838995, 50.008139 ], [ 19.836497, 50.007269 ], [ 19.836465, 50.005556 ], [ 19.838932, 50.004713 ], [ 19.838901, 50.003 ], [ 19.836403, 50.00213 ], [ 19.833936, 50.002974 ], [ 19.831439, 50.002104 ], [ 19.828972, 50.002947 ], [ 19.826474, 50.002078 ], [ 19.824007, 50.002921 ], [ 19.824038, 50.004634 ] ] ] } },
{ "type": "Feature", "properties": { "id": "3009688065", "name": "Azory", "district_id": "4", "population_est": 1223 }, "geometry": { "type": "Polygon", "coordinates": [ [ [ 19.897511, 50.082901 ], [ 19.897543, 50.084612 ], [ 19.895074, 50.085456 ], [ 19.895107, 50.087167 ], [ 19.892638, 50.088011 ], [ 19.89267, 50.089722 ], [ 19.895172, 50.090589 ], [ 19.895205, 50.0923 ], [ 19.897706, 50.093168 ], [ 19.897739, 50.094879 ], [ 19.900241, 50.095746 ], [ 19.90271, 50.094902 ], [ 19.905212, 50.09577 ], [ 19.907682, 50.094926 ], [ 19.910184, 50.095793 ], [ 19.912653, 50.094949 ], [ 19.91262, 50.093238 ], [ 19.915089, 50.092394 ], [ 19.915056, 50.090683 ], [ 19.917525, 50.089839 ], [ 19.917492, 50.088128 ], [ 19.919961, 50.087284 ], [ 19.919928, 50.085572 ], [ 19.917426, 50.084705 ], [ 19.917393, 50.082994 ], [ 19.919862, 50.08215 ], [ 19.919829, 50.080439 ], [ 19.917327, 50.079572 ], [ 19.914858, 50.080416 ], [ 19.912357, 50.079549 ], [ 19.909888, 50.080393 ], [ 19.907386, 50.079526 ], [ 19.904917, 50.08037 ], [ 19.902416, 50.079502 ], [ 19.899947, 50.080346 ], [ 19.89998, 50.082057 ], [ 19.897511, 50.082901 ] ] ] } },
{ "type": "Feature", "properties": { "id": "3009689239", "name": "Bania", "district_id": "10", "population_est": 78 }, "geometry": { "type": "Polygon", "coordinates": [ [ [ 19.938, 49.993197 ], [ 19.9355, 49.99233 ], [ 19.933035, 49.993176 ], [ 19.933068, 49.994889 ], [ 19.935567, 49.995757 ], [ 19.935601, 49.99747 ], [ 19.9381, 49.998337 ], [ 19.940566, 49.997492 ], [ 19.940532, 49.995778 ], [ 19.938033, 49.994911 ], [ 19.938, 49.993197 ] ] ] } },
{ "type": "Feature", "properties": { "id": "3009689621", "name": "Bogucice", "district_id": "12", "population_est": 26 }, "geometry": { "type": "Polygon", "coordinates": [ [ [ 20.047336, 49.998764 ], [ 20.044835, 49.997899 ], [ 20.042371, 49.998747 ], [ 20.042407, 50.000461 ], [ 20.044908, 50.001326 ], [ 20.044944, 50.003039 ], [ 20.047445, 50.003904 ], [ 20.04991, 50.003056 ], [ 20.049873, 50.001343 ], [ 20.047372, 50.000478 ], [ 20.047336, 49.998764 ] ] ] } },
{ "type": "Feature", "properties": { "id": "3009690394", "name": "Bieńczyce", "district_id": "16", "population_est": 314 }, "geometry": { "type": "Polygon", "coordinates": [ [ [ 20.029222, 50.082599 ], [ 20.031726, 50.083463 ], [ 20.031762, 50.085175 ], [ 20.029294, 50.086021 ], [ 20.02933, 50.087733 ], [ 20.031833, 50.088597 ], [ 20.031869, 50.090308 ], [ 20.034373, 50.091173 ], [ 20.036841, 50.090326 ], [ 20.039345, 50.091191 ], [ 20.041813, 50.090344 ], [ 20.041777, 50.088633 ], [ 20.044245, 50.087786 ], [ 20.044209, 50.086075 ], [ 20.041705, 50.08521 ], [ 20.041669, 50.083499 ], [ 20.039165, 50.082634 ], [ 20.039129, 50.080923 ], [ 20.036626, 50.080059 ], [ 20.034158, 50.080905 ], [ 20.031654, 50.080041 ], [ 20.029187, 50.080887 ], [ 20.029222, 50.082599 ] ] ] } },
{ "type": "Feature", "properties": { "id": "3009690410", "name": "Bieżanów", "district_id": "12", "population_est": 783 }, "geometry": { "type": "Polygon", "coordinates": [ [ [ 20.025151, 50.006395 ], [ 20.025187, 50.008108 ], [ 20.022722, 50.008956 ], [ 20.022757, 50.010669 ], [ 20.020292, 50.011516 ], [ 20.020327, 50.013229 ], [ 20.022828, 50.014095 ], [ 20.022864, 50.015808 ], [ 20.025365, 50.016673 ], [ 20.025401, 50.018386 ], [ 20.027902, 50.019252 ], [ 20.027938, 50.020964 ], [ 20.030439, 50.02183 ], [ 20.032905, 50.020982 ], [ 20.035406, 50.021847 ], [ 20.037872, 50.021 ], [ 20.037836, 50.019287 ], [ 20.040301, 50.018439 ], [ 20.040265, 50.016726 ], [ 20.037764, 50.015861 ], [ 20.037728, 50.014148 ], [ 20.035227, 50.013283 ], [ 20.035191, 50.01157 ], [ 20.03269, 50.010705 ], [ 20.032654, 50.008992 ], [ 20.030153, 50.008126 ], [ 20.030117, 50.006413 ], [ 20.027617, 50.005547 ], [ 20.025151, 50.006395 ] ] ] } },
{ "type": "Feature", "properties": { "id": "3009690411", "name": "Bieżanów-Prokocim", "district_id": "12", "population_est": 43 }, "geometry": { "type": "Polygon", "coordinates": [ [ [ 20.022722, 50.008956 ], [ 20.020221, 50.00809 ], [ 20.017756, 50.008937 ], [ 20.017791, 50.01065 ], [ 20.015326, 50.011498 ], [ 20.015361, 50.013211 ], [ 20.012895, 50.014058 ], [ 20.012931, 50.015771 ], [ 20.010465, 50.016618 ], [ 20.0105, 50.018331 ], [ 20.013001, 50.019197 ], [ 20.015467, 50.01835 ], [ 20.015432, 50.016637 ], [ 20.017897, 50.015789 ], [ 20.017862, 50.014076 ], [ 20.020327, 50.013229 ], [ 20.020292, 50.011516 ], [ 20.022757, 50.010669 ], [ 20.022722, 50.008956 ] ] ] } },
{ "type": "Feature", "properties": { "id": "3009690799", "name": "Borek Fałęcki", "district_id": "9", "population_est": 322 }, "geometry": { "type": "Polygon", "coordinates": [ [ [ 19.913506, 50.010218 ], [ 19.916006, 50.011086 ], [ 19.916039, 50.012799 ], [ 19.918538, 50.013667 ], [ 19.918571, 50.015379 ], [ 19.921071, 50.016247 ], [ 19.921104, 50.01796 ], [ 19.923603, 50.018828 ], [ 19.92607, 50.017982 ], [ 19.926037, 50.01627 ], [ 19.928503, 50.015424 ], [ 19.931003, 50.016292 ], [ 19.933469, 50.015446 ], [ 19.933436, 50.013733 ], [ 19.930936, 50.012866 ], [ 19.930903, 50.011153 ], [ 19.933369, 50.010308 ], [ 19.933336, 50.008594 ], [ 19.930836, 50.007727 ], [ 19.92837, 50.008572 ], [ 19.925871, 50.007705 ], [ 19.923404, 50.00855 ], [ 19.920905, 50.007682 ], [ 19.918439, 50.008528 ], [ 19.91594, 50.00766 ], [ 19.913473, 50.008505 ], [ 19.913506, 50.010218 ] ] ] } },
{ "type": "Feature", "properties": { "id": "3009691224", "name": "Bronowice Małe", "district_id": "6", "population_est": 741 }, "geometry": { "type": "Polygon", "coordinates": [ [ [ 19.862718, 50.08273 ], [ 19.86275, 50.084441 ], [ 19.86028, 50.085284 ], [ 19.860312, 50.086995 ], [ 19.862813, 50.087864 ], [ 19.862845, 50.089575 ], [ 19.860376, 50.090418 ], [ 19.860407, 50.092129 ], [ 19.862909, 50.092997 ], [ 19.86294, 50.094708 ], [ 19.865442, 50.095576 ], [ 19.867912, 50.094733 ], [ 19.870413, 50.095601 ], [ 19.872883, 50.094758 ], [ 19.872851, 50.093047 ], [ 19.87532, 50.092203 ], [ 19.877822, 50.093071 ], [ 19.880291, 50.092228 ], [ 19.880259, 50.090517 ], [ 19.882728, 50.089674 ], [ 19.88523, 50.090541 ], [ 19.887699, 50.089698 ], [ 19.887667, 50.087987 ], [ 19.890136, 50.087143 ], [ 19.890104, 50.085432 ], [ 19.887602, 50.084565 ], [ 19.885133, 50.085408 ], [ 19.882632, 50.08454 ], [ 19.882599, 50.082829 ], [ 19.880098, 50.081961 ], [ 19.880066, 50.08025 ], [ 19.877565, 50.079382 ], [ 19.875096, 50.080226 ], [ 19.872595, 50.079358 ], [ 19.870126, 50.080201 ], [ 19.867625, 50.079333 ], [ 19.865155, 50.080176 ], [ 19.865187, 50.081887 ], [ 19.862718, 50.08273 ] ] ] } },
{ "type": "Feature", "properties": { "id": "3009691225", "name": "Bronowice Wielkie", "district_id": "4", "population_est": 1126 }, "geometry": { "type": "Polygon", "coordinates": [ [ [ 19.867912, 50.094733 ], [ 19.865442, 50.095576 ], [ 19.865474, 50.097287 ], [ 19.867975, 50.098154 ], [ 19.868007, 50.099865 ], [ 19.865537, 50.100708 ], [ 19.865569, 50.102419 ], [ 19.863099, 50.103262 ], [ 19.863131, 50.104972 ], [ 19.860661, 50.105815 ], [ 19.860693, 50.107526 ], [ 19.863195, 50.108394 ], [ 19.865665, 50.107551 ], [ 19.868167, 50.108419 ], [ 19.870637, 50.107576 ], [ 19.873139, 50.108444 ], [ 19.875609, 50.107601 ], [ 19.875577, 50.10589 ], [ 19.878047, 50.105047 ], [ 19.880549, 50.105915 ], [ 19.883019, 50.105072 ], [ 19.882986, 50.103361 ], [ 19.885456, 50.102518 ], [ 19.887958, 50.103385 ], [ 19.890428, 50.102542 ], [ 19.890396, 50.100831 ], [ 19.892865, 50.099988 ], [ 19.892833, 50.098277 ], [ 19.895302, 50.097433 ], [ 19.89527, 50.095722 ], [ 19.897739, 50.094879 ], [ 19.897706, 50.093168 ], [ 19.895205, 50.0923 ], [ 19.895172, 50.090589 ], [ 19.89267, 50.089722 ], [ 19.892638, 50.088011 ], [ 19.890136, 50.087143 ], [ 19.887667, 50.087987 ], [ 19.887699, 50.089698 ], [ 19.88523, 50.090541 ], [ 19.882728, 50.089674 ], [ 19.880259, 50.090517 ], [ 19.880291, 50.092228 ], [ 19.877822, 50.093071 ], [ 19.87532, 50.092203 ], [ 19.872851, 50.093047 ], [ 19.872883, 50.094758 ], [ 19.870413, 50.095601 ], [ 19.867912, 50.094733 ] ] ] } },
{ "type": "Feature", "properties": { "id": "3009691610", "name": "Brzyzek", "district_id": "8", "population_est": 370 }, "geometry": { "type": "Polygon", "coordinates": [ [ [ 19.868626, 49.999725 ], [ 19.871124, 50.000594 ], [ 19.871156, 50.002308 ], [ 19.86869, 50.003152 ], [ 19.868721, 50.004865 ], [ 19.87122, 50.005734 ], [ 19.871252, 50.007447 ], [ 19.87375, 50.008316 ], [ 19.876217, 50.007471 ], [ 19.878716, 50.00834 ], [ 19.881182, 50.007496 ], [ 19.88115, 50.005783 ], [ 19.883617, 50.004938 ], [ 19.883584, 50.003225 ], [ 19.886051, 50.00238 ], [ 19.886018, 50.000667 ], [ 19.88352, 49.999799 ], [ 19.883488, 49.998085 ], [ 19.880989, 49.997217 ], [ 19.878523, 49.998061 ], [ 19.876025, 49.997192 ], [ 19.873558, 49.998037 ], [ 19.87106, 49.997168 ], [ 19.868594, 49.998012 ], [ 19.868626, 49.999725 ] ] ] } },
{ "type": "Feature", "properties": { "id": "3009692286", "name": "Budzyń", "district_id": "4", "population_est": 206 }, "geometry": { "type": "Polygon", "coordinates": [ [ [ 19.885456, 50.102518 ], [ 19.882986, 50.103361 ], [ 19.883019, 50.105072 ], [ 19.880549, 50.105915 ], [ 19.878047, 50.105047 ], [ 19.875577, 50.10589 ], [ 19.875609, 50.107601 ], [ 19.873139, 50.108444 ], [ 19.873171, 50.110154 ], [ 19.875673, 50.111022 ], [ 19.875705, 50.112732 ], [ 19.878208, 50.1136 ], [ 19.87824, 50.11531 ], [ 19.880742, 50.116178 ], [ 19.880774, 50.117888 ], [ 19.878304, 50.118731 ], [ 19.878336, 50.120442 ], [ 19.880839, 50.121309 ], [ 19.883309, 50.120466 ], [ 19.885812, 50.121333 ], [ 19.888282, 50.12049 ], [ 19.88825, 50.11878 ], [ 19.89072, 50.117937 ], [ 19.890688, 50.116227 ], [ 19.893158, 50.115383 ], [ 19.893125, 50.113673 ], [ 19.895595, 50.11283 ], [ 19.895563, 50.111119 ], [ 19.898033, 50.110276 ], [ 19.898, 50.108565 ], [ 19.895498, 50.107698 ], [ 19.895465, 50.105987 ], [ 19.892963, 50.10512 ], [ 19.89293, 50.103409 ], [ 19.890428, 50.102542 ], [ 19.887958, 50.103385 ], [ 19.885456, 50.102518 ] ] ] } },
{ "type": "Feature", "properties": { "id": "3009692337", "name": "Bugaj", "district_id": "13", "population_est": 51 }, "geometry": { "type": "Polygon", "coordinates": [ [ [ 20.08302, 50.0417 ], [ 20.080554, 50.042549 ], [ 20.080591, 50.044261 ], [ 20.078125, 50.045109 ], [ 20.075622, 50.044245 ], [ 20.073156, 50.045093 ], [ 20.073193, 50.046805 ], [ 20.070727, 50.047653 ], [ 20.070764, 50.049365 ], [ 20.073267, 50.05023 ], [ 20.073303, 50.051942 ], [ 20.075806, 50.052806 ], [ 20.078273, 50.051958 ], [ 20.080776, 50.052822 ], [ 20.083242, 50.051974 ], [ 20.083205, 50.050261 ], [ 20.085671, 50.049413 ], [ 20.088175, 50.050277 ], [ 20.090641, 50.049429 ], [ 20.090603, 50.047716 ], [ 20.0881, 50.046853 ], [ 20.088063, 50.04514 ], [ 20.08556, 50.044276 ], [ 20.085523, 50.042564 ], [ 20.08302, 50.0417 ] ] ] } },
{ "type": "Feature", "properties": { "id": "3009692338", "name": "Bugaj", "district_id": "17", "population_est": 131 }, "geometry": { "type": "Polygon", "coordinates": [ [ [ 20.089177, 50.09649 ], [ 20.089214, 50.098201 ], [ 20.086746, 50.099049 ], [ 20.084242, 50.098185 ], [ 20.081774, 50.099033 ], [ 20.081811, 50.100744 ], [ 20.079343, 50.101591 ], [ 20.07938, 50.103302 ], [ 20.081885, 50.104166 ], [ 20.081922, 50.105876 ], [ 20.079454, 50.106724 ], [ 20.07949, 50.108435 ], [ 20.081996, 50.109298 ], [ 20.082033, 50.111009 ], [ 20.084538, 50.111872 ], [ 20.087006, 50.111024 ], [ 20.089512, 50.111888 ], [ 20.09198, 50.11104 ], [ 20.091943, 50.109329 ], [ 20.094411, 50.108482 ], [ 20.094373, 50.106771 ], [ 20.096841, 50.105923 ], [ 20.096804, 50.104212 ], [ 20.099272, 50.103364 ], [ 20.099234, 50.101653 ], [ 20.101702, 50.100806 ], [ 20.104207, 50.101668 ], [ 20.106675, 50.10082 ], [ 20.106638, 50.099109 ], [ 20.109105, 50.098261 ], [ 20.109068, 50.09655 ], [ 20.106562, 50.095687 ], [ 20.106525, 50.093976 ], [ 20.108992, 50.093128 ], [ 20.108955, 50.091417 ], [ 20.10645, 50.090554 ], [ 20.103982, 50.091402 ], [ 20.10402, 50.093113 ], [ 20.101552, 50.093961 ], [ 20.099047, 50.093098 ], [ 20.09658, 50.093946 ], [ 20.096617, 50.095657 ], [ 20.09415, 50.096505 ], [ 20.091645, 50.095642 ], [ 20.089177, 50.09649 ] ] ] } },
{ "type": "Feature", "properties": { "id": "3009692843", "name": "Błonie", "district_id": "18", "population_est": 12 }, "geometry": { "type": "Polygon", "coordinates": [ [ [ 20.177903, 50.062505 ], [ 20.175437, 50.063355 ], [ 20.175476, 50.065067 ], [ 20.17301, 50.065917 ], [ 20.173049, 50.067629 ], [ 20.175555, 50.068491 ], [ 20.175594, 50.070203 ], [ 20.173128, 50.071053 ], [ 20.173167, 50.072764 ], [ 20.170701, 50.073614 ], [ 20.17074, 50.075326 ], [ 20.173245, 50.076187 ], [ 20.175711, 50.075338 ], [ 20.178217, 50.076199 ], [ 20.180683, 50.075349 ], [ 20.180644, 50.073638 ], [ 20.18311, 50.072788 ], [ 20.185615, 50.073649 ], [ 20.188081, 50.072799 ], [ 20.188042, 50.071087 ], [ 20.185536, 50.070226 ], [ 20.185497, 50.068514 ], [ 20.182992, 50.067652 ], [ 20.182952, 50.065941 ], [ 20.180447, 50.065079 ], [ 20.180408, 50.063367 ], [ 20.177903, 50.062505 ] ] ] } },
{ "type": "Feature", "properties": { "id": "3009692948", "name": "Błonie-Beszcz", "district_id": "14", "population_est": 37 }, "geometry": { "type": "Polygon", "coordinates": [ [ [ 19.991329, 50.052503 ], [ 19.991364, 50.054215 ], [ 19.988897, 50.055061 ], [ 19.988932, 50.056773 ], [ 19.991434, 50.057639 ], [ 19.993901, 50.056793 ], [ 19.996403, 50.057659 ], [ 19.996438, 50.05937 ], [ 19.99894, 50.060236 ], [ 20.001408, 50.05939 ], [ 20.00391, 50.060255 ], [ 20.006377, 50.059409 ], [ 20.006342, 50.057697 ], [ 20.00384, 50.056831 ], [ 20.003805, 50.055119 ], [ 20.001302, 50.054254 ], [ 20.001267, 50.052542 ], [ 19.998765, 50.051676 ], [ 19.996298, 50.052523 ], [ 19.993796, 50.051657 ], [ 19.991329, 50.052503 ] ] ] } },
{ "type": "Feature", "properties": { "id": "3009695443", "name": "Chałupki Górne", "district_id": "18", "population_est": 35 }, "geometry": { "type": "Polygon", "coordinates": [ [ [ 20.120571, 50.054653 ], [ 20.123075, 50.055516 ], [ 20.123113, 50.057228 ], [ 20.120647, 50.058077 ], [ 20.120684, 50.059789 ], [ 20.123189, 50.060652 ], [ 20.123227, 50.062364 ], [ 20.125731, 50.063227 ], [ 20.128197, 50.062378 ], [ 20.130701, 50.063241 ], [ 20.133167, 50.062392 ], [ 20.133129, 50.06068 ], [ 20.130625, 50.059817 ], [ 20.130587, 50.058105 ], [ 20.133053, 50.057256 ], [ 20.133015, 50.055544 ], [ 20.130511, 50.054681 ], [ 20.130473, 50.052969 ], [ 20.127969, 50.052106 ], [ 20.125503, 50.052955 ], [ 20.122999, 50.052092 ], [ 20.120533, 50.052941 ], [ 20.120571, 50.054653 ] ] ] } },
{ "type": "Feature", "properties": { "id": "3009695461", "name": "Chałupki", "district_id": "18", "population_est": 63 }, "geometry": { "type": "Polygon", "coordinates": [ [ [ 20.122771, 50.041819 ], [ 20.125275, 50.042682 ], [ 20.125313, 50.044394 ], [ 20.127816, 50.045257 ], [ 20.127854, 50.04697 ], [ 20.125389, 50.047819 ], [ 20.125427, 50.049531 ], [ 20.127931, 50.050394 ], [ 20.127969, 50.052106 ], [ 20.130473, 50.052969 ], [ 20.132938, 50.05212 ], [ 20.1329, 50.050408 ], [ 20.135366, 50.049558 ], [ 20.135328, 50.047846 ], [ 20.137793, 50.046997 ], [ 20.137755, 50.045284 ], [ 20.135251, 50.044422 ], [ 20.135213, 50.042709 ], [ 20.132709, 50.041846 ], [ 20.132671, 50.040134 ], [ 20.130168, 50.039271 ], [ 20.127702, 50.04012 ], [ 20.125199, 50.039257 ], [ 20.122733, 50.040106 ], [ 20.122771, 50.041819 ] ] ] } },
{ "type": "Feature", "properties": { "id": "3009695520", "name": "Chełm", "district_id": "7", "population_est": 777 }, "geometry": { "type": "Polygon", "coordinates": [ [ [ 19.840024, 50.064645 ], [ 19.840055, 50.066356 ], [ 19.837586, 50.067199 ], [ 19.837618, 50.068911 ], [ 19.840118, 50.06978 ], [ 19.840149, 50.071491 ], [ 19.842649, 50.07236 ], [ 19.842681, 50.074071 ], [ 19.845181, 50.07494 ], [ 19.84765, 50.074097 ], [ 19.850151, 50.074966 ], [ 19.850182, 50.076677 ], [ 19.852683, 50.077546 ], [ 19.855152, 50.076703 ], [ 19.857653, 50.077571 ], [ 19.860122, 50.076728 ], [ 19.86009, 50.075017 ], [ 19.85759, 50.074148 ], [ 19.857558, 50.072437 ], [ 19.860027, 50.071594 ], [ 19.859995, 50.069882 ], [ 19.857495, 50.069014 ], [ 19.857463, 50.067302 ], [ 19.859932, 50.066459 ], [ 19.8599, 50.064748 ], [ 19.8574, 50.063879 ], [ 19.857368, 50.062167 ], [ 19.854868, 50.061299 ], [ 19.852399, 50.062142 ], [ 19.849899, 50.061273 ], [ 19.84743, 50.062116 ], [ 19.84493, 50.061247 ], [ 19.842462, 50.06209 ], [ 19.839962, 50.061222 ], [ 19.837493, 50.062064 ], [ 19.837524, 50.063776 ], [ 19.840024, 50.064645 ] ] ] } },
{ "type": "Feature", "properties": { "id": "3009695570", "name": "Chlebiczna", "district_id": "8", "population_est": 196 }, "geometry": { "type": "Polygon", "coordinates": [ [ [ 19.873271, 49.982616 ], [ 19.873303, 49.98433 ], [ 19.870837, 49.985174 ], [ 19.870869, 49.986888 ], [ 19.873367, 49.987757 ], [ 19.873399, 49.98947 ], [ 19.875897, 49.990339 ], [ 19.878363, 49.989494 ], [ 19.880861, 49.990363 ], [ 19.880893, 49.992077 ], [ 19.883391, 49.992945 ], [ 19.885857, 49.992101 ], [ 19.885825, 49.990387 ], [ 19.883326, 49.989519 ], [ 19.883294, 49.987805 ], [ 19.880796, 49.986936 ], [ 19.880764, 49.985223 ], [ 19.88323, 49.984378 ], [ 19.883198, 49.982665 ], [ 19.8807, 49.981796 ], [ 19.878234, 49.98264 ], [ 19.875736, 49.981771 ], [ 19.873271, 49.982616 ] ] ] } },
{ "type": "Feature", "properties": { "id": "3009696036", "name": "Cichy Kącik", "district_id": "5", "population_est": 185 }, "geometry": { "type": "Polygon", "coordinates": [ [ [ 19.902023, 50.058963 ], [ 19.899555, 50.059808 ], [ 19.899588, 50.061519 ], [ 19.89712, 50.062363 ], [ 19.897152, 50.064075 ], [ 19.899653, 50.064943 ], [ 19.899686, 50.066654 ], [ 19.902187, 50.067522 ], [ 19.90222, 50.069234 ], [ 19.904721, 50.070101 ], [ 19.907189, 50.069257 ], [ 19.907156, 50.067545 ], [ 19.909625, 50.066701 ], [ 19.909592, 50.064989 ], [ 19.907091, 50.064122 ], [ 19.907058, 50.06241 ], [ 19.904557, 50.061543 ], [ 19.904524, 50.059831 ], [ 19.902023, 50.058963 ] ] ] } },
{ "type": "Feature", "properties": { "id": "3009697207", "name": "Cło", "district_id": "18", "population_est": 85 }, "geometry": { "type": "Polygon", "coordinates": [ [ [ 20.178217, 50.076199 ], [ 20.178256, 50.077911 ], [ 20.180762, 50.078772 ], [ 20.180801, 50.080484 ], [ 20.178335, 50.081334 ], [ 20.178374, 50.083045 ], [ 20.18088, 50.083907 ], [ 20.180919, 50.085618 ], [ 20.183425, 50.08648 ], [ 20.183464, 50.088191 ], [ 20.18597, 50.089052 ], [ 20.188437, 50.088202 ], [ 20.190943, 50.089064 ], [ 20.193409, 50.088213 ], [ 20.19337, 50.086502 ], [ 20.190864, 50.085641 ], [ 20.190824, 50.08393 ], [ 20.188318, 50.083068 ], [ 20.188279, 50.081357 ], [ 20.190745, 50.080507 ], [ 20.193251, 50.081368 ], [ 20.195717, 50.080518 ], [ 20.195677, 50.078806 ], [ 20.193172, 50.077945 ], [ 20.193132, 50.076233 ], [ 20.195598, 50.075383 ], [ 20.198104, 50.076244 ], [ 20.20057, 50.075394 ], [ 20.20053, 50.073682 ], [ 20.198024, 50.072821 ], [ 20.195558, 50.073671 ], [ 20.193053, 50.07281 ], [ 20.193013, 50.071098 ], [ 20.190508, 50.070237 ], [ 20.188042, 50.071087 ], [ 20.188081, 50.072799 ], [ 20.185615, 50.073649 ], [ 20.18311, 50.072788 ], [ 20.180644, 50.073638 ], [ 20.180683, 50.075349 ], [ 20.178217, 50.076199 ] ] ] } },
{ "type": "Feature", "properties": { "id": "3009698526", "name": "Dwór", "district_id": "10", "population_est": 36 }, "geometry": { "type": "Polygon", "coordinates": [ [ [ 19.915544, 49.9871 ], [ 19.915511, 49.985387 ], [ 19.917976, 49.984541 ], [ 19.920475, 49.985409 ], [ 19.920508, 49.987123 ], [ 19.918042, 49.987968 ], [ 19.915544, 49.9871 ] ] ] } },
{ "type": "Feature", "properties": { "id": "3009700829", "name": "Dąbrowy", "district_id": "10", "population_est": 94 }, "geometry": { "type": "Polygon", "coordinates": [ [ [ 19.89306, 49.979285 ], [ 19.890594, 49.98013 ], [ 19.890627, 49.981844 ], [ 19.893125, 49.982712 ], [ 19.893157, 49.984426 ], [ 19.895655, 49.985294 ], [ 19.898121, 49.984449 ], [ 19.898088, 49.982736 ], [ 19.900554, 49.981891 ], [ 19.900521, 49.980177 ], [ 19.898023, 49.979308 ], [ 19.895558, 49.980153 ], [ 19.89306, 49.979285 ] ] ] } },
{ "type": "Feature", "properties": { "id": "3009702106", "name": "Gaik", "district_id": "10", "population_est": 192 }, "geometry": { "type": "Polygon", "coordinates": [ [ [ 19.90315, 49.9879 ], [ 19.903183, 49.989613 ], [ 19.900717, 49.990458 ], [ 19.90075, 49.992172 ], [ 19.903248, 49.99304 ], [ 19.905714, 49.992195 ], [ 19.908213, 49.993063 ], [ 19.910678, 49.992218 ], [ 19.913177, 49.993086 ], [ 19.915643, 49.992241 ], [ 19.91561, 49.990527 ], [ 19.913111, 49.989659 ], [ 19.913078, 49.987946 ], [ 19.91058, 49.987078 ], [ 19.908114, 49.987923 ], [ 19.905616, 49.987055 ], [ 19.90315, 49.9879 ] ] ] } },
{ "type": "Feature", "properties": { "id": "3009702133", "name": "Gaj", "district_id": "10", "population_est": 85 }, "geometry": { "type": "Polygon", "coordinates": [ [ [ 19.957382, 49.969291 ], [ 19.954918, 49.970137 ], [ 19.954952, 49.971851 ], [ 19.95745, 49.972719 ], [ 19.959915, 49.971872 ], [ 19.962414, 49.972739 ], [ 19.962448, 49.974453 ], [ 19.964947, 49.97532 ], [ 19.967411, 49.974474 ], [ 19.967377, 49.97276 ], [ 19.964878, 49.971893 ], [ 19.964844, 49.970179 ], [ 19.962346, 49.969311 ], [ 19.959881, 49.970158 ], [ 19.957382, 49.969291 ] ] ] } },
{ "type": "Feature", "properties": { "id": "3009702137", "name": "Gaj", "district_id": "12", "population_est": 175 }, "geometry": { "type": "Polygon", "coordinates": [ [ [ 20.057486, 50.009078 ], [ 20.057522, 50.010791 ], [ 20.055057, 50.011639 ], [ 20.055093, 50.013352 ], [ 20.052628, 50.0142 ], [ 20.052664, 50.015913 ], [ 20.055166, 50.016778 ], [ 20.055202, 50.018491 ], [ 20.057704, 50.019355 ], [ 20.05774, 50.021068 ], [ 20.060242, 50.021933 ], [ 20.062707, 50.021085 ], [ 20.065209, 50.02195 ], [ 20.067675, 50.021101 ], [ 20.067638, 50.019388 ], [ 20.070103, 50.01854 ], [ 20.070067, 50.016827 ], [ 20.067565, 50.015963 ], [ 20.067528, 50.01425 ], [ 20.069993, 50.013401 ], [ 20.069957, 50.011688 ], [ 20.067455, 50.010824 ], [ 20.067418, 50.00911 ], [ 20.064917, 50.008246 ], [ 20.062452, 50.009094 ], [ 20.059951, 50.008229 ], [ 20.057486, 50.009078 ] ] ] } },
{ "type": "Feature", "properties": { "id": "3009702314", "name": "Galatowski Koniec", "district_id": "10", "population_est": 56 }, "geometry": { "type": "Polygon", "coordinates": [ [ [ 19.925472, 49.987145 ], [ 19.925439, 49.985432 ], [ 19.92294, 49.984564 ], [ 19.920475, 49.985409 ], [ 19.920508, 49.987123 ], [ 19.918042, 49.987968 ], [ 19.918075, 49.989682 ], [ 19.920574, 49.99055 ], [ 19.92304, 49.989704 ], [ 19.923006, 49.987991 ], [ 19.925472, 49.987145 ] ] ] } },
{ "type": "Feature", "properties": { "id": "3009702605", "name": "Golikówka", "district_id": "13", "population_est": 90 }, "geometry": { "type": "Polygon", "coordinates": [ [ [ 20.023397, 50.041497 ], [ 20.020931, 50.042344 ], [ 20.020966, 50.044056 ], [ 20.0185, 50.044903 ], [ 20.018535, 50.046615 ], [ 20.016068, 50.047462 ], [ 20.016104, 50.049174 ], [ 20.018606, 50.05004 ], [ 20.018641, 50.051752 ], [ 20.021144, 50.052617 ], [ 20.023611, 50.05177 ], [ 20.023575, 50.050058 ], [ 20.026042, 50.049211 ], [ 20.028544, 50.050076 ], [ 20.031011, 50.049229 ], [ 20.030975, 50.047517 ], [ 20.028473, 50.046652 ], [ 20.028437, 50.04494 ], [ 20.025935, 50.044074 ], [ 20.025899, 50.042362 ], [ 20.023397, 50.041497 ] ] ] } },
{ "type": "Feature", "properties": { "id": "3009702770", "name": "Gibkówka", "district_id": "10", "population_est": 190 }, "geometry": { "type": "Polygon", "coordinates": [ [ [ 19.945295, 49.985519 ], [ 19.945329, 49.987233 ], [ 19.942863, 49.988079 ], [ 19.942897, 49.989792 ], [ 19.945396, 49.99066 ], [ 19.94543, 49.992373 ], [ 19.947929, 49.99324 ], [ 19.950394, 49.992394 ], [ 19.95036, 49.990681 ], [ 19.952826, 49.989835 ], [ 19.952792, 49.988121 ], [ 19.955257, 49.987275 ], [ 19.955223, 49.985561 ], [ 19.952724, 49.984694 ], [ 19.950259, 49.98554 ], [ 19.94776, 49.984673 ], [ 19.945295, 49.985519 ] ] ] } },
{ "type": "Feature", "properties": { "id": "3009702912", "name": "Glinki", "district_id": "12", "population_est": 62 }, "geometry": { "type": "Polygon", "coordinates": [ [ [ 20.025045, 50.001255 ], [ 20.02508, 50.002969 ], [ 20.022615, 50.003816 ], [ 20.020114, 50.00295 ], [ 20.017649, 50.003798 ], [ 20.017685, 50.005511 ], [ 20.020185, 50.006377 ], [ 20.020221, 50.00809 ], [ 20.022722, 50.008956 ], [ 20.025187, 50.008108 ], [ 20.025151, 50.006395 ], [ 20.027617, 50.005547 ], [ 20.030117, 50.006413 ], [ 20.032583, 50.005565 ], [ 20.032547, 50.003852 ], [ 20.035012, 50.003004 ], [ 20.034976, 50.001291 ], [ 20.032475, 50.000426 ], [ 20.03001, 50.001273 ], [ 20.02751, 50.000408 ], [ 20.025045, 50.001255 ] ] ] } },
{ "type": "Feature", "properties": { "id": "3009703610", "name": "Grabie-Kątek", "district_id": "18", "population_est": 26 }, "geometry": { "type": "Polygon", "coordinates": [ [ [ 20.162602, 50.045348 ], [ 20.162641, 50.047061 ], [ 20.165145, 50.047923 ], [ 20.165184, 50.049635 ], [ 20.167688, 50.050497 ], [ 20.170154, 50.049647 ], [ 20.172658, 50.050509 ], [ 20.175124, 50.049659 ], [ 20.175084, 50.047947 ], [ 20.17755, 50.047097 ], [ 20.17751, 50.045384 ], [ 20.175006, 50.044522 ], [ 20.172541, 50.045373 ], [ 20.170037, 50.04451 ], [ 20.167571, 50.045361 ], [ 20.165067, 50.044498 ], [ 20.162602, 50.045348 ] ] ] } },
{ "type": "Feature", "properties": { "id": "3009704981", "name": "Górka Narodowa", "district_id": "4", "population_est": 304 }, "geometry": { "type": "Polygon", "coordinates": [ [ [ 19.9599, 50.096014 ], [ 19.959934, 50.097725 ], [ 19.957465, 50.09857 ], [ 19.954962, 50.097704 ], [ 19.952493, 50.098549 ], [ 19.952527, 50.100259 ], [ 19.950058, 50.101104 ], [ 19.950092, 50.102815 ], [ 19.952595, 50.103681 ], [ 19.955064, 50.102836 ], [ 19.957567, 50.103702 ], [ 19.957602, 50.105413 ], [ 19.960105, 50.106279 ], [ 19.962574, 50.105434 ], [ 19.965077, 50.1063 ], [ 19.965111, 50.108011 ], [ 19.967615, 50.108876 ], [ 19.970084, 50.108032 ], [ 19.97005, 50.106321 ], [ 19.972519, 50.105476 ], [ 19.975022, 50.106341 ], [ 19.977491, 50.105496 ], [ 19.977457, 50.103785 ], [ 19.974954, 50.10292 ], [ 19.974919, 50.101209 ], [ 19.977388, 50.100364 ], [ 19.977353, 50.098653 ], [ 19.97485, 50.097787 ], [ 19.972381, 50.098632 ], [ 19.969878, 50.097767 ], [ 19.969844, 50.096056 ], [ 19.967341, 50.09519 ], [ 19.964872, 50.096035 ], [ 19.962369, 50.095169 ], [ 19.9599, 50.096014 ] ] ] } },
{ "type": "Feature", "properties": { "id": "3009705036", "name": "Górka Kościelnicka", "district_id": "18", "population_est": 91 }, "geometry": { "type": "Polygon", "coordinates": [ [ [ 20.156368, 50.099247 ], [ 20.156406, 50.100958 ], [ 20.158912, 50.10182 ], [ 20.158951, 50.103531 ], [ 20.161457, 50.104392 ], [ 20.161496, 50.106103 ], [ 20.164003, 50.106965 ], [ 20.164041, 50.108676 ], [ 20.161574, 50.109525 ], [ 20.161613, 50.111236 ], [ 20.164119, 50.112097 ], [ 20.164158, 50.113808 ], [ 20.166665, 50.114669 ], [ 20.166704, 50.11638 ], [ 20.169211, 50.117241 ], [ 20.171678, 50.116392 ], [ 20.171639, 50.114681 ], [ 20.174107, 50.113832 ], [ 20.174068, 50.112121 ], [ 20.176535, 50.111272 ], [ 20.176496, 50.109561 ], [ 20.178963, 50.108712 ], [ 20.178924, 50.107001 ], [ 20.176417, 50.10614 ], [ 20.176378, 50.104429 ], [ 20.173872, 50.103567 ], [ 20.171404, 50.104417 ], [ 20.168898, 50.103555 ], [ 20.168859, 50.101844 ], [ 20.166353, 50.100983 ], [ 20.163886, 50.101832 ], [ 20.16138, 50.10097 ], [ 20.161341, 50.099259 ], [ 20.158835, 50.098398 ], [ 20.156368, 50.099247 ] ] ] } },
{ "type": "Feature", "properties": { "id": "3009710417", "name": "Jemiołki", "district_id": "12", "population_est": 340 }, "geometry": { "type": "Polygon", "coordinates": [ [ [ 20.000672, 50.023431 ], [ 19.998206, 50.024278 ], [ 19.998241, 50.025991 ], [ 19.995775, 50.026838 ], [ 19.99581, 50.02855 ], [ 19.998311, 50.029416 ], [ 19.998346, 50.031129 ], [ 20.000847, 50.031995 ], [ 20.003313, 50.031148 ], [ 20.005815, 50.032014 ], [ 20.008281, 50.031167 ], [ 20.010782, 50.032032 ], [ 20.013248, 50.031186 ], [ 20.01575, 50.032051 ], [ 20.018216, 50.031204 ], [ 20.018181, 50.029491 ], [ 20.015679, 50.028626 ], [ 20.015644, 50.026913 ], [ 20.01811, 50.026066 ], [ 20.018074, 50.024353 ], [ 20.015573, 50.023488 ], [ 20.015538, 50.021775 ], [ 20.013037, 50.020909 ], [ 20.010571, 50.021757 ], [ 20.00807, 50.020891 ], [ 20.005604, 50.021738 ], [ 20.003103, 50.020872 ], [ 20.000637, 50.021719 ], [ 20.000672, 50.023431 ] ] ] } },
{ "type": "Feature", "properties": { "id": "3009711108", "name": "Kaczeńce", "district_id": "10", "population_est": 176 }, "geometry": { "type": "Polygon", "coordinates": [ [ [ 19.933169, 50.000029 ], [ 19.930703, 50.000874 ], [ 19.930736, 50.002588 ], [ 19.933235, 50.003455 ], [ 19.933269, 50.005168 ], [ 19.935768, 50.006036 ], [ 19.938234, 50.00519 ], [ 19.940734, 50.006058 ], [ 19.9432, 50.005212 ], [ 19.943166, 50.003499 ], [ 19.945632, 50.002653 ], [ 19.948131, 50.00352 ], [ 19.950597, 50.002674 ], [ 19.950563, 50.000961 ], [ 19.948064, 50.000094 ], [ 19.94803, 49.99838 ], [ 19.945531, 49.997513 ], [ 19.943065, 49.998359 ], [ 19.940566, 49.997492 ], [ 19.9381, 49.998337 ], [ 19.935601, 49.99747 ], [ 19.933135, 49.998316 ], [ 19.933169, 50.000029 ] ] ] } },
{ "type": "Feature", "properties": { "id": "3009711337", "name": "Kaczorówka", "district_id": "4", "population_est": 195 }, "geometry": { "type": "Polygon", "coordinates": [ [ [ 19.912818, 50.103503 ], [ 19.910316, 50.102636 ], [ 19.907846, 50.10348 ], [ 19.907879, 50.105191 ], [ 19.905409, 50.106034 ], [ 19.905442, 50.107745 ], [ 19.902972, 50.108589 ], [ 19.903005, 50.110299 ], [ 19.905508, 50.111166 ], [ 19.907977, 50.110323 ], [ 19.91048, 50.11119 ], [ 19.91295, 50.110346 ], [ 19.912917, 50.108635 ], [ 19.915387, 50.107791 ], [ 19.915354, 50.106081 ], [ 19.912851, 50.105214 ], [ 19.912818, 50.103503 ] ] ] } },
{ "type": "Feature", "properties": { "id": "3009711376", "name": "Kaim", "district_id": "12", "population_est": 469 }, "geometry": { "type": "Polygon", "coordinates": [ [ [ 20.034976, 50.001291 ], [ 20.035012, 50.003004 ], [ 20.032547, 50.003852 ], [ 20.032583, 50.005565 ], [ 20.030117, 50.006413 ], [ 20.030153, 50.008126 ], [ 20.032654, 50.008992 ], [ 20.03269, 50.010705 ], [ 20.035191, 50.01157 ], [ 20.035227, 50.013283 ], [ 20.037728, 50.014148 ], [ 20.040193, 50.013301 ], [ 20.040157, 50.011588 ], [ 20.042623, 50.01074 ], [ 20.045124, 50.011605 ], [ 20.047589, 50.010757 ], [ 20.047553, 50.009044 ], [ 20.050018, 50.008196 ], [ 20.049982, 50.006483 ], [ 20.047481, 50.005618 ], [ 20.047445, 50.003904 ], [ 20.044944, 50.003039 ], [ 20.044908, 50.001326 ], [ 20.042407, 50.000461 ], [ 20.039942, 50.001309 ], [ 20.037441, 50.000443 ], [ 20.034976, 50.001291 ] ] ] } },
{ "type": "Feature", "properties": { "id": "3009713022", "name": "Kliniec", "district_id": "11", "population_est": 79 }, "geometry": { "type": "Polygon", "coordinates": [ [ [ 19.985459, 50.007957 ], [ 19.985424, 50.006244 ], [ 19.982924, 50.005377 ], [ 19.980459, 50.006224 ], [ 19.980493, 50.007937 ], [ 19.978027, 50.008784 ], [ 19.978062, 50.010497 ], [ 19.980562, 50.011363 ], [ 19.983028, 50.010517 ], [ 19.982993, 50.008804 ], [ 19.985459, 50.007957 ] ] ] } },
{ "type": "Feature", "properties": { "id": "3009713031", "name": "Kliny", "district_id": "10", "population_est": 825 }, "geometry": { "type": "Polygon", "coordinates": [ [ [ 19.910777, 49.997358 ], [ 19.908311, 49.998203 ], [ 19.908344, 49.999916 ], [ 19.905878, 50.000761 ], [ 19.90591, 50.002475 ], [ 19.903444, 50.00332 ], [ 19.903477, 50.005033 ], [ 19.905976, 50.005901 ], [ 19.906009, 50.007614 ], [ 19.908508, 50.008482 ], [ 19.910974, 50.007637 ], [ 19.913473, 50.008505 ], [ 19.91594, 50.00766 ], [ 19.915907, 50.005947 ], [ 19.918373, 50.005101 ], [ 19.91834, 50.003388 ], [ 19.920806, 50.002543 ], [ 19.920773, 50.00083 ], [ 19.923239, 49.999984 ], [ 19.923205, 49.998271 ], [ 19.920706, 49.997403 ], [ 19.918241, 49.998249 ], [ 19.915742, 49.997381 ], [ 19.913276, 49.998226 ], [ 19.910777, 49.997358 ] ] ] } },
{ "type": "Feature", "properties": { "id": "3009716280", "name": "Kopalina", "district_id": "10", "population_est": 122 }, "geometry": { "type": "Polygon", "coordinates": [ [ [ 19.982267, 49.97282 ], [ 19.982302, 49.974534 ], [ 19.979837, 49.975381 ], [ 19.979872, 49.977095 ], [ 19.982371, 49.977962 ], [ 19.984836, 49.977115 ], [ 19.987335, 49.977982 ], [ 19.989799, 49.977134 ], [ 19.992299, 49.978001 ], [ 19.994763, 49.977154 ], [ 19.997263, 49.97802 ], [ 19.999727, 49.977173 ], [ 19.999692, 49.975459 ], [ 19.997193, 49.974593 ], [ 19.997158, 49.972879 ], [ 19.994659, 49.972012 ], [ 19.992194, 49.972859 ], [ 19.989695, 49.971993 ], [ 19.987231, 49.97284 ], [ 19.984732, 49.971973 ], [ 19.982267, 49.97282 ] ] ] } },
{ "type": "Feature", "properties": { "id": "3009716342", "name": "Kopanina", "district_id": "18", "population_est": 62 }, "geometry": { "type": "Polygon", "coordinates": [ [ [ 20.100692, 50.054595 ], [ 20.103195, 50.055459 ], [ 20.103233, 50.057171 ], [ 20.100766, 50.058019 ], [ 20.100804, 50.059731 ], [ 20.103308, 50.060595 ], [ 20.103345, 50.062306 ], [ 20.105849, 50.06317 ], [ 20.108315, 50.062321 ], [ 20.110819, 50.063184 ], [ 20.113286, 50.062336 ], [ 20.113248, 50.060624 ], [ 20.110744, 50.059761 ], [ 20.110706, 50.058049 ], [ 20.113173, 50.0572 ], [ 20.113135, 50.055488 ], [ 20.110631, 50.054625 ], [ 20.110594, 50.052913 ], [ 20.10809, 50.052049 ], [ 20.105624, 50.052898 ], [ 20.10312, 50.052035 ], [ 20.100654, 50.052883 ], [ 20.100692, 50.054595 ] ] ] } },
{ "type": "Feature", "properties": { "id": "3009716460", "name": "Kopeć", "district_id": "4", "population_est": 367 }, "geometry": { "type": "Polygon", "coordinates": [ [ [ 19.895302, 50.097433 ], [ 19.892833, 50.098277 ], [ 19.892865, 50.099988 ], [ 19.895367, 50.100855 ], [ 19.8954, 50.102566 ], [ 19.897902, 50.103433 ], [ 19.897935, 50.105144 ], [ 19.900437, 50.106011 ], [ 19.902907, 50.105167 ], [ 19.905409, 50.106034 ], [ 19.907879, 50.105191 ], [ 19.907846, 50.10348 ], [ 19.910316, 50.102636 ], [ 19.910283, 50.100925 ], [ 19.90778, 50.100058 ], [ 19.907747, 50.098348 ], [ 19.910217, 50.097504 ], [ 19.910184, 50.095793 ], [ 19.907682, 50.094926 ], [ 19.905212, 50.09577 ], [ 19.90271, 50.094902 ], [ 19.900241, 50.095746 ], [ 19.897739, 50.094879 ], [ 19.89527, 50.095722 ], [ 19.895302, 50.097433 ] ] ] } },
{ "type": "Feature", "properties": { "id": "3009716967", "name": "Koszutka", "district_id": "10", "population_est": 4 }, "geometry": { "type": "Polygon", "coordinates": [ [ [ 20.019795, 49.98753 ], [ 20.01976, 49.985816 ], [ 20.01726, 49.98495 ], [ 20.014795, 49.985798 ], [ 20.014831, 49.987511 ], [ 20.012366, 49.988359 ], [ 20.012401, 49.990073 ], [ 20.014901, 49.990939 ], [ 20.017366, 49.990091 ], [ 20.017331, 49.988377 ], [ 20.019795, 49.98753 ] ] ] } },
{ "type": "Feature", "properties": { "id": "3009717807", "name": "Koło Tynieckie", "district_id": "8", "population_est": 28 }, "geometry": { "type": "Polygon", "coordinates": [ [ [ 19.82703, 50.032907 ], [ 19.824562, 50.03375 ], [ 19.824593, 50.035462 ], [ 19.827092, 50.036332 ], [ 19.827123, 50.038044 ], [ 19.829622, 50.038913 ], [ 19.83209, 50.03807 ], [ 19.834589, 50.03894 ], [ 19.83462, 50.040652 ], [ 19.837119, 50.041521 ], [ 19.83715, 50.043233 ], [ 19.83965, 50.044102 ], [ 19.842118, 50.043259 ], [ 19.842086, 50.041547 ], [ 19.844554, 50.040704 ], [ 19.844523, 50.038992 ], [ 19.842024, 50.038123 ], [ 19.841993, 50.03641 ], [ 19.84446, 50.035567 ], [ 19.844429, 50.033855 ], [ 19.84193, 50.032986 ], [ 19.841899, 50.031273 ], [ 19.8394, 50.030404 ], [ 19.836932, 50.031247 ], [ 19.834433, 50.030378 ], [ 19.831966, 50.031221 ], [ 19.829467, 50.030352 ], [ 19.826999, 50.031195 ], [ 19.82703, 50.032907 ] ] ] } },
{ "type": "Feature", "properties": { "id": "3009717989", "name": "Krakówka", "district_id": "10", "population_est": 184 }, "geometry": { "type": "Polygon", "coordinates": [ [ [ 19.940129, 49.975215 ], [ 19.937631, 49.974347 ], [ 19.935166, 49.975193 ], [ 19.935199, 49.976907 ], [ 19.932734, 49.977753 ], [ 19.932768, 49.979467 ], [ 19.935266, 49.980335 ], [ 19.9353, 49.982048 ], [ 19.937798, 49.982916 ], [ 19.940264, 49.98207 ], [ 19.942762, 49.982938 ], [ 19.945227, 49.982092 ], [ 19.945194, 49.980378 ], [ 19.942695, 49.97951 ], [ 19.942661, 49.977797 ], [ 19.940163, 49.976929 ], [ 19.940129, 49.975215 ] ] ] } },
{ "type": "Feature", "properties": { "id": "3009718334", "name": "Krowodrza Górka", "district_id": "4", "population_est": 126 }, "geometry": { "type": "Polygon", "coordinates": [ [ [ 19.929803, 50.082195 ], [ 19.927334, 50.083039 ], [ 19.927368, 50.084751 ], [ 19.924899, 50.085595 ], [ 19.922397, 50.084728 ], [ 19.919928, 50.085572 ], [ 19.919961, 50.087284 ], [ 19.917492, 50.088128 ], [ 19.917525, 50.089839 ], [ 19.920028, 50.090706 ], [ 19.922497, 50.089862 ], [ 19.924999, 50.090728 ], [ 19.927468, 50.089884 ], [ 19.92997, 50.090751 ], [ 19.930003, 50.092462 ], [ 19.932506, 50.093329 ], [ 19.934975, 50.092484 ], [ 19.934941, 50.090773 ], [ 19.932439, 50.089906 ], [ 19.932405, 50.088195 ], [ 19.934874, 50.087351 ], [ 19.934841, 50.08564 ], [ 19.932339, 50.084773 ], [ 19.932305, 50.083062 ], [ 19.929803, 50.082195 ] ] ] } },
{ "type": "Feature", "properties": { "id": "3009718528", "name": "Krzemionki", "district_id": "18", "population_est": 57 }, "geometry": { "type": "Polygon", "coordinates": [ [ [ 20.176182, 50.095874 ], [ 20.173715, 50.096723 ], [ 20.173754, 50.098434 ], [ 20.171287, 50.099284 ], [ 20.168781, 50.098422 ], [ 20.166314, 50.099272 ], [ 20.166353, 50.100983 ], [ 20.168859, 50.101844 ], [ 20.168898, 50.103555 ], [ 20.171404, 50.104417 ], [ 20.173872, 50.103567 ], [ 20.176378, 50.104429 ], [ 20.176417, 50.10614 ], [ 20.178924, 50.107001 ], [ 20.181391, 50.106151 ], [ 20.183898, 50.107013 ], [ 20.186365, 50.106163 ], [ 20.186325, 50.104452 ], [ 20.188792, 50.103602 ], [ 20.188753, 50.101891 ], [ 20.186246, 50.10103 ], [ 20.183779, 50.10188 ], [ 20.181273, 50.101019 ], [ 20.181234, 50.099308 ], [ 20.178727, 50.098446 ], [ 20.178688, 50.096735 ], [ 20.176182, 50.095874 ] ] ] } },
{ "type": "Feature", "properties": { "id": "3009718545", "name": "Krzesławice", "district_id": "17", "population_est": 371 }, "geometry": { "type": "Polygon", "coordinates": [ [ [ 20.058905, 50.075858 ], [ 20.058941, 50.077569 ], [ 20.056474, 50.078416 ], [ 20.05651, 50.080128 ], [ 20.054043, 50.080975 ], [ 20.054079, 50.082686 ], [ 20.051612, 50.083534 ], [ 20.051648, 50.085245 ], [ 20.04918, 50.086092 ], [ 20.049216, 50.087803 ], [ 20.046749, 50.08865 ], [ 20.046785, 50.090361 ], [ 20.049289, 50.091226 ], [ 20.051757, 50.090379 ], [ 20.054261, 50.091243 ], [ 20.056729, 50.090396 ], [ 20.059233, 50.09126 ], [ 20.061701, 50.090412 ], [ 20.064205, 50.091276 ], [ 20.066673, 50.090429 ], [ 20.066636, 50.088718 ], [ 20.069104, 50.08787 ], [ 20.069067, 50.086159 ], [ 20.071534, 50.085312 ], [ 20.074039, 50.086175 ], [ 20.076506, 50.085328 ], [ 20.076469, 50.083616 ], [ 20.073965, 50.082753 ], [ 20.073928, 50.081041 ], [ 20.071424, 50.080178 ], [ 20.071388, 50.078466 ], [ 20.068884, 50.077602 ], [ 20.068847, 50.075891 ], [ 20.066343, 50.075027 ], [ 20.063876, 50.075874 ], [ 20.061372, 50.07501 ], [ 20.058905, 50.075858 ] ] ] } },
{ "type": "Feature", "properties": { "id": "3009718702", "name": "Krzyżowa", "district_id": "10", "population_est": 6 }, "geometry": { "type": "Polygon", "coordinates": [ [ [ 19.999692, 49.975459 ], [ 19.999727, 49.977173 ], [ 20.002226, 49.978039 ], [ 20.002261, 49.979753 ], [ 20.004761, 49.980619 ], [ 20.004796, 49.982333 ], [ 20.007296, 49.983199 ], [ 20.00976, 49.982352 ], [ 20.01226, 49.983218 ], [ 20.012295, 49.984932 ], [ 20.014795, 49.985798 ], [ 20.01726, 49.98495 ], [ 20.017225, 49.983237 ], [ 20.014725, 49.98237 ], [ 20.014689, 49.980657 ], [ 20.01219, 49.979791 ], [ 20.012154, 49.978077 ], [ 20.009655, 49.977211 ], [ 20.00962, 49.975497 ], [ 20.00712, 49.97463 ], [ 20.004656, 49.975478 ], [ 20.002156, 49.974612 ], [ 19.999692, 49.975459 ] ] ] } },
{ "type": "Feature", "properties": { "id": "3009718966", "name": "Księdzowe Pole", "district_id": "13", "population_est": 28 }, "geometry": { "type": "MultiPolygon", "coordinates": [ [ [ [ 20.065319, 50.027088 ], [ 20.065356, 50.0288 ], [ 20.067858, 50.029665 ], [ 20.067894, 50.031378 ], [ 20.070397, 50.032242 ], [ 20.070433, 50.033954 ], [ 20.067968, 50.034803 ], [ 20.068004, 50.036515 ], [ 20.070507, 50.037379 ], [ 20.070543, 50.039092 ], [ 20.073046, 50.039956 ], [ 20.075512, 50.039108 ], [ 20.078015, 50.039972 ], [ 20.078051, 50.041684 ], [ 20.080554, 50.042549 ], [ 20.08302, 50.0417 ], [ 20.082983, 50.039988 ], [ 20.085449, 50.039139 ], [ 20.085412, 50.037427 ], [ 20.082909, 50.036563 ], [ 20.080444, 50.037411 ], [ 20.077941, 50.036547 ], [ 20.077904, 50.034835 ], [ 20.075402, 50.033971 ], [ 20.075365, 50.032258 ], [ 20.072862, 50.031394 ], [ 20.072826, 50.029681 ], [ 20.070323, 50.028817 ], [ 20.070287, 50.027104 ], [ 20.067785, 50.02624 ], [ 20.065319, 50.027088 ] ] ], [ [ [ 20.092846, 50.036594 ], [ 20.090381, 50.037442 ], [ 20.090418, 50.039155 ], [ 20.092921, 50.040019 ], [ 20.095386, 50.03917 ], [ 20.095349, 50.037458 ], [ 20.092846, 50.036594 ] ] ] ] } },
{ "type": "Feature", "properties": { "id": "3009720496", "name": "Kępa Grabska", "district_id": "18", "population_est": 25 }, "geometry": { "type": "Polygon", "coordinates": [ [ [ 20.152586, 50.041899 ], [ 20.150121, 50.042749 ], [ 20.150159, 50.044461 ], [ 20.147694, 50.045311 ], [ 20.14519, 50.044448 ], [ 20.142724, 50.045298 ], [ 20.142763, 50.04701 ], [ 20.145267, 50.047873 ], [ 20.145305, 50.049585 ], [ 20.147809, 50.050447 ], [ 20.147848, 50.052159 ], [ 20.150352, 50.053022 ], [ 20.152818, 50.052172 ], [ 20.155322, 50.053035 ], [ 20.157788, 50.052185 ], [ 20.157749, 50.050473 ], [ 20.160214, 50.049623 ], [ 20.160175, 50.047911 ], [ 20.162641, 50.047061 ], [ 20.162602, 50.045348 ], [ 20.160098, 50.044486 ], [ 20.160059, 50.042774 ], [ 20.157555, 50.041911 ], [ 20.15509, 50.042761 ], [ 20.152586, 50.041899 ] ] ] } },
{ "type": "Feature", "properties": { "id": "3009720945", "name": "Lasowe Domy", "district_id": "10", "population_est": 20 }, "geometry": { "type": "Polygon", "coordinates": [ [ [ 19.970321, 49.995904 ], [ 19.970356, 49.997618 ], [ 19.96789, 49.998464 ], [ 19.967925, 50.000177 ], [ 19.970424, 50.001044 ], [ 19.97289, 50.000198 ], [ 19.97539, 50.001064 ], [ 19.975424, 50.002778 ], [ 19.977924, 50.003644 ], [ 19.98039, 50.002798 ], [ 19.980355, 50.001084 ], [ 19.98282, 50.000238 ], [ 19.982786, 49.998524 ], [ 19.980286, 49.997658 ], [ 19.980251, 49.995945 ], [ 19.977752, 49.995078 ], [ 19.975286, 49.995924 ], [ 19.972787, 49.995058 ], [ 19.970321, 49.995904 ] ] ] } },
{ "type": "Feature", "properties": { "id": "3009720961", "name": "Lasówka", "district_id": "13", "population_est": 146 }, "geometry": { "type": "Polygon", "coordinates": [ [ [ 20.010782, 50.032032 ], [ 20.010818, 50.033745 ], [ 20.008351, 50.034592 ], [ 20.008386, 50.036304 ], [ 20.010888, 50.03717 ], [ 20.010923, 50.038882 ], [ 20.008457, 50.039729 ], [ 20.008492, 50.041441 ], [ 20.006025, 50.042288 ], [ 20.006061, 50.044 ], [ 20.008562, 50.044866 ], [ 20.011029, 50.044019 ], [ 20.013531, 50.044885 ], [ 20.015998, 50.044038 ], [ 20.0185, 50.044903 ], [ 20.020966, 50.044056 ], [ 20.020931, 50.042344 ], [ 20.023397, 50.041497 ], [ 20.023362, 50.039785 ], [ 20.025828, 50.038938 ], [ 20.025792, 50.037225 ], [ 20.02329, 50.03636 ], [ 20.023255, 50.034647 ], [ 20.020753, 50.033782 ], [ 20.020718, 50.032069 ], [ 20.018216, 50.031204 ], [ 20.01575, 50.032051 ], [ 20.013248, 50.031186 ], [ 20.010782, 50.032032 ] ] ] } },
{ "type": "Feature", "properties": { "id": "3009720976", "name": "Lazaret", "district_id": "11", "population_est": 67 }, "geometry": { "type": "Polygon", "coordinates": [ [ [ 19.980493, 50.007937 ], [ 19.980459, 50.006224 ], [ 19.977958, 50.005357 ], [ 19.975493, 50.006204 ], [ 19.975527, 50.007917 ], [ 19.973062, 50.008763 ], [ 19.973096, 50.010477 ], [ 19.975596, 50.011343 ], [ 19.978062, 50.010497 ], [ 19.978027, 50.008784 ], [ 19.980493, 50.007937 ] ] ] } },
{ "type": "Feature", "properties": { "id": "3009721288", "name": "Lesisko", "district_id": "18", "population_est": 124 }, "geometry": { "type": "Polygon", "coordinates": [ [ [ 20.050996, 50.054435 ], [ 20.050959, 50.052723 ], [ 20.048457, 50.051859 ], [ 20.04599, 50.052706 ], [ 20.046026, 50.054418 ], [ 20.043559, 50.055265 ], [ 20.043595, 50.056977 ], [ 20.046098, 50.057842 ], [ 20.048565, 50.056995 ], [ 20.048529, 50.055283 ], [ 20.050996, 50.054435 ] ] ] } },
{ "type": "Feature", "properties": { "id": "3009722062", "name": "Luboń", "district_id": "10", "population_est": 48 }, "geometry": { "type": "Polygon", "coordinates": [ [ [ 19.980251, 49.995945 ], [ 19.980286, 49.997658 ], [ 19.982786, 49.998524 ], [ 19.98282, 50.000238 ], [ 19.980355, 50.001084 ], [ 19.98039, 50.002798 ], [ 19.98289, 50.003664 ], [ 19.985355, 50.002818 ], [ 19.98532, 50.001104 ], [ 19.987786, 50.000258 ], [ 19.987751, 49.998544 ], [ 19.990216, 49.997697 ], [ 19.990182, 49.995984 ], [ 19.987682, 49.995118 ], [ 19.985216, 49.995964 ], [ 19.982717, 49.995098 ], [ 19.980251, 49.995945 ] ] ] } },
{ "type": "Feature", "properties": { "id": "3009722099", "name": "Ludwinów", "district_id": "8", "population_est": 144 }, "geometry": { "type": "Polygon", "coordinates": [ [ [ 19.924101, 50.044515 ], [ 19.924135, 50.046227 ], [ 19.926635, 50.047094 ], [ 19.926669, 50.048806 ], [ 19.92917, 50.049673 ], [ 19.931637, 50.048828 ], [ 19.934138, 50.049696 ], [ 19.936605, 50.048851 ], [ 19.936572, 50.047138 ], [ 19.939039, 50.046293 ], [ 19.939006, 50.044581 ], [ 19.936505, 50.043714 ], [ 19.934038, 50.044559 ], [ 19.931537, 50.043692 ], [ 19.92907, 50.044537 ], [ 19.926569, 50.04367 ], [ 19.924101, 50.044515 ] ] ] } },
{ "type": "Feature", "properties": { "id": "3009727009", "name": "Na Możdżyniach", "district_id": "10", "population_est": 66 }, "geometry": { "type": "MultiPolygon", "coordinates": [ [ [ [ 20.002542, 49.993462 ], [ 20.002577, 49.995175 ], [ 20.000112, 49.996023 ], [ 20.000147, 49.997736 ], [ 20.002647, 49.998602 ], [ 20.005112, 49.997755 ], [ 20.005077, 49.996042 ], [ 20.007542, 49.995194 ], [ 20.010042, 49.99606 ], [ 20.012507, 49.995213 ], [ 20.012472, 49.9935 ], [ 20.009972, 49.992633 ], [ 20.007507, 49.993481 ], [ 20.005007, 49.992615 ], [ 20.002542, 49.993462 ] ] ], [ [ [ 20.005217, 50.002895 ], [ 20.005182, 50.001182 ], [ 20.002682, 50.000315 ], [ 20.000217, 50.001163 ], [ 20.000252, 50.002876 ], [ 20.002752, 50.003742 ], [ 20.005217, 50.002895 ] ] ] ] } },
{ "type": "Feature", "properties": { "id": "3009727375", "name": "Na Grobli", "district_id": "8", "population_est": 159 }, "geometry": { "type": "Polygon", "coordinates": [ [ [ 19.796778, 50.007054 ], [ 19.794311, 50.007896 ], [ 19.794341, 50.009609 ], [ 19.791874, 50.010452 ], [ 19.791904, 50.012165 ], [ 19.794401, 50.013035 ], [ 19.794431, 50.014748 ], [ 19.796929, 50.015618 ], [ 19.796959, 50.017331 ], [ 19.799457, 50.018201 ], [ 19.799487, 50.019914 ], [ 19.801985, 50.020784 ], [ 19.802016, 50.022497 ], [ 19.804514, 50.023367 ], [ 19.806981, 50.022524 ], [ 19.806951, 50.020811 ], [ 19.804453, 50.019941 ], [ 19.804422, 50.018229 ], [ 19.80689, 50.017386 ], [ 19.80686, 50.015673 ], [ 19.809327, 50.014831 ], [ 19.809297, 50.013118 ], [ 19.806799, 50.012248 ], [ 19.806768, 50.010535 ], [ 19.804271, 50.009665 ], [ 19.801803, 50.010507 ], [ 19.799306, 50.009637 ], [ 19.799276, 50.007924 ], [ 19.796778, 50.007054 ] ] ] } },
{ "type": "Feature", "properties": { "id": "3009727996", "name": "Nad Potokiem", "district_id": "12", "population_est": 102 }, "geometry": { "type": "Polygon", "coordinates": [ [ [ 20.007823, 50.0089 ], [ 20.007859, 50.010613 ], [ 20.005393, 50.01146 ], [ 20.005428, 50.013173 ], [ 20.007929, 50.014039 ], [ 20.007964, 50.015752 ], [ 20.010465, 50.016618 ], [ 20.012931, 50.015771 ], [ 20.012895, 50.014058 ], [ 20.015361, 50.013211 ], [ 20.015326, 50.011498 ], [ 20.017791, 50.01065 ], [ 20.017756, 50.008937 ], [ 20.015255, 50.008072 ], [ 20.012789, 50.008919 ], [ 20.010289, 50.008053 ], [ 20.007823, 50.0089 ] ] ] } },
{ "type": "Feature", "properties": { "id": "3009728433", "name": "Niebyła", "district_id": "10", "population_est": 234 }, "geometry": { "type": "Polygon", "coordinates": [ [ [ 19.952724, 49.984694 ], [ 19.955223, 49.985561 ], [ 19.955257, 49.987275 ], [ 19.952792, 49.988121 ], [ 19.952826, 49.989835 ], [ 19.955325, 49.990702 ], [ 19.95779, 49.989856 ], [ 19.960289, 49.990723 ], [ 19.960323, 49.992436 ], [ 19.962823, 49.993303 ], [ 19.965288, 49.992457 ], [ 19.965254, 49.990743 ], [ 19.967719, 49.989897 ], [ 19.967685, 49.988183 ], [ 19.965186, 49.987316 ], [ 19.965152, 49.985603 ], [ 19.962652, 49.984736 ], [ 19.962618, 49.983022 ], [ 19.960119, 49.982155 ], [ 19.957654, 49.983001 ], [ 19.955155, 49.982134 ], [ 19.95269, 49.98298 ], [ 19.952724, 49.984694 ] ] ] } },
{ "type": "Feature", "properties": { "id": "3009728637", "name": "Niwy", "district_id": "10", "population_est": 168 }, "geometry": { "type": "Polygon", "coordinates": [ [ [ 19.975114, 49.987357 ], [ 19.972649, 49.988204 ], [ 19.972684, 49.989917 ], [ 19.970219, 49.990764 ], [ 19.967719, 49.989897 ], [ 19.965254, 49.990743 ], [ 19.965288, 49.992457 ], [ 19.962823, 49.993303 ], [ 19.962857, 49.995017 ], [ 19.965356, 49.995884 ], [ 19.965391, 49.997597 ], [ 19.96789, 49.998464 ], [ 19.970356, 49.997618 ], [ 19.970321, 49.995904 ], [ 19.972787, 49.995058 ], [ 19.975286, 49.995924 ], [ 19.977752, 49.995078 ], [ 19.977717, 49.993364 ], [ 19.980182, 49.992518 ], [ 19.980148, 49.990804 ], [ 19.977648, 49.989937 ], [ 19.977614, 49.988224 ], [ 19.975114, 49.987357 ] ] ] } },
{ "type": "Feature", "properties": { "id": "3009729307", "name": "Nowa Wieś", "district_id": "18", "population_est": 31 }, "geometry": { "type": "Polygon", "coordinates": [ [ [ 20.15802, 50.062457 ], [ 20.155554, 50.063307 ], [ 20.155593, 50.065019 ], [ 20.158098, 50.065881 ], [ 20.160564, 50.065031 ], [ 20.163069, 50.065893 ], [ 20.163107, 50.067605 ], [ 20.165612, 50.068467 ], [ 20.168078, 50.067617 ], [ 20.170583, 50.068479 ], [ 20.173049, 50.067629 ], [ 20.17301, 50.065917 ], [ 20.175476, 50.065067 ], [ 20.175437, 50.063355 ], [ 20.172932, 50.062494 ], [ 20.172893, 50.060782 ], [ 20.170388, 50.05992 ], [ 20.167922, 50.06077 ], [ 20.165418, 50.059908 ], [ 20.162952, 50.060758 ], [ 20.160447, 50.059895 ], [ 20.157981, 50.060745 ], [ 20.15802, 50.062457 ] ] ] } },
{ "type": "Feature", "properties": { "id": "3009730640", "name": "Obczar", "district_id": "8", "population_est": 0 }, "geometry": { "type": "Polygon", "coordinates": [ [ [ 19.851014, 49.986788 ], [ 19.850983, 49.985074 ], [ 19.853449, 49.98423 ], [ 19.855946, 49.985099 ], [ 19.855978, 49.986813 ], [ 19.853512, 49.987657 ], [ 19.851014, 49.986788 ] ] ] } },
{ "type": "Feature", "properties": { "id": "3009730956", "name": "Ogrody Płaszów", "district_id": "13", "population_est": 184 }, "geometry": { "type": "Polygon", "coordinates": [ [ [ 19.988723, 50.046501 ], [ 19.986256, 50.047347 ], [ 19.986291, 50.049059 ], [ 19.983824, 50.049905 ], [ 19.983859, 50.051617 ], [ 19.98636, 50.052483 ], [ 19.986395, 50.054195 ], [ 19.988897, 50.055061 ], [ 19.991364, 50.054215 ], [ 19.991329, 50.052503 ], [ 19.993796, 50.051657 ], [ 19.996298, 50.052523 ], [ 19.998765, 50.051676 ], [ 19.99873, 50.049964 ], [ 20.001197, 50.049118 ], [ 20.001162, 50.047406 ], [ 20.003629, 50.046559 ], [ 20.003594, 50.044847 ], [ 20.001092, 50.043981 ], [ 19.998625, 50.044828 ], [ 19.996124, 50.043962 ], [ 19.993657, 50.044808 ], [ 19.991155, 50.043942 ], [ 19.988689, 50.044789 ], [ 19.988723, 50.046501 ] ] ] } },
{ "type": "Feature", "properties": { "id": "3009731059", "name": "Nowy Prokocim", "district_id": "12", "population_est": 135 }, "geometry": { "type": "Polygon", "coordinates": [ [ [ 19.995565, 50.016561 ], [ 19.9956, 50.018274 ], [ 19.998101, 50.01914 ], [ 20.000567, 50.018293 ], [ 20.003068, 50.019159 ], [ 20.003103, 50.020872 ], [ 20.005604, 50.021738 ], [ 20.00807, 50.020891 ], [ 20.010571, 50.021757 ], [ 20.013037, 50.020909 ], [ 20.013001, 50.019197 ], [ 20.0105, 50.018331 ], [ 20.010465, 50.016618 ], [ 20.007964, 50.015752 ], [ 20.005498, 50.016599 ], [ 20.002998, 50.015733 ], [ 20.000532, 50.01658 ], [ 19.998031, 50.015714 ], [ 19.995565, 50.016561 ] ] ] } },
{ "type": "Feature", "properties": { "id": "3009731452", "name": "Opatkowice-Łysa Góra", "district_id": "10", "population_est": 120 }, "geometry": { "type": "Polygon", "coordinates": [ [ [ 19.925439, 49.985432 ], [ 19.925472, 49.987145 ], [ 19.923006, 49.987991 ], [ 19.92304, 49.989704 ], [ 19.925538, 49.990572 ], [ 19.928004, 49.989727 ], [ 19.930503, 49.990594 ], [ 19.932968, 49.989749 ], [ 19.932935, 49.988035 ], [ 19.9354, 49.987189 ], [ 19.935367, 49.985476 ], [ 19.932868, 49.984608 ], [ 19.930403, 49.985454 ], [ 19.927904, 49.984586 ], [ 19.925439, 49.985432 ] ] ] } },
{ "type": "Feature", "properties": { "id": "3009732187", "name": "Osiedle 2 Pułku Lotniczego", "district_id": "14", "population_est": 66 }, "geometry": { "type": "Polygon", "coordinates": [ [ [ 19.996718, 50.073064 ], [ 19.996753, 50.074776 ], [ 19.999255, 50.075641 ], [ 19.99929, 50.077352 ], [ 20.001793, 50.078218 ], [ 20.004261, 50.077372 ], [ 20.006764, 50.078237 ], [ 20.006799, 50.079948 ], [ 20.009302, 50.080813 ], [ 20.01177, 50.079967 ], [ 20.011735, 50.078256 ], [ 20.014203, 50.077409 ], [ 20.014167, 50.075698 ], [ 20.011664, 50.074833 ], [ 20.009197, 50.075679 ], [ 20.006694, 50.074814 ], [ 20.006659, 50.073102 ], [ 20.004156, 50.072237 ], [ 20.001688, 50.073083 ], [ 19.999185, 50.072218 ], [ 19.996718, 50.073064 ] ] ] } },
{ "type": "Feature", "properties": { "id": "3009732193", "name": "Osiedle Dywizjonu 303", "district_id": "14", "population_est": 106 }, "geometry": { "type": "Polygon", "coordinates": [ [ [ 20.001898, 50.083352 ], [ 20.001934, 50.085063 ], [ 19.999465, 50.085909 ], [ 19.9995, 50.08762 ], [ 20.002004, 50.088486 ], [ 20.004472, 50.08764 ], [ 20.006975, 50.088505 ], [ 20.00701, 50.090216 ], [ 20.009514, 50.091081 ], [ 20.011982, 50.090235 ], [ 20.011947, 50.088524 ], [ 20.014415, 50.087677 ], [ 20.01438, 50.085966 ], [ 20.011876, 50.085101 ], [ 20.011841, 50.08339 ], [ 20.009338, 50.082525 ], [ 20.00687, 50.083371 ], [ 20.004366, 50.082506 ], [ 20.001898, 50.083352 ] ] ] } },
{ "type": "Feature", "properties": { "id": "3009732370", "name": "Osiedle Kościuszkowskie", "district_id": "14", "population_est": 43 }, "geometry": { "type": "Polygon", "coordinates": [ [ [ 20.014273, 50.080832 ], [ 20.01177, 50.079967 ], [ 20.009302, 50.080813 ], [ 20.009338, 50.082525 ], [ 20.011841, 50.08339 ], [ 20.011876, 50.085101 ], [ 20.01438, 50.085966 ], [ 20.016848, 50.08512 ], [ 20.016812, 50.083409 ], [ 20.014309, 50.082544 ], [ 20.014273, 50.080832 ] ] ] } },
{ "type": "Feature", "properties": { "id": "3009732430", "name": "Osiedle Medyków", "district_id": "12", "population_est": 65 }, "geometry": { "type": "Polygon", "coordinates": [ [ [ 19.992925, 50.008843 ], [ 19.99296, 50.010556 ], [ 19.990494, 50.011403 ], [ 19.990529, 50.013116 ], [ 19.988063, 50.013962 ], [ 19.988098, 50.015675 ], [ 19.990599, 50.016542 ], [ 19.990633, 50.018254 ], [ 19.993134, 50.019121 ], [ 19.9956, 50.018274 ], [ 19.995565, 50.016561 ], [ 19.998031, 50.015714 ], [ 19.997996, 50.014001 ], [ 20.000462, 50.013154 ], [ 20.000427, 50.011441 ], [ 20.002892, 50.010594 ], [ 20.002857, 50.008881 ], [ 20.000357, 50.008015 ], [ 19.997891, 50.008862 ], [ 19.995391, 50.007996 ], [ 19.992925, 50.008843 ] ] ] } },
{ "type": "Feature", "properties": { "id": "3009732502", "name": "Osiedle Nowy Bieżanów-Północ", "district_id": "12", "population_est": 331 }, "geometry": { "type": "Polygon", "coordinates": [ [ [ 20.020327, 50.013229 ], [ 20.017862, 50.014076 ], [ 20.017897, 50.015789 ], [ 20.015432, 50.016637 ], [ 20.015467, 50.01835 ], [ 20.013001, 50.019197 ], [ 20.013037, 50.020909 ], [ 20.015538, 50.021775 ], [ 20.015573, 50.023488 ], [ 20.018074, 50.024353 ], [ 20.02054, 50.023506 ], [ 20.023042, 50.024372 ], [ 20.025507, 50.023524 ], [ 20.025472, 50.021812 ], [ 20.027938, 50.020964 ], [ 20.027902, 50.019252 ], [ 20.025401, 50.018386 ], [ 20.025365, 50.016673 ], [ 20.022864, 50.015808 ], [ 20.022828, 50.014095 ], [ 20.020327, 50.013229 ] ] ] } },
{ "type": "Feature", "properties": { "id": "3009732661", "name": "Osiedle Robotnicze", "district_id": "7", "population_est": 139 }, "geometry": { "type": "Polygon", "coordinates": [ [ [ 19.899294, 50.046112 ], [ 19.896827, 50.046956 ], [ 19.894326, 50.046088 ], [ 19.891859, 50.046932 ], [ 19.891891, 50.048645 ], [ 19.894391, 50.049512 ], [ 19.896859, 50.048668 ], [ 19.89936, 50.049536 ], [ 19.901827, 50.048692 ], [ 19.904328, 50.04956 ], [ 19.906796, 50.048715 ], [ 19.909296, 50.049583 ], [ 19.911764, 50.048738 ], [ 19.914264, 50.049606 ], [ 19.916732, 50.048761 ], [ 19.916699, 50.047049 ], [ 19.914198, 50.046182 ], [ 19.914165, 50.044469 ], [ 19.911665, 50.043602 ], [ 19.909198, 50.044446 ], [ 19.906697, 50.043579 ], [ 19.90423, 50.044423 ], [ 19.901729, 50.043555 ], [ 19.899262, 50.0444 ], [ 19.899294, 50.046112 ] ] ] } },
{ "type": "Feature", "properties": { "id": "3009732662", "name": "Meksyk", "district_id": "18", "population_est": 35 }, "geometry": { "type": "Polygon", "coordinates": [ [ [ 20.090938, 50.063125 ], [ 20.090975, 50.064836 ], [ 20.088509, 50.065685 ], [ 20.088546, 50.067396 ], [ 20.09105, 50.06826 ], [ 20.091087, 50.069972 ], [ 20.08862, 50.07082 ], [ 20.088657, 50.072531 ], [ 20.091161, 50.073395 ], [ 20.091198, 50.075106 ], [ 20.093703, 50.07597 ], [ 20.09374, 50.077681 ], [ 20.091273, 50.078529 ], [ 20.09131, 50.080241 ], [ 20.093814, 50.081104 ], [ 20.093852, 50.082816 ], [ 20.096356, 50.083679 ], [ 20.098823, 50.082831 ], [ 20.098786, 50.08112 ], [ 20.101253, 50.080271 ], [ 20.101215, 50.07856 ], [ 20.103682, 50.077712 ], [ 20.103645, 50.076 ], [ 20.101141, 50.075137 ], [ 20.101103, 50.073425 ], [ 20.10357, 50.072577 ], [ 20.103532, 50.070865 ], [ 20.105999, 50.070017 ], [ 20.105962, 50.068305 ], [ 20.103458, 50.067442 ], [ 20.10342, 50.06573 ], [ 20.105887, 50.064882 ], [ 20.105849, 50.06317 ], [ 20.103345, 50.062306 ], [ 20.100879, 50.063155 ], [ 20.098375, 50.062292 ], [ 20.095908, 50.06314 ], [ 20.093405, 50.062276 ], [ 20.090938, 50.063125 ] ] ] } },
{ "type": "Feature", "properties": { "id": "3009732763", "name": "Osiedle za Dworem", "district_id": "8", "population_est": 510 }, "geometry": { "type": "Polygon", "coordinates": [ [ [ 19.863852, 50.009979 ], [ 19.861385, 50.010823 ], [ 19.861417, 50.012536 ], [ 19.85895, 50.01338 ], [ 19.856451, 50.012511 ], [ 19.853984, 50.013355 ], [ 19.854016, 50.015067 ], [ 19.851549, 50.015911 ], [ 19.85158, 50.017624 ], [ 19.854079, 50.018493 ], [ 19.85411, 50.020206 ], [ 19.856609, 50.021075 ], [ 19.856641, 50.022787 ], [ 19.85914, 50.023656 ], [ 19.861607, 50.022813 ], [ 19.864106, 50.023681 ], [ 19.866573, 50.022838 ], [ 19.866541, 50.021125 ], [ 19.869008, 50.020281 ], [ 19.868977, 50.018568 ], [ 19.871444, 50.017724 ], [ 19.871412, 50.016011 ], [ 19.873878, 50.015167 ], [ 19.873846, 50.013454 ], [ 19.871348, 50.012586 ], [ 19.871316, 50.010873 ], [ 19.868817, 50.010004 ], [ 19.86635, 50.010848 ], [ 19.863852, 50.009979 ] ] ] } },
{ "type": "Feature", "properties": { "id": "3009732977", "name": "Osiedle Tysiąclecia", "district_id": "15", "population_est": 78 }, "geometry": { "type": "Polygon", "coordinates": [ [ [ 19.997032, 50.088466 ], [ 19.997067, 50.090177 ], [ 19.994599, 50.091023 ], [ 19.994634, 50.092734 ], [ 19.997137, 50.0936 ], [ 19.999605, 50.092754 ], [ 20.002109, 50.093619 ], [ 20.004577, 50.092773 ], [ 20.007081, 50.093638 ], [ 20.009549, 50.092792 ], [ 20.009514, 50.091081 ], [ 20.00701, 50.090216 ], [ 20.006975, 50.088505 ], [ 20.004472, 50.08764 ], [ 20.002004, 50.088486 ], [ 19.9995, 50.08762 ], [ 19.997032, 50.088466 ] ] ] } },
{ "type": "Feature", "properties": { "id": "3009733017", "name": "Osiedle Widok Zarzecze", "district_id": "6", "population_est": 793 }, "geometry": { "type": "Polygon", "coordinates": [ [ [ 19.87734, 50.067402 ], [ 19.877372, 50.069114 ], [ 19.874903, 50.069957 ], [ 19.874935, 50.071669 ], [ 19.872467, 50.072512 ], [ 19.872499, 50.074223 ], [ 19.87003, 50.075067 ], [ 19.870062, 50.076778 ], [ 19.867593, 50.077621 ], [ 19.867625, 50.079333 ], [ 19.870126, 50.080201 ], [ 19.872595, 50.079358 ], [ 19.875096, 50.080226 ], [ 19.877565, 50.079382 ], [ 19.880066, 50.08025 ], [ 19.882535, 50.079407 ], [ 19.882503, 50.077695 ], [ 19.884972, 50.076852 ], [ 19.887473, 50.077719 ], [ 19.889942, 50.076876 ], [ 19.889909, 50.075164 ], [ 19.892378, 50.074321 ], [ 19.892345, 50.072609 ], [ 19.889844, 50.071742 ], [ 19.889812, 50.07003 ], [ 19.887311, 50.069162 ], [ 19.887279, 50.067451 ], [ 19.884778, 50.066583 ], [ 19.882309, 50.067426 ], [ 19.879809, 50.066558 ], [ 19.87734, 50.067402 ] ] ] } },
{ "type": "Feature", "properties": { "id": "3009733040", "name": "Osiedle Wojskowe", "district_id": "7", "population_est": 288 }, "geometry": { "type": "Polygon", "coordinates": [ [ [ 19.812314, 50.0431 ], [ 19.814813, 50.043969 ], [ 19.814843, 50.045682 ], [ 19.817342, 50.046551 ], [ 19.817373, 50.048263 ], [ 19.819872, 50.049133 ], [ 19.819903, 50.050845 ], [ 19.822402, 50.051714 ], [ 19.824871, 50.050871 ], [ 19.82484, 50.049159 ], [ 19.827308, 50.048317 ], [ 19.829808, 50.049186 ], [ 19.832276, 50.048343 ], [ 19.832245, 50.046631 ], [ 19.834713, 50.045788 ], [ 19.834682, 50.044076 ], [ 19.832183, 50.043207 ], [ 19.829715, 50.04405 ], [ 19.827216, 50.04318 ], [ 19.824747, 50.044023 ], [ 19.822248, 50.043154 ], [ 19.822217, 50.041442 ], [ 19.819718, 50.040572 ], [ 19.81725, 50.041415 ], [ 19.814751, 50.040545 ], [ 19.812283, 50.041388 ], [ 19.812314, 50.0431 ] ] ] } },
{ "type": "Feature", "properties": { "id": "3009733115", "name": "Osiedle Złotego Wieku", "district_id": "15", "population_est": 182 }, "geometry": { "type": "Polygon", "coordinates": [ [ [ 19.997172, 50.095311 ], [ 19.994704, 50.096156 ], [ 19.994738, 50.097867 ], [ 19.99227, 50.098713 ], [ 19.992305, 50.100424 ], [ 19.989836, 50.101269 ], [ 19.989871, 50.10298 ], [ 19.992374, 50.103845 ], [ 19.992409, 50.105556 ], [ 19.994913, 50.106421 ], [ 19.997382, 50.105576 ], [ 19.997347, 50.103865 ], [ 19.999816, 50.103019 ], [ 19.999781, 50.101309 ], [ 20.002249, 50.100463 ], [ 20.002214, 50.098752 ], [ 20.004683, 50.097906 ], [ 20.004648, 50.096195 ], [ 20.007116, 50.095349 ], [ 20.007081, 50.093638 ], [ 20.004577, 50.092773 ], [ 20.002109, 50.093619 ], [ 19.999605, 50.092754 ], [ 19.997137, 50.0936 ], [ 19.997172, 50.095311 ] ] ] } },
{ "type": "Feature", "properties": { "id": "3009733216", "name": "Podstawie", "district_id": "18", "population_est": 46 }, "geometry": { "type": "Polygon", "coordinates": [ [ [ 20.165612, 50.068467 ], [ 20.165651, 50.070179 ], [ 20.168156, 50.071041 ], [ 20.168195, 50.072752 ], [ 20.165729, 50.073602 ], [ 20.165768, 50.075314 ], [ 20.168274, 50.076175 ], [ 20.17074, 50.075326 ], [ 20.170701, 50.073614 ], [ 20.173167, 50.072764 ], [ 20.173128, 50.071053 ], [ 20.175594, 50.070203 ], [ 20.175555, 50.068491 ], [ 20.173049, 50.067629 ], [ 20.170583, 50.068479 ], [ 20.168078, 50.067617 ], [ 20.165612, 50.068467 ] ] ] } },
{ "type": "Feature", "properties": { "id": "3009733706", "name": "Podgórki", "district_id": "8", "population_est": 78 }, "geometry": { "type": "Polygon", "coordinates": [ [ [ 19.806525, 49.99683 ], [ 19.804058, 49.997673 ], [ 19.804089, 49.999386 ], [ 19.806586, 50.000257 ], [ 19.809053, 49.999414 ], [ 19.81155, 50.000284 ], [ 19.811581, 50.001997 ], [ 19.814078, 50.002867 ], [ 19.816545, 50.002024 ], [ 19.819043, 50.002894 ], [ 19.82151, 50.002051 ], [ 19.821479, 50.000338 ], [ 19.823946, 49.999495 ], [ 19.823915, 49.997781 ], [ 19.821417, 49.996911 ], [ 19.818951, 49.997755 ], [ 19.816453, 49.996885 ], [ 19.816423, 49.995171 ], [ 19.813925, 49.994301 ], [ 19.811459, 49.995144 ], [ 19.808961, 49.994274 ], [ 19.806495, 49.995117 ], [ 19.806525, 49.99683 ] ] ] } },
{ "type": "Feature", "properties": { "id": "3009734497", "name": "Podgórki Tynieckie", "district_id": "8", "population_est": 120 }, "geometry": { "type": "Polygon", "coordinates": [ [ [ 19.838839, 49.999573 ], [ 19.836372, 50.000417 ], [ 19.836403, 50.00213 ], [ 19.838901, 50.003 ], [ 19.838932, 50.004713 ], [ 19.836465, 50.005556 ], [ 19.836497, 50.007269 ], [ 19.838995, 50.008139 ], [ 19.839026, 50.009852 ], [ 19.841524, 50.010721 ], [ 19.843991, 50.009878 ], [ 19.846489, 50.010747 ], [ 19.846521, 50.01246 ], [ 19.849019, 50.013329 ], [ 19.84905, 50.015042 ], [ 19.851549, 50.015911 ], [ 19.854016, 50.015067 ], [ 19.853984, 50.013355 ], [ 19.851486, 50.012485 ], [ 19.851454, 50.010773 ], [ 19.853921, 50.009929 ], [ 19.85389, 50.008216 ], [ 19.851391, 50.007347 ], [ 19.85136, 50.005634 ], [ 19.848862, 50.004764 ], [ 19.84883, 50.003051 ], [ 19.851297, 50.002207 ], [ 19.851266, 50.000494 ], [ 19.848768, 49.999625 ], [ 19.848736, 49.997912 ], [ 19.846238, 49.997042 ], [ 19.843772, 49.997886 ], [ 19.841274, 49.997017 ], [ 19.838808, 49.99786 ], [ 19.838839, 49.999573 ] ] ] } },
{ "type": "Feature", "properties": { "id": "3009734517", "name": "Podgórze Duchackie", "district_id": "11", "population_est": 401 }, "geometry": { "type": "Polygon", "coordinates": [ [ [ 19.968096, 50.008743 ], [ 19.965596, 50.007876 ], [ 19.96313, 50.008723 ], [ 19.963164, 50.010436 ], [ 19.960698, 50.011282 ], [ 19.958198, 50.010415 ], [ 19.955732, 50.011261 ], [ 19.955766, 50.012974 ], [ 19.9533, 50.01382 ], [ 19.953334, 50.015533 ], [ 19.955834, 50.0164 ], [ 19.9583, 50.015554 ], [ 19.9608, 50.01642 ], [ 19.960834, 50.018133 ], [ 19.963335, 50.019 ], [ 19.965801, 50.018154 ], [ 19.968301, 50.019021 ], [ 19.970767, 50.018175 ], [ 19.970733, 50.016462 ], [ 19.968233, 50.015595 ], [ 19.968198, 50.013882 ], [ 19.965698, 50.013015 ], [ 19.965664, 50.011302 ], [ 19.96813, 50.010456 ], [ 19.968096, 50.008743 ] ] ] } },
{ "type": "Feature", "properties": { "id": "3009734705", "name": "Pasternik Drugi", "district_id": "18", "population_est": 8 }, "geometry": { "type": "Polygon", "coordinates": [ [ [ 20.175084, 50.047947 ], [ 20.175124, 50.049659 ], [ 20.177628, 50.050521 ], [ 20.180093, 50.049671 ], [ 20.182598, 50.050533 ], [ 20.185063, 50.049682 ], [ 20.187568, 50.050544 ], [ 20.187607, 50.052256 ], [ 20.190112, 50.053118 ], [ 20.192578, 50.052267 ], [ 20.192538, 50.050555 ], [ 20.195003, 50.049704 ], [ 20.194963, 50.047992 ], [ 20.192459, 50.047131 ], [ 20.189994, 50.047981 ], [ 20.187489, 50.047119 ], [ 20.185024, 50.04797 ], [ 20.182519, 50.047108 ], [ 20.180054, 50.047959 ], [ 20.17755, 50.047097 ], [ 20.175084, 50.047947 ] ] ] } },
{ "type": "Feature", "properties": { "id": "3009734706", "name": "Pasternik Pierwszy", "district_id": "18", "population_est": 0 }, "geometry": { "type": "Polygon", "coordinates": [ [ [ 20.204823, 50.044589 ], [ 20.204784, 50.042877 ], [ 20.202279, 50.042015 ], [ 20.199814, 50.042866 ], [ 20.199854, 50.044578 ], [ 20.197389, 50.045429 ], [ 20.197429, 50.047141 ], [ 20.199933, 50.048003 ], [ 20.202398, 50.047152 ], [ 20.202359, 50.04544 ], [ 20.204823, 50.044589 ] ] ] } },
{ "type": "Feature", "properties": { "id": "3009734780", "name": "Pastwiska", "district_id": "8", "population_est": 224 }, "geometry": { "type": "Polygon", "coordinates": [ [ [ 19.824285, 50.018337 ], [ 19.824316, 50.02005 ], [ 19.826814, 50.020919 ], [ 19.826845, 50.022632 ], [ 19.829343, 50.023502 ], [ 19.831811, 50.022658 ], [ 19.834309, 50.023528 ], [ 19.836777, 50.022685 ], [ 19.839275, 50.023554 ], [ 19.839306, 50.025267 ], [ 19.841805, 50.026136 ], [ 19.844273, 50.025292 ], [ 19.846771, 50.026162 ], [ 19.849239, 50.025318 ], [ 19.849207, 50.023606 ], [ 19.851675, 50.022762 ], [ 19.854174, 50.023631 ], [ 19.856641, 50.022787 ], [ 19.856609, 50.021075 ], [ 19.85411, 50.020206 ], [ 19.854079, 50.018493 ], [ 19.85158, 50.017624 ], [ 19.851549, 50.015911 ], [ 19.84905, 50.015042 ], [ 19.846583, 50.015886 ], [ 19.844085, 50.015016 ], [ 19.841618, 50.01586 ], [ 19.839119, 50.01499 ], [ 19.836652, 50.015834 ], [ 19.834154, 50.014964 ], [ 19.831687, 50.015808 ], [ 19.829188, 50.014938 ], [ 19.826721, 50.015781 ], [ 19.826752, 50.017494 ], [ 19.824285, 50.018337 ] ] ] } },
{ "type": "Feature", "properties": { "id": "3009735647", "name": "Piasek", "district_id": "1", "population_est": 643 }, "geometry": { "type": "Polygon", "coordinates": [ [ [ 19.921999, 50.064191 ], [ 19.9245, 50.065058 ], [ 19.924533, 50.06677 ], [ 19.927035, 50.067637 ], [ 19.927068, 50.069348 ], [ 19.92957, 50.070215 ], [ 19.929603, 50.071927 ], [ 19.932105, 50.072794 ], [ 19.934573, 50.071949 ], [ 19.934539, 50.070237 ], [ 19.937008, 50.069392 ], [ 19.936974, 50.067681 ], [ 19.939442, 50.066836 ], [ 19.939409, 50.065124 ], [ 19.936907, 50.064258 ], [ 19.934439, 50.065102 ], [ 19.931938, 50.064235 ], [ 19.931904, 50.062524 ], [ 19.929403, 50.061657 ], [ 19.926935, 50.062501 ], [ 19.924434, 50.061634 ], [ 19.921966, 50.062479 ], [ 19.921999, 50.064191 ] ] ] } },
{ "type": "Feature", "properties": { "id": "3009735678", "name": "Piaski Wielkie", "district_id": "11", "population_est": 186 }, "geometry": { "type": "Polygon", "coordinates": [ [ [ 19.965493, 50.002737 ], [ 19.963028, 50.003583 ], [ 19.963062, 50.005296 ], [ 19.965561, 50.006163 ], [ 19.965596, 50.007876 ], [ 19.968096, 50.008743 ], [ 19.970561, 50.007897 ], [ 19.973062, 50.008763 ], [ 19.975527, 50.007917 ], [ 19.975493, 50.006204 ], [ 19.977958, 50.005357 ], [ 19.980459, 50.006224 ], [ 19.982924, 50.005377 ], [ 19.98289, 50.003664 ], [ 19.98039, 50.002798 ], [ 19.977924, 50.003644 ], [ 19.975424, 50.002778 ], [ 19.97539, 50.001064 ], [ 19.97289, 50.000198 ], [ 19.970424, 50.001044 ], [ 19.967925, 50.000177 ], [ 19.965459, 50.001024 ], [ 19.965493, 50.002737 ] ] ] } },
{ "type": "Feature", "properties": { "id": "3009735704", "name": "Piaski", "district_id": "8", "population_est": 138 }, "geometry": { "type": "Polygon", "coordinates": [ [ [ 19.816729, 50.012302 ], [ 19.814262, 50.013145 ], [ 19.814292, 50.014858 ], [ 19.811825, 50.015701 ], [ 19.811855, 50.017413 ], [ 19.814354, 50.018283 ], [ 19.814384, 50.019996 ], [ 19.816882, 50.020866 ], [ 19.81935, 50.020023 ], [ 19.821848, 50.020893 ], [ 19.824316, 50.02005 ], [ 19.824285, 50.018337 ], [ 19.826752, 50.017494 ], [ 19.826721, 50.015781 ], [ 19.824223, 50.014911 ], [ 19.821756, 50.015755 ], [ 19.819258, 50.014885 ], [ 19.819227, 50.013172 ], [ 19.816729, 50.012302 ] ] ] } },
{ "type": "Feature", "properties": { "id": "3009735989", "name": "Piekiełko", "district_id": "18", "population_est": 35 }, "geometry": { "type": "Polygon", "coordinates": [ [ [ 20.110631, 50.054625 ], [ 20.113135, 50.055488 ], [ 20.113173, 50.0572 ], [ 20.110706, 50.058049 ], [ 20.110744, 50.059761 ], [ 20.113248, 50.060624 ], [ 20.113286, 50.062336 ], [ 20.11579, 50.063199 ], [ 20.115828, 50.064911 ], [ 20.118332, 50.065774 ], [ 20.120798, 50.064925 ], [ 20.123302, 50.065788 ], [ 20.125769, 50.064939 ], [ 20.125731, 50.063227 ], [ 20.123227, 50.062364 ], [ 20.123189, 50.060652 ], [ 20.120684, 50.059789 ], [ 20.120647, 50.058077 ], [ 20.123113, 50.057228 ], [ 20.123075, 50.055516 ], [ 20.120571, 50.054653 ], [ 20.120533, 50.052941 ], [ 20.118029, 50.052078 ], [ 20.115563, 50.052927 ], [ 20.11306, 50.052064 ], [ 20.110594, 50.052913 ], [ 20.110631, 50.054625 ] ] ] } },
{ "type": "Feature", "properties": { "id": "3009738212", "name": "Pod Lasem", "district_id": "8", "population_est": 49 }, "geometry": { "type": "Polygon", "coordinates": [ [ [ 19.831346, 49.996964 ], [ 19.828879, 49.997808 ], [ 19.826381, 49.996938 ], [ 19.823915, 49.997781 ], [ 19.823946, 49.999495 ], [ 19.821479, 50.000338 ], [ 19.82151, 50.002051 ], [ 19.819043, 50.002894 ], [ 19.819073, 50.004607 ], [ 19.821571, 50.005477 ], [ 19.824038, 50.004634 ], [ 19.824007, 50.002921 ], [ 19.826474, 50.002078 ], [ 19.828972, 50.002947 ], [ 19.831439, 50.002104 ], [ 19.833936, 50.002974 ], [ 19.836403, 50.00213 ], [ 19.836372, 50.000417 ], [ 19.838839, 49.999573 ], [ 19.838808, 49.99786 ], [ 19.841274, 49.997017 ], [ 19.841243, 49.995303 ], [ 19.838745, 49.994434 ], [ 19.836279, 49.995277 ], [ 19.833781, 49.994408 ], [ 19.831315, 49.995251 ], [ 19.831346, 49.996964 ] ] ] } },
{ "type": "Feature", "properties": { "id": "3009738986", "name": "Pode Cłem", "district_id": "18", "population_est": 147 }, "geometry": { "type": "Polygon", "coordinates": [ [ [ 20.165768, 50.075314 ], [ 20.163302, 50.076163 ], [ 20.163341, 50.077875 ], [ 20.160874, 50.078724 ], [ 20.158369, 50.077862 ], [ 20.155903, 50.078712 ], [ 20.155941, 50.080423 ], [ 20.158447, 50.081285 ], [ 20.158486, 50.082997 ], [ 20.160991, 50.083859 ], [ 20.163458, 50.083009 ], [ 20.165963, 50.083871 ], [ 20.16843, 50.083021 ], [ 20.170935, 50.083883 ], [ 20.173402, 50.083033 ], [ 20.175907, 50.083895 ], [ 20.178374, 50.083045 ], [ 20.178335, 50.081334 ], [ 20.180801, 50.080484 ], [ 20.180762, 50.078772 ], [ 20.178256, 50.077911 ], [ 20.178217, 50.076199 ], [ 20.175711, 50.075338 ], [ 20.173245, 50.076187 ], [ 20.17074, 50.075326 ], [ 20.168274, 50.076175 ], [ 20.165768, 50.075314 ] ] ] } },
{ "type": "Feature", "properties": { "id": "3009739007", "name": "Podedworze", "district_id": "8", "population_est": 86 }, "geometry": { "type": "MultiPolygon", "coordinates": [ [ [ [ 19.826814, 50.020919 ], [ 19.824316, 50.02005 ], [ 19.821848, 50.020893 ], [ 19.821879, 50.022605 ], [ 19.824377, 50.023475 ], [ 19.826845, 50.022632 ], [ 19.826814, 50.020919 ] ] ], [ [ [ 19.829343, 50.023502 ], [ 19.829374, 50.025214 ], [ 19.826907, 50.026057 ], [ 19.826937, 50.02777 ], [ 19.829436, 50.028639 ], [ 19.829467, 50.030352 ], [ 19.831966, 50.031221 ], [ 19.834433, 50.030378 ], [ 19.836932, 50.031247 ], [ 19.8394, 50.030404 ], [ 19.841899, 50.031273 ], [ 19.844367, 50.03043 ], [ 19.844335, 50.028718 ], [ 19.846803, 50.027874 ], [ 19.846771, 50.026162 ], [ 19.844273, 50.025292 ], [ 19.841805, 50.026136 ], [ 19.839306, 50.025267 ], [ 19.839275, 50.023554 ], [ 19.836777, 50.022685 ], [ 19.834309, 50.023528 ], [ 19.831811, 50.022658 ], [ 19.829343, 50.023502 ] ] ] ] } },
{ "type": "Feature", "properties": { "id": "3009739249", "name": "Podgórze", "district_id": "13", "population_est": 476 }, "geometry": { "type": "Polygon", "coordinates": [ [ [ 19.943772, 50.034329 ], [ 19.943805, 50.036041 ], [ 19.946306, 50.036908 ], [ 19.94634, 50.038621 ], [ 19.948841, 50.039488 ], [ 19.948874, 50.0412 ], [ 19.951375, 50.042067 ], [ 19.951409, 50.043779 ], [ 19.95391, 50.044646 ], [ 19.953944, 50.046358 ], [ 19.956445, 50.047224 ], [ 19.956479, 50.048937 ], [ 19.958981, 50.049803 ], [ 19.961448, 50.048958 ], [ 19.961414, 50.047245 ], [ 19.963881, 50.0464 ], [ 19.963847, 50.044688 ], [ 19.966314, 50.043842 ], [ 19.96628, 50.04213 ], [ 19.968746, 50.041284 ], [ 19.968712, 50.039571 ], [ 19.966211, 50.038705 ], [ 19.966177, 50.036993 ], [ 19.963676, 50.036126 ], [ 19.961209, 50.036972 ], [ 19.958708, 50.036105 ], [ 19.958674, 50.034393 ], [ 19.956174, 50.033526 ], [ 19.95614, 50.031814 ], [ 19.953639, 50.030947 ], [ 19.951172, 50.031792 ], [ 19.948672, 50.030926 ], [ 19.946205, 50.031771 ], [ 19.946239, 50.033484 ], [ 19.943772, 50.034329 ] ] ] } },
{ "type": "Feature", "properties": { "id": "3009739997", "name": "Podlesie", "district_id": "11", "population_est": 188 }, "geometry": { "type": "Polygon", "coordinates": [ [ [ 19.975596, 50.011343 ], [ 19.975631, 50.013056 ], [ 19.978131, 50.013923 ], [ 19.978165, 50.015636 ], [ 19.980666, 50.016502 ], [ 19.983132, 50.015656 ], [ 19.985632, 50.016522 ], [ 19.988098, 50.015675 ], [ 19.988063, 50.013962 ], [ 19.985563, 50.013096 ], [ 19.985528, 50.011383 ], [ 19.983028, 50.010517 ], [ 19.980562, 50.011363 ], [ 19.978062, 50.010497 ], [ 19.975596, 50.011343 ] ] ] } },
{ "type": "Feature", "properties": { "id": "3009740176", "name": "Podlipki", "district_id": "8", "population_est": 263 }, "geometry": { "type": "Polygon", "coordinates": [ [ [ 19.848579, 49.989345 ], [ 19.851077, 49.990215 ], [ 19.851108, 49.991928 ], [ 19.848642, 49.992772 ], [ 19.848673, 49.994485 ], [ 19.846207, 49.995329 ], [ 19.843709, 49.99446 ], [ 19.841243, 49.995303 ], [ 19.841274, 49.997017 ], [ 19.843772, 49.997886 ], [ 19.846238, 49.997042 ], [ 19.848736, 49.997912 ], [ 19.851203, 49.997068 ], [ 19.853701, 49.997937 ], [ 19.856167, 49.997093 ], [ 19.856135, 49.99538 ], [ 19.858602, 49.994536 ], [ 19.85857, 49.992823 ], [ 19.856072, 49.991953 ], [ 19.856041, 49.99024 ], [ 19.858507, 49.989396 ], [ 19.858475, 49.987682 ], [ 19.855978, 49.986813 ], [ 19.853512, 49.987657 ], [ 19.851014, 49.986788 ], [ 19.848548, 49.987632 ], [ 19.848579, 49.989345 ] ] ] } },
{ "type": "Feature", "properties": { "id": "3009740644", "name": "Podwierzbie", "district_id": "13", "population_est": 121 }, "geometry": { "type": "Polygon", "coordinates": [ [ [ 20.058286, 50.046756 ], [ 20.060789, 50.04762 ], [ 20.060825, 50.049333 ], [ 20.058359, 50.05018 ], [ 20.058395, 50.051892 ], [ 20.060898, 50.052757 ], [ 20.060935, 50.054469 ], [ 20.063438, 50.055333 ], [ 20.065904, 50.054485 ], [ 20.068407, 50.05535 ], [ 20.070874, 50.054502 ], [ 20.070837, 50.05279 ], [ 20.073303, 50.051942 ], [ 20.073267, 50.05023 ], [ 20.070764, 50.049365 ], [ 20.070727, 50.047653 ], [ 20.073193, 50.046805 ], [ 20.073156, 50.045093 ], [ 20.070653, 50.044229 ], [ 20.068187, 50.045077 ], [ 20.065685, 50.044213 ], [ 20.063218, 50.04506 ], [ 20.060716, 50.044196 ], [ 20.05825, 50.045044 ], [ 20.058286, 50.046756 ] ] ] } },
{ "type": "Feature", "properties": { "id": "3009741104", "name": "Pokrzywki", "district_id": "10", "population_est": 149 }, "geometry": { "type": "Polygon", "coordinates": [ [ [ 19.95502, 49.975279 ], [ 19.955054, 49.976993 ], [ 19.952589, 49.977839 ], [ 19.952623, 49.979553 ], [ 19.955121, 49.98042 ], [ 19.955155, 49.982134 ], [ 19.957654, 49.983001 ], [ 19.960119, 49.982155 ], [ 19.962618, 49.983022 ], [ 19.965083, 49.982176 ], [ 19.965049, 49.980462 ], [ 19.967514, 49.979615 ], [ 19.96748, 49.977901 ], [ 19.964981, 49.977034 ], [ 19.964947, 49.97532 ], [ 19.962448, 49.974453 ], [ 19.959983, 49.9753 ], [ 19.957484, 49.974433 ], [ 19.95502, 49.975279 ] ] ] } },
{ "type": "Feature", "properties": { "id": "3009741106", "name": "Pokrzywnica", "district_id": "10", "population_est": 169 }, "geometry": { "type": "Polygon", "coordinates": [ [ [ 19.942561, 49.972655 ], [ 19.942594, 49.974369 ], [ 19.940129, 49.975215 ], [ 19.940163, 49.976929 ], [ 19.942661, 49.977797 ], [ 19.945126, 49.97695 ], [ 19.947625, 49.977818 ], [ 19.95009, 49.976972 ], [ 19.952589, 49.977839 ], [ 19.955054, 49.976993 ], [ 19.95502, 49.975279 ], [ 19.952521, 49.974412 ], [ 19.952487, 49.972698 ], [ 19.949989, 49.97183 ], [ 19.947524, 49.972676 ], [ 19.945025, 49.971809 ], [ 19.942561, 49.972655 ] ] ] } },
{ "type": "Feature", "properties": { "id": "3009741112", "name": "Pokusa", "district_id": "10", "population_est": 87 }, "geometry": { "type": "Polygon", "coordinates": [ [ [ 19.982578, 49.988244 ], [ 19.982613, 49.989957 ], [ 19.980148, 49.990804 ], [ 19.980182, 49.992518 ], [ 19.977717, 49.993364 ], [ 19.977752, 49.995078 ], [ 19.980251, 49.995945 ], [ 19.982717, 49.995098 ], [ 19.985216, 49.995964 ], [ 19.987682, 49.995118 ], [ 19.987647, 49.993404 ], [ 19.990112, 49.992557 ], [ 19.990077, 49.990844 ], [ 19.992542, 49.989997 ], [ 19.992507, 49.988283 ], [ 19.990008, 49.987417 ], [ 19.987543, 49.988264 ], [ 19.985043, 49.987397 ], [ 19.982578, 49.988244 ] ] ] } },
{ "type": "Feature", "properties": { "id": "3009741537", "name": "Poręba", "district_id": "11", "population_est": 328 }, "geometry": { "type": "Polygon", "coordinates": [ [ [ 19.985355, 50.002818 ], [ 19.98289, 50.003664 ], [ 19.982924, 50.005377 ], [ 19.985424, 50.006244 ], [ 19.985459, 50.007957 ], [ 19.987959, 50.008823 ], [ 19.990425, 50.007977 ], [ 19.992925, 50.008843 ], [ 19.995391, 50.007996 ], [ 19.997891, 50.008862 ], [ 20.000357, 50.008015 ], [ 20.000322, 50.006302 ], [ 19.997821, 50.005436 ], [ 19.997786, 50.003723 ], [ 19.995286, 50.002857 ], [ 19.995251, 50.001143 ], [ 19.992751, 50.000277 ], [ 19.990286, 50.001124 ], [ 19.987786, 50.000258 ], [ 19.98532, 50.001104 ], [ 19.985355, 50.002818 ] ] ] } },
{ "type": "Feature", "properties": { "id": "3009741966", "name": "Potrzask", "district_id": "12", "population_est": 610 }, "geometry": { "type": "Polygon", "coordinates": [ [ [ 20.047589, 50.010757 ], [ 20.045124, 50.011605 ], [ 20.042623, 50.01074 ], [ 20.040157, 50.011588 ], [ 20.040193, 50.013301 ], [ 20.037728, 50.014148 ], [ 20.037764, 50.015861 ], [ 20.040265, 50.016726 ], [ 20.040301, 50.018439 ], [ 20.042803, 50.019304 ], [ 20.045268, 50.018457 ], [ 20.04777, 50.019322 ], [ 20.050235, 50.018474 ], [ 20.050199, 50.016761 ], [ 20.052664, 50.015913 ], [ 20.052628, 50.0142 ], [ 20.055093, 50.013352 ], [ 20.055057, 50.011639 ], [ 20.057522, 50.010791 ], [ 20.057486, 50.009078 ], [ 20.054984, 50.008213 ], [ 20.052519, 50.009061 ], [ 20.050018, 50.008196 ], [ 20.047553, 50.009044 ], [ 20.047589, 50.010757 ] ] ] } },
{ "type": "Feature", "properties": { "id": "3009742650", "name": "Przegorzały", "district_id": "7", "population_est": 406 }, "geometry": { "type": "Polygon", "coordinates": [ [ [ 19.859615, 50.049341 ], [ 19.859646, 50.051053 ], [ 19.862146, 50.051922 ], [ 19.862178, 50.053634 ], [ 19.864678, 50.054502 ], [ 19.86471, 50.056214 ], [ 19.86721, 50.057082 ], [ 19.867242, 50.058794 ], [ 19.869742, 50.059662 ], [ 19.872211, 50.058819 ], [ 19.874711, 50.059687 ], [ 19.877179, 50.058844 ], [ 19.877147, 50.057132 ], [ 19.879616, 50.056288 ], [ 19.879583, 50.054576 ], [ 19.882052, 50.053732 ], [ 19.882019, 50.05202 ], [ 19.884487, 50.051177 ], [ 19.884455, 50.049465 ], [ 19.886923, 50.048621 ], [ 19.886891, 50.046909 ], [ 19.889358, 50.046064 ], [ 19.889326, 50.044352 ], [ 19.886826, 50.043484 ], [ 19.884358, 50.044328 ], [ 19.881858, 50.04346 ], [ 19.87939, 50.044304 ], [ 19.879423, 50.046016 ], [ 19.876955, 50.04686 ], [ 19.874455, 50.045992 ], [ 19.871987, 50.046835 ], [ 19.869487, 50.045967 ], [ 19.867019, 50.046811 ], [ 19.864519, 50.045942 ], [ 19.862051, 50.046786 ], [ 19.862083, 50.048498 ], [ 19.859615, 50.049341 ] ] ] } },
{ "type": "Feature", "properties": { "id": "3009743014", "name": "Przylasek Wyciąski", "district_id": "18", "population_est": 142 }, "geometry": { "type": "Polygon", "coordinates": [ [ [ 20.170232, 50.053072 ], [ 20.170271, 50.054784 ], [ 20.172776, 50.055646 ], [ 20.172815, 50.057358 ], [ 20.170349, 50.058208 ], [ 20.170388, 50.05992 ], [ 20.172893, 50.060782 ], [ 20.172932, 50.062494 ], [ 20.175437, 50.063355 ], [ 20.177903, 50.062505 ], [ 20.180408, 50.063367 ], [ 20.180447, 50.065079 ], [ 20.182952, 50.065941 ], [ 20.185418, 50.06509 ], [ 20.185379, 50.063379 ], [ 20.187844, 50.062528 ], [ 20.187805, 50.060816 ], [ 20.19027, 50.059966 ], [ 20.190231, 50.058254 ], [ 20.192696, 50.057404 ], [ 20.192657, 50.055691 ], [ 20.190152, 50.05483 ], [ 20.190112, 50.053118 ], [ 20.187607, 50.052256 ], [ 20.187568, 50.050544 ], [ 20.185063, 50.049682 ], [ 20.182598, 50.050533 ], [ 20.180093, 50.049671 ], [ 20.177628, 50.050521 ], [ 20.175124, 50.049659 ], [ 20.172658, 50.050509 ], [ 20.172697, 50.052221 ], [ 20.170232, 50.053072 ] ] ] } },
{ "type": "Feature", "properties": { "id": "3009746625", "name": "Rogatka Warszawska", "district_id": "3", "population_est": 90 }, "geometry": { "type": "Polygon", "coordinates": [ [ [ 19.94715, 50.079705 ], [ 19.944682, 50.08055 ], [ 19.944715, 50.082261 ], [ 19.947217, 50.083127 ], [ 19.947251, 50.084839 ], [ 19.949754, 50.085705 ], [ 19.952222, 50.08486 ], [ 19.952188, 50.083149 ], [ 19.954657, 50.082304 ], [ 19.954623, 50.080593 ], [ 19.952121, 50.079726 ], [ 19.949652, 50.080571 ], [ 19.94715, 50.079705 ] ] ] } },
{ "type": "Feature", "properties": { "id": "3009746631", "name": "Rogatka", "district_id": "13", "population_est": 181 }, "geometry": { "type": "Polygon", "coordinates": [ [ [ 19.995914, 50.033688 ], [ 19.998416, 50.034554 ], [ 19.998451, 50.036266 ], [ 19.995984, 50.037113 ], [ 19.996019, 50.038825 ], [ 19.998521, 50.039691 ], [ 19.998555, 50.041403 ], [ 19.996089, 50.04225 ], [ 19.996124, 50.043962 ], [ 19.998625, 50.044828 ], [ 20.001092, 50.043981 ], [ 20.003594, 50.044847 ], [ 20.006061, 50.044 ], [ 20.006025, 50.042288 ], [ 20.008492, 50.041441 ], [ 20.008457, 50.039729 ], [ 20.010923, 50.038882 ], [ 20.010888, 50.03717 ], [ 20.008386, 50.036304 ], [ 20.008351, 50.034592 ], [ 20.010818, 50.033745 ], [ 20.010782, 50.032032 ], [ 20.008281, 50.031167 ], [ 20.005815, 50.032014 ], [ 20.003313, 50.031148 ], [ 20.000847, 50.031995 ], [ 19.998346, 50.031129 ], [ 19.995879, 50.031975 ], [ 19.995914, 50.033688 ] ] ] } },
{ "type": "Feature", "properties": { "id": "3009747938", "name": "Rędzina", "district_id": "8", "population_est": 354 }, "geometry": { "type": "Polygon", "coordinates": [ [ [ 19.868785, 50.008291 ], [ 19.868817, 50.010004 ], [ 19.871316, 50.010873 ], [ 19.871348, 50.012586 ], [ 19.873846, 50.013454 ], [ 19.876313, 50.01261 ], [ 19.878812, 50.013479 ], [ 19.878844, 50.015192 ], [ 19.881343, 50.01606 ], [ 19.88381, 50.015216 ], [ 19.883778, 50.013503 ], [ 19.881279, 50.012635 ], [ 19.881247, 50.010922 ], [ 19.878748, 50.010053 ], [ 19.878716, 50.00834 ], [ 19.876217, 50.007471 ], [ 19.87375, 50.008316 ], [ 19.871252, 50.007447 ], [ 19.868785, 50.008291 ] ] ] } },
{ "type": "Feature", "properties": { "id": "3009748154", "name": "Sadka", "district_id": "11", "population_est": 102 }, "geometry": { "type": "Polygon", "coordinates": [ [ [ 19.985459, 50.007957 ], [ 19.982993, 50.008804 ], [ 19.983028, 50.010517 ], [ 19.985528, 50.011383 ], [ 19.985563, 50.013096 ], [ 19.988063, 50.013962 ], [ 19.990529, 50.013116 ], [ 19.990494, 50.011403 ], [ 19.99296, 50.010556 ], [ 19.992925, 50.008843 ], [ 19.990425, 50.007977 ], [ 19.987959, 50.008823 ], [ 19.985459, 50.007957 ] ] ] } },
{ "type": "Feature", "properties": { "id": "3009748247", "name": "Samborek", "district_id": "8", "population_est": 0 }, "geometry": { "type": "Polygon", "coordinates": [ [ [ 19.808931, 49.992561 ], [ 19.806434, 49.99169 ], [ 19.803967, 49.992533 ], [ 19.803998, 49.994247 ], [ 19.801531, 49.99509 ], [ 19.801561, 49.996803 ], [ 19.799094, 49.997646 ], [ 19.796597, 49.996775 ], [ 19.79413, 49.997618 ], [ 19.79416, 49.999331 ], [ 19.796657, 50.000202 ], [ 19.799124, 49.999359 ], [ 19.801622, 50.000229 ], [ 19.804089, 49.999386 ], [ 19.804058, 49.997673 ], [ 19.806525, 49.99683 ], [ 19.806495, 49.995117 ], [ 19.808961, 49.994274 ], [ 19.808931, 49.992561 ] ] ] } },
{ "type": "Feature", "properties": { "id": "3009748434", "name": "Siarczana Góra", "district_id": "10", "population_est": 394 }, "geometry": { "type": "Polygon", "coordinates": [ [ [ 19.95036, 49.990681 ], [ 19.950394, 49.992394 ], [ 19.947929, 49.99324 ], [ 19.947963, 49.994954 ], [ 19.950462, 49.995821 ], [ 19.950496, 49.997534 ], [ 19.94803, 49.99838 ], [ 19.948064, 50.000094 ], [ 19.950563, 50.000961 ], [ 19.953029, 50.000115 ], [ 19.955528, 50.000982 ], [ 19.957994, 50.000136 ], [ 19.960494, 50.001003 ], [ 19.962959, 50.000157 ], [ 19.965459, 50.001024 ], [ 19.967925, 50.000177 ], [ 19.96789, 49.998464 ], [ 19.965391, 49.997597 ], [ 19.965356, 49.995884 ], [ 19.962857, 49.995017 ], [ 19.962823, 49.993303 ], [ 19.960323, 49.992436 ], [ 19.960289, 49.990723 ], [ 19.95779, 49.989856 ], [ 19.955325, 49.990702 ], [ 19.952826, 49.989835 ], [ 19.95036, 49.990681 ] ] ] } },
{ "type": "Feature", "properties": { "id": "3009748458", "name": "Sidzina-Zagumnie", "district_id": "8", "population_est": 373 }, "geometry": { "type": "Polygon", "coordinates": [ [ [ 19.858475, 49.987682 ], [ 19.858507, 49.989396 ], [ 19.856041, 49.99024 ], [ 19.856072, 49.991953 ], [ 19.85857, 49.992823 ], [ 19.858602, 49.994536 ], [ 19.8611, 49.995405 ], [ 19.861131, 49.997118 ], [ 19.863629, 49.997987 ], [ 19.866096, 49.997143 ], [ 19.868594, 49.998012 ], [ 19.87106, 49.997168 ], [ 19.873558, 49.998037 ], [ 19.876025, 49.997192 ], [ 19.878523, 49.998061 ], [ 19.880989, 49.997217 ], [ 19.880957, 49.995503 ], [ 19.878459, 49.994635 ], [ 19.878427, 49.992921 ], [ 19.875929, 49.992052 ], [ 19.875897, 49.990339 ], [ 19.873399, 49.98947 ], [ 19.873367, 49.987757 ], [ 19.870869, 49.986888 ], [ 19.868403, 49.987732 ], [ 19.865905, 49.986863 ], [ 19.865873, 49.985149 ], [ 19.863376, 49.98428 ], [ 19.86091, 49.985125 ], [ 19.858412, 49.984255 ], [ 19.855946, 49.985099 ], [ 19.855978, 49.986813 ], [ 19.858475, 49.987682 ] ] ] } },
{ "type": "Feature", "properties": { "id": "3009748460", "name": "Sidziska", "district_id": "10", "population_est": 169 }, "geometry": { "type": "Polygon", "coordinates": [ [ [ 19.900554, 49.981891 ], [ 19.898088, 49.982736 ], [ 19.898121, 49.984449 ], [ 19.895655, 49.985294 ], [ 19.895688, 49.987008 ], [ 19.893222, 49.987853 ], [ 19.893255, 49.989566 ], [ 19.890789, 49.990411 ], [ 19.890821, 49.992125 ], [ 19.893319, 49.992993 ], [ 19.895785, 49.992148 ], [ 19.898284, 49.993017 ], [ 19.90075, 49.992172 ], [ 19.900717, 49.990458 ], [ 19.903183, 49.989613 ], [ 19.90315, 49.9879 ], [ 19.905616, 49.987055 ], [ 19.905583, 49.985341 ], [ 19.903085, 49.984473 ], [ 19.903052, 49.982759 ], [ 19.900554, 49.981891 ] ] ] } },
{ "type": "Feature", "properties": { "id": "3009749161", "name": "Skotnica", "district_id": "4", "population_est": 136 }, "geometry": { "type": "Polygon", "coordinates": [ [ [ 19.892865, 50.099988 ], [ 19.890396, 50.100831 ], [ 19.890428, 50.102542 ], [ 19.89293, 50.103409 ], [ 19.892963, 50.10512 ], [ 19.895465, 50.105987 ], [ 19.895498, 50.107698 ], [ 19.898, 50.108565 ], [ 19.898033, 50.110276 ], [ 19.900535, 50.111143 ], [ 19.903005, 50.110299 ], [ 19.902972, 50.108589 ], [ 19.905442, 50.107745 ], [ 19.905409, 50.106034 ], [ 19.902907, 50.105167 ], [ 19.900437, 50.106011 ], [ 19.897935, 50.105144 ], [ 19.897902, 50.103433 ], [ 19.8954, 50.102566 ], [ 19.895367, 50.100855 ], [ 19.892865, 50.099988 ] ] ] } },
{ "type": "Feature", "properties": { "id": "3009749191", "name": "Skotniki Sieczkowskie", "district_id": "8", "population_est": 281 }, "geometry": { "type": "Polygon", "coordinates": [ [ [ 19.858602, 49.994536 ], [ 19.856135, 49.99538 ], [ 19.856167, 49.997093 ], [ 19.853701, 49.997937 ], [ 19.851203, 49.997068 ], [ 19.848736, 49.997912 ], [ 19.848768, 49.999625 ], [ 19.851266, 50.000494 ], [ 19.851297, 50.002207 ], [ 19.84883, 50.003051 ], [ 19.848862, 50.004764 ], [ 19.85136, 50.005634 ], [ 19.851391, 50.007347 ], [ 19.85389, 50.008216 ], [ 19.853921, 50.009929 ], [ 19.851454, 50.010773 ], [ 19.851486, 50.012485 ], [ 19.853984, 50.013355 ], [ 19.856451, 50.012511 ], [ 19.85895, 50.01338 ], [ 19.861417, 50.012536 ], [ 19.861385, 50.010823 ], [ 19.863852, 50.009979 ], [ 19.86635, 50.010848 ], [ 19.868817, 50.010004 ], [ 19.868785, 50.008291 ], [ 19.871252, 50.007447 ], [ 19.87122, 50.005734 ], [ 19.868721, 50.004865 ], [ 19.86869, 50.003152 ], [ 19.871156, 50.002308 ], [ 19.871124, 50.000594 ], [ 19.868626, 49.999725 ], [ 19.868594, 49.998012 ], [ 19.866096, 49.997143 ], [ 19.863629, 49.997987 ], [ 19.861131, 49.997118 ], [ 19.8611, 49.995405 ], [ 19.858602, 49.994536 ] ] ] } },
{ "type": "Feature", "properties": { "id": "3009751829", "name": "Solówki", "district_id": "8", "population_est": 245 }, "geometry": { "type": "Polygon", "coordinates": [ [ [ 19.885566, 49.976679 ], [ 19.883101, 49.977523 ], [ 19.883133, 49.979237 ], [ 19.880668, 49.980082 ], [ 19.8807, 49.981796 ], [ 19.883198, 49.982665 ], [ 19.88323, 49.984378 ], [ 19.880764, 49.985223 ], [ 19.880796, 49.986936 ], [ 19.883294, 49.987805 ], [ 19.883326, 49.989519 ], [ 19.885825, 49.990387 ], [ 19.885857, 49.992101 ], [ 19.883391, 49.992945 ], [ 19.883423, 49.994659 ], [ 19.885921, 49.995528 ], [ 19.888388, 49.994683 ], [ 19.888355, 49.992969 ], [ 19.890821, 49.992125 ], [ 19.890789, 49.990411 ], [ 19.893255, 49.989566 ], [ 19.893222, 49.987853 ], [ 19.895688, 49.987008 ], [ 19.895655, 49.985294 ], [ 19.893157, 49.984426 ], [ 19.893125, 49.982712 ], [ 19.890627, 49.981844 ], [ 19.890594, 49.98013 ], [ 19.888097, 49.979261 ], [ 19.888064, 49.977547 ], [ 19.885566, 49.976679 ] ] ] } },
{ "type": "Feature", "properties": { "id": "3009752665", "name": "Stara Wieś", "district_id": "12", "population_est": 152 }, "geometry": { "type": "Polygon", "coordinates": [ [ [ 19.9956, 50.018274 ], [ 19.993134, 50.019121 ], [ 19.993169, 50.020833 ], [ 19.99567, 50.021699 ], [ 19.995705, 50.023412 ], [ 19.998206, 50.024278 ], [ 20.000672, 50.023431 ], [ 20.000637, 50.021719 ], [ 20.003103, 50.020872 ], [ 20.003068, 50.019159 ], [ 20.000567, 50.018293 ], [ 19.998101, 50.01914 ], [ 19.9956, 50.018274 ] ] ] } },
{ "type": "Feature", "properties": { "id": "3009757265", "name": "Szwaby", "district_id": "8", "population_est": 20 }, "geometry": { "type": "Polygon", "coordinates": [ [ [ 19.865682, 49.974867 ], [ 19.863185, 49.973998 ], [ 19.86072, 49.974843 ], [ 19.860751, 49.976556 ], [ 19.863249, 49.977426 ], [ 19.86328, 49.979139 ], [ 19.865778, 49.980009 ], [ 19.868243, 49.979164 ], [ 19.868212, 49.97745 ], [ 19.865714, 49.976581 ], [ 19.865682, 49.974867 ] ] ] } },
{ "type": "Feature", "properties": { "id": "3009757267", "name": "Szwaby", "district_id": "10", "population_est": 84 }, "geometry": { "type": "Polygon", "coordinates": [ [ [ 19.970013, 49.980482 ], [ 19.970047, 49.982196 ], [ 19.972546, 49.983063 ], [ 19.972581, 49.984777 ], [ 19.97508, 49.985644 ], [ 19.975114, 49.987357 ], [ 19.977614, 49.988224 ], [ 19.977648, 49.989937 ], [ 19.980148, 49.990804 ], [ 19.982613, 49.989957 ], [ 19.982578, 49.988244 ], [ 19.985043, 49.987397 ], [ 19.985009, 49.985683 ], [ 19.982509, 49.984817 ], [ 19.982475, 49.983103 ], [ 19.979975, 49.982236 ], [ 19.979941, 49.980523 ], [ 19.977442, 49.979656 ], [ 19.974977, 49.980503 ], [ 19.972478, 49.979636 ], [ 19.970013, 49.980482 ] ] ] } },
{ "type": "Feature", "properties": { "id": "3009759581", "name": "Ugorek", "district_id": "3", "population_est": 145 }, "geometry": { "type": "Polygon", "coordinates": [ [ [ 19.976974, 50.07983 ], [ 19.974506, 50.080676 ], [ 19.97454, 50.082387 ], [ 19.977043, 50.083253 ], [ 19.977077, 50.084964 ], [ 19.97958, 50.08583 ], [ 19.979615, 50.087541 ], [ 19.982118, 50.088407 ], [ 19.984586, 50.087561 ], [ 19.984552, 50.08585 ], [ 19.98702, 50.085004 ], [ 19.986985, 50.083293 ], [ 19.989453, 50.082447 ], [ 19.989418, 50.080736 ], [ 19.991887, 50.07989 ], [ 19.991852, 50.078179 ], [ 19.99432, 50.077333 ], [ 19.994285, 50.075622 ], [ 19.991782, 50.074756 ], [ 19.989314, 50.075602 ], [ 19.986812, 50.074736 ], [ 19.984344, 50.075582 ], [ 19.984378, 50.077293 ], [ 19.98191, 50.078139 ], [ 19.979408, 50.077273 ], [ 19.97694, 50.078119 ], [ 19.976974, 50.07983 ] ] ] } },
{ "type": "Feature", "properties": { "id": "3009760713", "name": "Wesoła", "district_id": "2", "population_est": 616 }, "geometry": { "type": "Polygon", "coordinates": [ [ [ 19.946711, 50.057454 ], [ 19.946745, 50.059166 ], [ 19.944277, 50.060011 ], [ 19.944311, 50.061723 ], [ 19.941843, 50.062568 ], [ 19.941877, 50.064279 ], [ 19.944378, 50.065146 ], [ 19.944412, 50.066858 ], [ 19.946914, 50.067724 ], [ 19.946947, 50.069436 ], [ 19.949449, 50.070303 ], [ 19.951917, 50.069457 ], [ 19.954419, 50.070324 ], [ 19.956887, 50.069479 ], [ 19.956853, 50.067767 ], [ 19.959321, 50.066922 ], [ 19.959287, 50.06521 ], [ 19.961755, 50.064365 ], [ 19.961721, 50.062653 ], [ 19.959219, 50.061787 ], [ 19.959185, 50.060075 ], [ 19.956683, 50.059208 ], [ 19.956649, 50.057497 ], [ 19.954148, 50.05663 ], [ 19.95168, 50.057475 ], [ 19.949179, 50.056609 ], [ 19.946711, 50.057454 ] ] ] } },
{ "type": "Feature", "properties": { "id": "3009760765", "name": "Wiatrowskie", "district_id": "10", "population_est": 94 }, "geometry": { "type": "Polygon", "coordinates": [ [ [ 19.930503, 49.990594 ], [ 19.928004, 49.989727 ], [ 19.925538, 49.990572 ], [ 19.925572, 49.992286 ], [ 19.923106, 49.993131 ], [ 19.923139, 49.994845 ], [ 19.920673, 49.99569 ], [ 19.920706, 49.997403 ], [ 19.923205, 49.998271 ], [ 19.925671, 49.997426 ], [ 19.92817, 49.998293 ], [ 19.930636, 49.997448 ], [ 19.930603, 49.995735 ], [ 19.933068, 49.994889 ], [ 19.933035, 49.993176 ], [ 19.930536, 49.992308 ], [ 19.930503, 49.990594 ] ] ] } },
{ "type": "Feature", "properties": { "id": "3009760847", "name": "Wieczysta", "district_id": "3", "population_est": 327 }, "geometry": { "type": "Polygon", "coordinates": [ [ [ 19.976767, 50.069561 ], [ 19.974299, 50.070407 ], [ 19.974334, 50.072119 ], [ 19.976836, 50.072985 ], [ 19.976871, 50.074696 ], [ 19.979373, 50.075562 ], [ 19.979408, 50.077273 ], [ 19.98191, 50.078139 ], [ 19.984378, 50.077293 ], [ 19.984344, 50.075582 ], [ 19.986812, 50.074736 ], [ 19.989314, 50.075602 ], [ 19.991782, 50.074756 ], [ 19.994285, 50.075622 ], [ 19.996753, 50.074776 ], [ 19.996718, 50.073064 ], [ 19.994215, 50.072199 ], [ 19.99418, 50.070487 ], [ 19.991678, 50.069621 ], [ 19.991643, 50.06791 ], [ 19.98914, 50.067044 ], [ 19.986673, 50.06789 ], [ 19.98417, 50.067024 ], [ 19.981703, 50.06787 ], [ 19.9792, 50.067004 ], [ 19.976733, 50.06785 ], [ 19.976767, 50.069561 ] ] ] } },
{ "type": "Feature", "properties": { "id": "3009762484", "name": "Witkowice", "district_id": "4", "population_est": 235 }, "geometry": { "type": "Polygon", "coordinates": [ [ [ 19.937679, 50.103616 ], [ 19.937712, 50.105327 ], [ 19.935243, 50.106171 ], [ 19.935276, 50.107882 ], [ 19.937779, 50.108748 ], [ 19.937813, 50.110459 ], [ 19.940316, 50.111325 ], [ 19.942785, 50.110481 ], [ 19.942752, 50.10877 ], [ 19.945221, 50.107926 ], [ 19.945187, 50.106215 ], [ 19.947657, 50.10537 ], [ 19.95016, 50.106237 ], [ 19.952629, 50.105392 ], [ 19.952595, 50.103681 ], [ 19.950092, 50.102815 ], [ 19.947623, 50.10366 ], [ 19.94512, 50.102793 ], [ 19.942651, 50.103638 ], [ 19.940148, 50.102772 ], [ 19.937679, 50.103616 ] ] ] } },
{ "type": "Feature", "properties": { "id": "3009762577", "name": "Wiśniowa", "district_id": "3", "population_est": 286 }, "geometry": { "type": "Polygon", "coordinates": [ [ [ 19.959594, 50.080614 ], [ 19.957091, 50.079748 ], [ 19.954623, 50.080593 ], [ 19.954657, 50.082304 ], [ 19.952188, 50.083149 ], [ 19.952222, 50.08486 ], [ 19.949754, 50.085705 ], [ 19.949788, 50.087416 ], [ 19.95229, 50.088282 ], [ 19.954759, 50.087438 ], [ 19.957261, 50.088304 ], [ 19.95973, 50.087459 ], [ 19.959696, 50.085748 ], [ 19.962164, 50.084902 ], [ 19.96213, 50.083191 ], [ 19.959628, 50.082325 ], [ 19.959594, 50.080614 ] ] ] } },
{ "type": "Feature", "properties": { "id": "3009762601", "name": "Wodka", "district_id": "8", "population_est": 81 }, "geometry": { "type": "Polygon", "coordinates": [ [ [ 19.886115, 50.005807 ], [ 19.883617, 50.004938 ], [ 19.88115, 50.005783 ], [ 19.881182, 50.007496 ], [ 19.878716, 50.00834 ], [ 19.878748, 50.010053 ], [ 19.881247, 50.010922 ], [ 19.881279, 50.012635 ], [ 19.883778, 50.013503 ], [ 19.88381, 50.015216 ], [ 19.886309, 50.016084 ], [ 19.888776, 50.01524 ], [ 19.888743, 50.013527 ], [ 19.886244, 50.012659 ], [ 19.886212, 50.010946 ], [ 19.888679, 50.010101 ], [ 19.888646, 50.008388 ], [ 19.886147, 50.00752 ], [ 19.886115, 50.005807 ] ] ] } },
{ "type": "Feature", "properties": { "id": "3009763084", "name": "Wola Rusiecka", "district_id": "18", "population_est": 26 }, "geometry": { "type": "Polygon", "coordinates": [ [ [ 20.135328, 50.047846 ], [ 20.135366, 50.049558 ], [ 20.1329, 50.050408 ], [ 20.132938, 50.05212 ], [ 20.130473, 50.052969 ], [ 20.130511, 50.054681 ], [ 20.133015, 50.055544 ], [ 20.133053, 50.057256 ], [ 20.130587, 50.058105 ], [ 20.130625, 50.059817 ], [ 20.133129, 50.06068 ], [ 20.135595, 50.059831 ], [ 20.135557, 50.058119 ], [ 20.138023, 50.057269 ], [ 20.137985, 50.055557 ], [ 20.140451, 50.054708 ], [ 20.142955, 50.055571 ], [ 20.145421, 50.054721 ], [ 20.145382, 50.053009 ], [ 20.147848, 50.052159 ], [ 20.147809, 50.050447 ], [ 20.145305, 50.049585 ], [ 20.145267, 50.047873 ], [ 20.142763, 50.04701 ], [ 20.142724, 50.045298 ], [ 20.14022, 50.044435 ], [ 20.137755, 50.045284 ], [ 20.137793, 50.046997 ], [ 20.135328, 50.047846 ] ] ] } },
{ "type": "Feature", "properties": { "id": "3009763574", "name": "Wolica", "district_id": "18", "population_est": 128 }, "geometry": { "type": "Polygon", "coordinates": [ [ [ 20.192696, 50.057404 ], [ 20.190231, 50.058254 ], [ 20.19027, 50.059966 ], [ 20.187805, 50.060816 ], [ 20.187844, 50.062528 ], [ 20.185379, 50.063379 ], [ 20.185418, 50.06509 ], [ 20.182952, 50.065941 ], [ 20.182992, 50.067652 ], [ 20.185497, 50.068514 ], [ 20.185536, 50.070226 ], [ 20.188042, 50.071087 ], [ 20.190508, 50.070237 ], [ 20.193013, 50.071098 ], [ 20.195479, 50.070248 ], [ 20.195439, 50.068536 ], [ 20.197905, 50.067686 ], [ 20.197865, 50.065974 ], [ 20.200331, 50.065124 ], [ 20.202836, 50.065985 ], [ 20.205302, 50.065134 ], [ 20.205262, 50.063422 ], [ 20.202757, 50.062561 ], [ 20.202717, 50.060849 ], [ 20.200212, 50.059988 ], [ 20.200172, 50.058276 ], [ 20.197667, 50.057414 ], [ 20.195201, 50.058265 ], [ 20.192696, 50.057404 ] ] ] } },
{ "type": "Feature", "properties": { "id": "3009764129", "name": "Wyciąże", "district_id": "18", "population_est": 151 }, "geometry": { "type": "Polygon", "coordinates": [ [ [ 20.153127, 50.065868 ], [ 20.153165, 50.06758 ], [ 20.150699, 50.068429 ], [ 20.150738, 50.070141 ], [ 20.153243, 50.071003 ], [ 20.153281, 50.072715 ], [ 20.150815, 50.073564 ], [ 20.150854, 50.075276 ], [ 20.153359, 50.076138 ], [ 20.153397, 50.07785 ], [ 20.155903, 50.078712 ], [ 20.158369, 50.077862 ], [ 20.160874, 50.078724 ], [ 20.163341, 50.077875 ], [ 20.163302, 50.076163 ], [ 20.165768, 50.075314 ], [ 20.165729, 50.073602 ], [ 20.168195, 50.072752 ], [ 20.168156, 50.071041 ], [ 20.165651, 50.070179 ], [ 20.165612, 50.068467 ], [ 20.163107, 50.067605 ], [ 20.163069, 50.065893 ], [ 20.160564, 50.065031 ], [ 20.158098, 50.065881 ], [ 20.155593, 50.065019 ], [ 20.153127, 50.065868 ] ] ] } },
{ "type": "Feature", "properties": { "id": "3009766948", "name": "Za Osiedlem", "district_id": "12", "population_est": 86 }, "geometry": { "type": "Polygon", "coordinates": [ [ [ 20.037943, 50.024425 ], [ 20.037979, 50.026138 ], [ 20.035514, 50.026986 ], [ 20.035549, 50.028698 ], [ 20.033083, 50.029546 ], [ 20.033119, 50.031258 ], [ 20.035621, 50.032123 ], [ 20.035657, 50.033836 ], [ 20.033191, 50.034683 ], [ 20.033227, 50.036396 ], [ 20.035729, 50.037261 ], [ 20.038195, 50.036413 ], [ 20.040697, 50.037278 ], [ 20.043163, 50.036431 ], [ 20.045665, 50.037296 ], [ 20.048131, 50.036448 ], [ 20.048095, 50.034736 ], [ 20.050561, 50.033888 ], [ 20.053063, 50.034753 ], [ 20.055529, 50.033905 ], [ 20.055493, 50.032192 ], [ 20.052991, 50.031328 ], [ 20.052954, 50.029615 ], [ 20.050452, 50.02875 ], [ 20.050416, 50.027038 ], [ 20.047914, 50.026173 ], [ 20.045449, 50.027021 ], [ 20.042947, 50.026156 ], [ 20.042911, 50.024443 ], [ 20.040409, 50.023578 ], [ 20.037943, 50.024425 ] ] ] } },
{ "type": "Feature", "properties": { "id": "3009767208", "name": "Zaborze", "district_id": "9", "population_est": 710 }, "geometry": { "type": "Polygon", "coordinates": [ [ [ 19.903575, 50.010172 ], [ 19.901109, 50.011017 ], [ 19.901141, 50.01273 ], [ 19.903641, 50.013598 ], [ 19.903673, 50.015311 ], [ 19.906173, 50.016179 ], [ 19.906205, 50.017891 ], [ 19.908705, 50.018759 ], [ 19.908738, 50.020472 ], [ 19.911237, 50.02134 ], [ 19.91127, 50.023053 ], [ 19.91377, 50.02392 ], [ 19.916237, 50.023076 ], [ 19.918736, 50.023943 ], [ 19.921203, 50.023098 ], [ 19.92117, 50.021385 ], [ 19.91867, 50.020518 ], [ 19.918637, 50.018805 ], [ 19.921104, 50.01796 ], [ 19.921071, 50.016247 ], [ 19.918571, 50.015379 ], [ 19.918538, 50.013667 ], [ 19.916039, 50.012799 ], [ 19.916006, 50.011086 ], [ 19.913506, 50.010218 ], [ 19.913473, 50.008505 ], [ 19.910974, 50.007637 ], [ 19.908508, 50.008482 ], [ 19.906009, 50.007614 ], [ 19.903542, 50.008459 ], [ 19.903575, 50.010172 ] ] ] } },
{ "type": "Feature", "properties": { "id": "3009767621", "name": "Zadworze", "district_id": "10", "population_est": 187 }, "geometry": { "type": "Polygon", "coordinates": [ [ [ 19.915412, 49.980246 ], [ 19.915445, 49.981959 ], [ 19.912979, 49.982805 ], [ 19.913012, 49.984519 ], [ 19.915511, 49.985387 ], [ 19.917976, 49.984541 ], [ 19.920475, 49.985409 ], [ 19.92294, 49.984564 ], [ 19.922907, 49.98285 ], [ 19.925372, 49.982004 ], [ 19.925339, 49.980291 ], [ 19.922841, 49.979423 ], [ 19.920375, 49.980268 ], [ 19.917877, 49.9794 ], [ 19.915412, 49.980246 ] ] ] } },
{ "type": "Feature", "properties": { "id": "3009767625", "name": "Zadworze", "district_id": "4", "population_est": 112 }, "geometry": { "type": "Polygon", "coordinates": [ [ [ 19.907977, 50.110323 ], [ 19.905508, 50.111166 ], [ 19.90554, 50.112877 ], [ 19.90307, 50.11372 ], [ 19.903103, 50.115431 ], [ 19.900633, 50.116274 ], [ 19.900666, 50.117985 ], [ 19.898196, 50.118828 ], [ 19.898228, 50.120538 ], [ 19.900731, 50.121405 ], [ 19.900764, 50.123116 ], [ 19.898294, 50.123959 ], [ 19.898326, 50.125669 ], [ 19.900829, 50.126536 ], [ 19.9033, 50.125693 ], [ 19.903267, 50.123983 ], [ 19.905737, 50.123139 ], [ 19.905704, 50.121429 ], [ 19.908175, 50.120585 ], [ 19.908142, 50.118875 ], [ 19.910612, 50.118032 ], [ 19.910579, 50.116321 ], [ 19.908076, 50.115454 ], [ 19.908043, 50.113744 ], [ 19.910513, 50.1129 ], [ 19.91048, 50.11119 ], [ 19.907977, 50.110323 ] ] ] } },
{ "type": "Feature", "properties": { "id": "3009768596", "name": "Zagrody", "district_id": "18", "population_est": 92 }, "geometry": { "type": "Polygon", "coordinates": [ [ [ 20.181037, 50.090752 ], [ 20.183543, 50.091613 ], [ 20.183582, 50.093325 ], [ 20.181116, 50.094174 ], [ 20.181155, 50.095886 ], [ 20.183661, 50.096747 ], [ 20.183701, 50.098458 ], [ 20.181234, 50.099308 ], [ 20.181273, 50.101019 ], [ 20.183779, 50.10188 ], [ 20.186246, 50.10103 ], [ 20.188753, 50.101891 ], [ 20.188792, 50.103602 ], [ 20.191299, 50.104463 ], [ 20.193766, 50.103613 ], [ 20.193726, 50.101903 ], [ 20.19122, 50.101041 ], [ 20.19118, 50.09933 ], [ 20.193647, 50.09848 ], [ 20.193607, 50.096769 ], [ 20.191101, 50.095908 ], [ 20.191061, 50.094197 ], [ 20.193528, 50.093347 ], [ 20.193489, 50.091636 ], [ 20.190982, 50.090775 ], [ 20.190943, 50.089064 ], [ 20.188437, 50.088202 ], [ 20.18597, 50.089052 ], [ 20.183464, 50.088191 ], [ 20.180998, 50.089041 ], [ 20.181037, 50.090752 ] ] ] } },
{ "type": "Feature", "properties": { "id": "3009768705", "name": "Zagumnie", "district_id": "13", "population_est": 464 }, "geometry": { "type": "Polygon", "coordinates": [ [ [ 19.978579, 50.036187 ], [ 19.976113, 50.037034 ], [ 19.976147, 50.038746 ], [ 19.97368, 50.039592 ], [ 19.971179, 50.038726 ], [ 19.968712, 50.039571 ], [ 19.968746, 50.041284 ], [ 19.96628, 50.04213 ], [ 19.966314, 50.043842 ], [ 19.968815, 50.044708 ], [ 19.971282, 50.043862 ], [ 19.973783, 50.044729 ], [ 19.973818, 50.046441 ], [ 19.976319, 50.047307 ], [ 19.976354, 50.049019 ], [ 19.978855, 50.049885 ], [ 19.981322, 50.049039 ], [ 19.983824, 50.049905 ], [ 19.986291, 50.049059 ], [ 19.986256, 50.047347 ], [ 19.988723, 50.046501 ], [ 19.988689, 50.044789 ], [ 19.986187, 50.043923 ], [ 19.986152, 50.042211 ], [ 19.983651, 50.041344 ], [ 19.983616, 50.039632 ], [ 19.981115, 50.038766 ], [ 19.98108, 50.037054 ], [ 19.978579, 50.036187 ] ] ] } },
{ "type": "Feature", "properties": { "id": "3009769081", "name": "Zagórze", "district_id": "8", "population_est": 162 }, "geometry": { "type": "Polygon", "coordinates": [ [ [ 19.819073, 50.004607 ], [ 19.816606, 50.00545 ], [ 19.816637, 50.007163 ], [ 19.81417, 50.008006 ], [ 19.814201, 50.009719 ], [ 19.816698, 50.010589 ], [ 19.816729, 50.012302 ], [ 19.819227, 50.013172 ], [ 19.819258, 50.014885 ], [ 19.821756, 50.015755 ], [ 19.824223, 50.014911 ], [ 19.826721, 50.015781 ], [ 19.829188, 50.014938 ], [ 19.829157, 50.013225 ], [ 19.826659, 50.012355 ], [ 19.826629, 50.010643 ], [ 19.824131, 50.009773 ], [ 19.8241, 50.00806 ], [ 19.821602, 50.00719 ], [ 19.821571, 50.005477 ], [ 19.819073, 50.004607 ] ] ] } },
{ "type": "Feature", "properties": { "id": "3009769212", "name": "Zakamycze", "district_id": "7", "population_est": 346 }, "geometry": { "type": "Polygon", "coordinates": [ [ [ 19.819995, 50.05598 ], [ 19.822495, 50.05685 ], [ 19.822525, 50.058561 ], [ 19.820057, 50.059404 ], [ 19.817557, 50.058534 ], [ 19.815088, 50.059377 ], [ 19.812589, 50.058507 ], [ 19.81012, 50.059349 ], [ 19.81015, 50.061061 ], [ 19.807681, 50.061903 ], [ 19.805182, 50.061034 ], [ 19.802713, 50.061876 ], [ 19.802743, 50.063587 ], [ 19.805243, 50.064457 ], [ 19.805273, 50.066169 ], [ 19.802804, 50.067011 ], [ 19.802834, 50.068722 ], [ 19.805334, 50.069592 ], [ 19.807803, 50.06875 ], [ 19.807773, 50.067038 ], [ 19.810242, 50.066196 ], [ 19.812742, 50.067065 ], [ 19.815211, 50.066223 ], [ 19.81771, 50.067093 ], [ 19.82018, 50.06625 ], [ 19.822679, 50.06712 ], [ 19.825148, 50.066277 ], [ 19.825118, 50.064566 ], [ 19.827587, 50.063723 ], [ 19.830086, 50.064592 ], [ 19.832555, 50.06375 ], [ 19.835055, 50.064619 ], [ 19.837524, 50.063776 ], [ 19.837493, 50.062064 ], [ 19.839962, 50.061222 ], [ 19.83993, 50.05951 ], [ 19.842399, 50.058667 ], [ 19.842368, 50.056955 ], [ 19.839868, 50.056086 ], [ 19.839837, 50.054374 ], [ 19.837337, 50.053505 ], [ 19.837306, 50.051793 ], [ 19.839774, 50.050951 ], [ 19.839743, 50.049239 ], [ 19.837244, 50.048369 ], [ 19.837213, 50.046657 ], [ 19.834713, 50.045788 ], [ 19.832245, 50.046631 ], [ 19.832276, 50.048343 ], [ 19.829808, 50.049186 ], [ 19.827308, 50.048317 ], [ 19.82484, 50.049159 ], [ 19.824871, 50.050871 ], [ 19.822402, 50.051714 ], [ 19.819903, 50.050845 ], [ 19.817434, 50.051687 ], [ 19.817465, 50.053399 ], [ 19.819964, 50.054268 ], [ 19.819995, 50.05598 ] ] ] } },
{ "type": "Feature", "properties": { "id": "3009769224", "name": "Zakarczmie", "district_id": "10", "population_est": 197 }, "geometry": { "type": "Polygon", "coordinates": [ [ [ 19.915445, 49.981959 ], [ 19.915412, 49.980246 ], [ 19.912914, 49.979378 ], [ 19.910448, 49.980223 ], [ 19.910481, 49.981937 ], [ 19.908016, 49.982782 ], [ 19.905517, 49.981914 ], [ 19.903052, 49.982759 ], [ 19.903085, 49.984473 ], [ 19.905583, 49.985341 ], [ 19.905616, 49.987055 ], [ 19.908114, 49.987923 ], [ 19.91058, 49.987078 ], [ 19.910547, 49.985364 ], [ 19.913012, 49.984519 ], [ 19.912979, 49.982805 ], [ 19.915445, 49.981959 ] ] ] } },
{ "type": "Feature", "properties": { "id": "3009769689", "name": "Zalesie", "district_id": "10", "population_est": 184 }, "geometry": { "type": "Polygon", "coordinates": [ [ [ 19.940264, 49.98207 ], [ 19.937798, 49.982916 ], [ 19.937832, 49.98463 ], [ 19.940331, 49.985497 ], [ 19.940364, 49.987211 ], [ 19.942863, 49.988079 ], [ 19.945329, 49.987233 ], [ 19.945295, 49.985519 ], [ 19.94776, 49.984673 ], [ 19.947726, 49.982959 ], [ 19.945227, 49.982092 ], [ 19.942762, 49.982938 ], [ 19.940264, 49.98207 ] ] ] } },
{ "type": "Feature", "properties": { "id": "3009769694", "name": "Zalesie", "district_id": "18", "population_est": 27 }, "geometry": { "type": "Polygon", "coordinates": [ [ [ 20.095349, 50.037458 ], [ 20.095386, 50.03917 ], [ 20.092921, 50.040019 ], [ 20.092958, 50.041731 ], [ 20.090492, 50.04258 ], [ 20.090529, 50.044292 ], [ 20.088063, 50.04514 ], [ 20.0881, 50.046853 ], [ 20.090603, 50.047716 ], [ 20.090641, 50.049429 ], [ 20.093144, 50.050292 ], [ 20.093181, 50.052004 ], [ 20.095685, 50.052868 ], [ 20.098151, 50.05202 ], [ 20.100654, 50.052883 ], [ 20.10312, 50.052035 ], [ 20.105624, 50.052898 ], [ 20.10809, 50.052049 ], [ 20.108052, 50.050337 ], [ 20.110518, 50.049488 ], [ 20.110481, 50.047776 ], [ 20.107977, 50.046913 ], [ 20.10794, 50.045201 ], [ 20.110405, 50.044352 ], [ 20.110368, 50.042639 ], [ 20.107864, 50.041776 ], [ 20.105399, 50.042625 ], [ 20.102896, 50.041761 ], [ 20.102858, 50.040049 ], [ 20.100355, 50.039185 ], [ 20.100318, 50.037473 ], [ 20.097815, 50.036609 ], [ 20.095349, 50.037458 ] ] ] } },
{ "type": "Feature", "properties": { "id": "3009770010", "name": "Zamłynie", "district_id": "10", "population_est": 42 }, "geometry": { "type": "Polygon", "coordinates": [ [ [ 19.918075, 49.989682 ], [ 19.91561, 49.990527 ], [ 19.915643, 49.992241 ], [ 19.918141, 49.993109 ], [ 19.918174, 49.994822 ], [ 19.920673, 49.99569 ], [ 19.923139, 49.994845 ], [ 19.923106, 49.993131 ], [ 19.925572, 49.992286 ], [ 19.925538, 49.990572 ], [ 19.92304, 49.989704 ], [ 19.920574, 49.99055 ], [ 19.918075, 49.989682 ] ] ] } },
{ "type": "Feature", "properties": { "id": "3009770230", "name": "Zapiaski", "district_id": "8", "population_est": 34 }, "geometry": { "type": "Polygon", "coordinates": [ [ [ 19.831594, 50.010669 ], [ 19.831625, 50.012382 ], [ 19.829157, 50.013225 ], [ 19.829188, 50.014938 ], [ 19.831687, 50.015808 ], [ 19.834154, 50.014964 ], [ 19.836652, 50.015834 ], [ 19.839119, 50.01499 ], [ 19.841618, 50.01586 ], [ 19.844085, 50.015016 ], [ 19.846583, 50.015886 ], [ 19.84905, 50.015042 ], [ 19.849019, 50.013329 ], [ 19.846521, 50.01246 ], [ 19.846489, 50.010747 ], [ 19.843991, 50.009878 ], [ 19.841524, 50.010721 ], [ 19.839026, 50.009852 ], [ 19.836559, 50.010695 ], [ 19.834061, 50.009826 ], [ 19.831594, 50.010669 ] ] ] } },
{ "type": "Feature", "properties": { "id": "3009773149", "name": "Łagiewniki-Borek Fałęcki", "district_id": "9", "population_est": 468 }, "geometry": { "type": "Polygon", "coordinates": [ [ [ 19.92607, 50.017982 ], [ 19.923603, 50.018828 ], [ 19.921104, 50.01796 ], [ 19.918637, 50.018805 ], [ 19.91867, 50.020518 ], [ 19.92117, 50.021385 ], [ 19.921203, 50.023098 ], [ 19.923703, 50.023966 ], [ 19.92617, 50.023121 ], [ 19.92867, 50.023988 ], [ 19.931136, 50.023143 ], [ 19.933636, 50.02401 ], [ 19.936103, 50.023165 ], [ 19.936069, 50.021452 ], [ 19.93357, 50.020585 ], [ 19.933536, 50.018872 ], [ 19.936003, 50.018027 ], [ 19.935969, 50.016314 ], [ 19.933469, 50.015446 ], [ 19.931003, 50.016292 ], [ 19.928503, 50.015424 ], [ 19.926037, 50.01627 ], [ 19.92607, 50.017982 ] ] ] } },
{ "type": "Feature", "properties": { "id": "3009773681", "name": "Łazy Pólnocne", "district_id": "12", "population_est": 49 }, "geometry": { "type": "Polygon", "coordinates": [ [ [ 20.027938, 50.020964 ], [ 20.025472, 50.021812 ], [ 20.025507, 50.023524 ], [ 20.023042, 50.024372 ], [ 20.02054, 50.023506 ], [ 20.018074, 50.024353 ], [ 20.01811, 50.026066 ], [ 20.015644, 50.026913 ], [ 20.015679, 50.028626 ], [ 20.018181, 50.029491 ], [ 20.018216, 50.031204 ], [ 20.020718, 50.032069 ], [ 20.020753, 50.033782 ], [ 20.023255, 50.034647 ], [ 20.02329, 50.03636 ], [ 20.025792, 50.037225 ], [ 20.028259, 50.036378 ], [ 20.03076, 50.037243 ], [ 20.033227, 50.036396 ], [ 20.033191, 50.034683 ], [ 20.035657, 50.033836 ], [ 20.035621, 50.032123 ], [ 20.033119, 50.031258 ], [ 20.033083, 50.029546 ], [ 20.035549, 50.028698 ], [ 20.035514, 50.026986 ], [ 20.037979, 50.026138 ], [ 20.037943, 50.024425 ], [ 20.040409, 50.023578 ], [ 20.040373, 50.021865 ], [ 20.037872, 50.021 ], [ 20.035406, 50.021847 ], [ 20.032905, 50.020982 ], [ 20.030439, 50.02183 ], [ 20.027938, 50.020964 ] ] ] } },
{ "type": "Feature", "properties": { "id": "3009774003", "name": "Łutnia", "district_id": "13", "population_est": 56 }, "geometry": { "type": "Polygon", "coordinates": [ [ [ 20.065356, 50.0288 ], [ 20.06289, 50.029649 ], [ 20.062926, 50.031361 ], [ 20.065429, 50.032226 ], [ 20.065465, 50.033938 ], [ 20.062999, 50.034786 ], [ 20.063036, 50.036499 ], [ 20.065538, 50.037363 ], [ 20.065575, 50.039076 ], [ 20.063109, 50.039923 ], [ 20.063145, 50.041636 ], [ 20.065648, 50.0425 ], [ 20.065685, 50.044213 ], [ 20.068187, 50.045077 ], [ 20.070653, 50.044229 ], [ 20.070617, 50.042517 ], [ 20.073083, 50.041668 ], [ 20.073046, 50.039956 ], [ 20.070543, 50.039092 ], [ 20.070507, 50.037379 ], [ 20.068004, 50.036515 ], [ 20.067968, 50.034803 ], [ 20.070433, 50.033954 ], [ 20.070397, 50.032242 ], [ 20.067894, 50.031378 ], [ 20.067858, 50.029665 ], [ 20.065356, 50.0288 ] ] ] } },
{ "type": "Feature", "properties": { "id": "3009774046", "name": "Łysa Góra", "district_id": "10", "population_est": 130 }, "geometry": { "type": "Polygon", "coordinates": [ [ [ 19.940331, 49.985497 ], [ 19.937832, 49.98463 ], [ 19.935367, 49.985476 ], [ 19.9354, 49.987189 ], [ 19.932935, 49.988035 ], [ 19.932968, 49.989749 ], [ 19.935467, 49.990616 ], [ 19.937932, 49.98977 ], [ 19.940431, 49.990638 ], [ 19.942897, 49.989792 ], [ 19.942863, 49.988079 ], [ 19.940364, 49.987211 ], [ 19.940331, 49.985497 ] ] ] } },
{ "type": "Feature", "properties": { "id": "3009774591", "name": "Łęg", "district_id": "14", "population_est": 54 }, "geometry": { "type": "Polygon", "coordinates": [ [ [ 20.023717, 50.056906 ], [ 20.02125, 50.057753 ], [ 20.021286, 50.059465 ], [ 20.023788, 50.06033 ], [ 20.023824, 50.062042 ], [ 20.021357, 50.062888 ], [ 20.021392, 50.0646 ], [ 20.023895, 50.065465 ], [ 20.023931, 50.067177 ], [ 20.026434, 50.068042 ], [ 20.028901, 50.067195 ], [ 20.028865, 50.065483 ], [ 20.026362, 50.064618 ], [ 20.026327, 50.062907 ], [ 20.028794, 50.06206 ], [ 20.028758, 50.060348 ], [ 20.026256, 50.059483 ], [ 20.02622, 50.057771 ], [ 20.023717, 50.056906 ] ] ] } },
{ "type": "Feature", "properties": { "id": "3009775553", "name": "Świdowa", "district_id": "18", "population_est": 0 }, "geometry": { "type": "Polygon", "coordinates": [ [ [ 20.207368, 50.047163 ], [ 20.207328, 50.04545 ], [ 20.209793, 50.044599 ], [ 20.212298, 50.045461 ], [ 20.212338, 50.047173 ], [ 20.209873, 50.048024 ], [ 20.207368, 50.047163 ] ] ] } },
{ "type": "Feature", "properties": { "id": "3118090440", "name": "Osiedle Ruczaj-Zaborze", "district_id": "8", "population_est": 341 }, "geometry": { "type": "Polygon", "coordinates": [ [ [ 19.908902, 50.029035 ], [ 19.908935, 50.030748 ], [ 19.906468, 50.031592 ], [ 19.9065, 50.033305 ], [ 19.909, 50.034173 ], [ 19.909033, 50.035885 ], [ 19.911533, 50.036753 ], [ 19.914001, 50.035908 ], [ 19.916501, 50.036776 ], [ 19.918968, 50.035931 ], [ 19.921468, 50.036798 ], [ 19.923935, 50.035953 ], [ 19.926436, 50.036821 ], [ 19.928903, 50.035976 ], [ 19.92887, 50.034263 ], [ 19.931337, 50.033418 ], [ 19.931303, 50.031706 ], [ 19.928803, 50.030838 ], [ 19.92877, 50.029126 ], [ 19.92627, 50.028258 ], [ 19.926236, 50.026546 ], [ 19.923736, 50.025678 ], [ 19.923703, 50.023966 ], [ 19.921203, 50.023098 ], [ 19.918736, 50.023943 ], [ 19.91877, 50.025656 ], [ 19.916303, 50.026501 ], [ 19.913803, 50.025633 ], [ 19.911336, 50.026478 ], [ 19.911369, 50.028191 ], [ 19.908902, 50.029035 ] ] ] } },
{ "type": "Feature", "properties": { "id": "31885518", "name": "Wróżenice", "district_id": "18", "population_est": 120 }, "geometry": { "type": "Polygon", "coordinates": [ [ [ 20.186325, 50.104452 ], [ 20.186365, 50.106163 ], [ 20.183898, 50.107013 ], [ 20.181391, 50.106151 ], [ 20.178924, 50.107001 ], [ 20.178963, 50.108712 ], [ 20.176496, 50.109561 ], [ 20.176535, 50.111272 ], [ 20.174068, 50.112121 ], [ 20.174107, 50.113832 ], [ 20.171639, 50.114681 ], [ 20.171678, 50.116392 ], [ 20.169211, 50.117241 ], [ 20.16925, 50.118952 ], [ 20.171757, 50.119813 ], [ 20.174224, 50.118964 ], [ 20.176731, 50.119825 ], [ 20.179199, 50.118976 ], [ 20.17916, 50.117265 ], [ 20.181627, 50.116416 ], [ 20.184134, 50.117277 ], [ 20.186602, 50.116427 ], [ 20.189109, 50.117288 ], [ 20.189148, 50.118999 ], [ 20.191655, 50.11986 ], [ 20.194123, 50.11901 ], [ 20.19663, 50.119871 ], [ 20.199098, 50.119021 ], [ 20.199058, 50.117311 ], [ 20.201525, 50.116461 ], [ 20.204032, 50.117321 ], [ 20.2065, 50.116471 ], [ 20.20646, 50.114761 ], [ 20.208927, 50.113911 ], [ 20.208887, 50.1122 ], [ 20.20638, 50.111339 ], [ 20.203913, 50.112189 ], [ 20.201406, 50.111329 ], [ 20.201366, 50.109618 ], [ 20.198859, 50.108757 ], [ 20.196392, 50.109607 ], [ 20.193885, 50.108746 ], [ 20.193845, 50.107035 ], [ 20.196312, 50.106185 ], [ 20.196273, 50.104474 ], [ 20.193766, 50.103613 ], [ 20.191299, 50.104463 ], [ 20.188792, 50.103602 ], [ 20.186325, 50.104452 ] ] ] } },
{ "type": "Feature", "properties": { "id": "31887560", "name": "Wadów", "district_id": "17", "population_est": 405 }, "geometry": { "type": "Polygon", "coordinates": [ [ [ 20.108879, 50.087995 ], [ 20.106412, 50.088843 ], [ 20.10645, 50.090554 ], [ 20.108955, 50.091417 ], [ 20.108992, 50.093128 ], [ 20.106525, 50.093976 ], [ 20.106562, 50.095687 ], [ 20.109068, 50.09655 ], [ 20.109105, 50.098261 ], [ 20.11161, 50.099124 ], [ 20.111648, 50.100835 ], [ 20.114154, 50.101698 ], [ 20.114191, 50.103409 ], [ 20.116697, 50.104271 ], [ 20.119165, 50.103423 ], [ 20.12167, 50.104286 ], [ 20.121708, 50.105997 ], [ 20.124214, 50.106859 ], [ 20.126681, 50.106011 ], [ 20.129187, 50.106873 ], [ 20.131655, 50.106024 ], [ 20.134161, 50.106887 ], [ 20.136628, 50.106038 ], [ 20.139134, 50.1069 ], [ 20.141602, 50.106052 ], [ 20.141563, 50.104341 ], [ 20.144031, 50.103492 ], [ 20.143992, 50.101781 ], [ 20.141487, 50.100919 ], [ 20.141448, 50.099208 ], [ 20.138943, 50.098346 ], [ 20.138904, 50.096635 ], [ 20.136399, 50.095772 ], [ 20.13636, 50.094061 ], [ 20.133855, 50.093199 ], [ 20.133817, 50.091488 ], [ 20.131311, 50.090625 ], [ 20.131273, 50.088914 ], [ 20.128768, 50.088052 ], [ 20.12873, 50.08634 ], [ 20.126225, 50.085478 ], [ 20.126187, 50.083766 ], [ 20.123682, 50.082904 ], [ 20.121215, 50.083752 ], [ 20.11871, 50.08289 ], [ 20.116243, 50.083738 ], [ 20.113738, 50.082875 ], [ 20.111271, 50.083724 ], [ 20.111309, 50.085435 ], [ 20.108842, 50.086283 ], [ 20.108879, 50.087995 ] ] ] } },
{ "type": "Feature", "properties": { "id": "31888173", "name": "Stryjów", "district_id": "18", "population_est": 146 }, "geometry": { "type": "Polygon", "coordinates": [ [ [ 20.138023, 50.057269 ], [ 20.135557, 50.058119 ], [ 20.135595, 50.059831 ], [ 20.133129, 50.06068 ], [ 20.133167, 50.062392 ], [ 20.135672, 50.063254 ], [ 20.138138, 50.062405 ], [ 20.140642, 50.063268 ], [ 20.143108, 50.062419 ], [ 20.145613, 50.063281 ], [ 20.145651, 50.064993 ], [ 20.148156, 50.065855 ], [ 20.150622, 50.065006 ], [ 20.153127, 50.065868 ], [ 20.155593, 50.065019 ], [ 20.155554, 50.063307 ], [ 20.15305, 50.062444 ], [ 20.153011, 50.060732 ], [ 20.155477, 50.059883 ], [ 20.155438, 50.058171 ], [ 20.152934, 50.057309 ], [ 20.152895, 50.055597 ], [ 20.150391, 50.054734 ], [ 20.150352, 50.053022 ], [ 20.147848, 50.052159 ], [ 20.145382, 50.053009 ], [ 20.145421, 50.054721 ], [ 20.142955, 50.055571 ], [ 20.140451, 50.054708 ], [ 20.137985, 50.055557 ], [ 20.138023, 50.057269 ] ] ] } },
{ "type": "Feature", "properties": { "id": "31888935", "name": "Nowy Prokocim", "district_id": "12", "population_est": 39 }, "geometry": { "type": "Polygon", "coordinates": [ [ [ 20.005393, 50.01146 ], [ 20.002892, 50.010594 ], [ 20.000427, 50.011441 ], [ 20.000462, 50.013154 ], [ 19.997996, 50.014001 ], [ 19.998031, 50.015714 ], [ 20.000532, 50.01658 ], [ 20.002998, 50.015733 ], [ 20.005498, 50.016599 ], [ 20.007964, 50.015752 ], [ 20.007929, 50.014039 ], [ 20.005428, 50.013173 ], [ 20.005393, 50.01146 ] ] ] } },
{ "type": "Feature", "properties": { "id": "31891102", "name": "Łuczanowice", "district_id": "17", "population_est": 538 }, "geometry": { "type": "Polygon", "coordinates": [ [ [ 20.096841, 50.105923 ], [ 20.094373, 50.106771 ], [ 20.094411, 50.108482 ], [ 20.091943, 50.109329 ], [ 20.09198, 50.11104 ], [ 20.089512, 50.111888 ], [ 20.089549, 50.113598 ], [ 20.092054, 50.114461 ], [ 20.092091, 50.116172 ], [ 20.094597, 50.117035 ], [ 20.094634, 50.118745 ], [ 20.09714, 50.119608 ], [ 20.099609, 50.118761 ], [ 20.102114, 50.119623 ], [ 20.104583, 50.118776 ], [ 20.104545, 50.117065 ], [ 20.107013, 50.116217 ], [ 20.109519, 50.11708 ], [ 20.111987, 50.116232 ], [ 20.114493, 50.117095 ], [ 20.116962, 50.116246 ], [ 20.119468, 50.117109 ], [ 20.121936, 50.116261 ], [ 20.121898, 50.11455 ], [ 20.119392, 50.113688 ], [ 20.119354, 50.111977 ], [ 20.121822, 50.111129 ], [ 20.121784, 50.109418 ], [ 20.124252, 50.10857 ], [ 20.124214, 50.106859 ], [ 20.121708, 50.105997 ], [ 20.12167, 50.104286 ], [ 20.119165, 50.103423 ], [ 20.116697, 50.104271 ], [ 20.114191, 50.103409 ], [ 20.114154, 50.101698 ], [ 20.111648, 50.100835 ], [ 20.11161, 50.099124 ], [ 20.109105, 50.098261 ], [ 20.106638, 50.099109 ], [ 20.106675, 50.10082 ], [ 20.104207, 50.101668 ], [ 20.101702, 50.100806 ], [ 20.099234, 50.101653 ], [ 20.099272, 50.103364 ], [ 20.096804, 50.104212 ], [ 20.096841, 50.105923 ] ] ] } },
{ "type": "Feature", "properties": { "id": "31891126", "name": "Lubocza", "district_id": "18", "population_est": 287 }, "geometry": { "type": "Polygon", "coordinates": [ [ [ 20.079011, 50.086191 ], [ 20.079047, 50.087903 ], [ 20.07658, 50.08875 ], [ 20.076617, 50.090462 ], [ 20.079121, 50.091325 ], [ 20.079158, 50.093036 ], [ 20.081663, 50.0939 ], [ 20.0817, 50.095611 ], [ 20.079232, 50.096458 ], [ 20.079269, 50.098169 ], [ 20.081774, 50.099033 ], [ 20.084242, 50.098185 ], [ 20.086746, 50.099049 ], [ 20.089214, 50.098201 ], [ 20.089177, 50.09649 ], [ 20.091645, 50.095642 ], [ 20.09415, 50.096505 ], [ 20.096617, 50.095657 ], [ 20.09658, 50.093946 ], [ 20.099047, 50.093098 ], [ 20.101552, 50.093961 ], [ 20.10402, 50.093113 ], [ 20.103982, 50.091402 ], [ 20.10645, 50.090554 ], [ 20.106412, 50.088843 ], [ 20.108879, 50.087995 ], [ 20.108842, 50.086283 ], [ 20.106337, 50.08542 ], [ 20.10387, 50.086269 ], [ 20.101365, 50.085405 ], [ 20.101328, 50.083694 ], [ 20.098823, 50.082831 ], [ 20.096356, 50.083679 ], [ 20.093852, 50.082816 ], [ 20.091384, 50.083664 ], [ 20.08888, 50.0828 ], [ 20.086413, 50.083648 ], [ 20.083908, 50.082785 ], [ 20.081441, 50.083632 ], [ 20.078937, 50.082769 ], [ 20.076469, 50.083616 ], [ 20.076506, 50.085328 ], [ 20.079011, 50.086191 ] ] ] } },
{ "type": "Feature", "properties": { "id": "31893754", "name": "Kantorowice", "district_id": "17", "population_est": 222 }, "geometry": { "type": "Polygon", "coordinates": [ [ [ 20.049615, 50.106624 ], [ 20.049651, 50.108335 ], [ 20.052156, 50.109199 ], [ 20.052192, 50.110909 ], [ 20.054697, 50.111773 ], [ 20.054733, 50.113484 ], [ 20.057238, 50.114348 ], [ 20.059707, 50.113501 ], [ 20.062212, 50.114365 ], [ 20.06468, 50.113518 ], [ 20.067185, 50.114381 ], [ 20.069654, 50.113534 ], [ 20.072159, 50.114398 ], [ 20.074628, 50.113551 ], [ 20.077133, 50.114414 ], [ 20.079601, 50.113567 ], [ 20.079564, 50.111856 ], [ 20.077059, 50.110993 ], [ 20.077022, 50.109282 ], [ 20.074517, 50.108418 ], [ 20.072049, 50.109266 ], [ 20.069544, 50.108402 ], [ 20.069507, 50.106691 ], [ 20.067002, 50.105828 ], [ 20.066966, 50.104117 ], [ 20.064461, 50.103253 ], [ 20.061993, 50.1041 ], [ 20.059488, 50.103237 ], [ 20.05702, 50.104084 ], [ 20.054515, 50.10322 ], [ 20.052047, 50.104066 ], [ 20.052083, 50.105777 ], [ 20.049615, 50.106624 ] ] ] } },
{ "type": "Feature", "properties": { "id": "31894840", "name": "Grębałów", "district_id": "17", "population_est": 933 }, "geometry": { "type": "Polygon", "coordinates": [ [ [ 20.069067, 50.086159 ], [ 20.069104, 50.08787 ], [ 20.066636, 50.088718 ], [ 20.066673, 50.090429 ], [ 20.064205, 50.091276 ], [ 20.064241, 50.092987 ], [ 20.061774, 50.093835 ], [ 20.06181, 50.095546 ], [ 20.064315, 50.09641 ], [ 20.064351, 50.098121 ], [ 20.061883, 50.098968 ], [ 20.06192, 50.100679 ], [ 20.064424, 50.101542 ], [ 20.064461, 50.103253 ], [ 20.066966, 50.104117 ], [ 20.067002, 50.105828 ], [ 20.069507, 50.106691 ], [ 20.069544, 50.108402 ], [ 20.072049, 50.109266 ], [ 20.074517, 50.108418 ], [ 20.077022, 50.109282 ], [ 20.07949, 50.108435 ], [ 20.079454, 50.106724 ], [ 20.081922, 50.105876 ], [ 20.081885, 50.104166 ], [ 20.07938, 50.103302 ], [ 20.079343, 50.101591 ], [ 20.081811, 50.100744 ], [ 20.081774, 50.099033 ], [ 20.079269, 50.098169 ], [ 20.079232, 50.096458 ], [ 20.0817, 50.095611 ], [ 20.081663, 50.0939 ], [ 20.079158, 50.093036 ], [ 20.079121, 50.091325 ], [ 20.076617, 50.090462 ], [ 20.07658, 50.08875 ], [ 20.079047, 50.087903 ], [ 20.079011, 50.086191 ], [ 20.076506, 50.085328 ], [ 20.074039, 50.086175 ], [ 20.071534, 50.085312 ], [ 20.069067, 50.086159 ] ] ] } },
{ "type": "Feature", "properties": { "id": "31895128", "name": "Przylasek", "district_id": "18", "population_est": 54 }, "geometry": { "type": "Polygon", "coordinates": [ [ [ 20.122771, 50.041819 ], [ 20.120306, 50.042668 ], [ 20.120344, 50.04438 ], [ 20.122847, 50.045243 ], [ 20.122885, 50.046956 ], [ 20.120419, 50.047805 ], [ 20.120457, 50.049517 ], [ 20.122961, 50.05038 ], [ 20.122999, 50.052092 ], [ 20.125503, 50.052955 ], [ 20.127969, 50.052106 ], [ 20.127931, 50.050394 ], [ 20.125427, 50.049531 ], [ 20.125389, 50.047819 ], [ 20.127854, 50.04697 ], [ 20.127816, 50.045257 ], [ 20.125313, 50.044394 ], [ 20.125275, 50.042682 ], [ 20.122771, 50.041819 ] ] ] } },
{ "type": "Feature", "properties": { "id": "31895995", "name": "Dłubnia", "district_id": "17", "population_est": 411 }, "geometry": { "type": "Polygon", "coordinates": [ [ [ 20.034373, 50.091173 ], [ 20.034409, 50.092884 ], [ 20.031941, 50.093731 ], [ 20.031977, 50.095442 ], [ 20.029508, 50.096288 ], [ 20.029544, 50.097999 ], [ 20.027076, 50.098845 ], [ 20.027111, 50.100556 ], [ 20.029616, 50.101421 ], [ 20.032084, 50.100574 ], [ 20.034588, 50.101439 ], [ 20.037056, 50.100592 ], [ 20.039561, 50.101457 ], [ 20.042029, 50.10061 ], [ 20.041993, 50.098899 ], [ 20.044461, 50.098052 ], [ 20.044425, 50.096341 ], [ 20.046893, 50.095495 ], [ 20.046857, 50.093784 ], [ 20.049325, 50.092937 ], [ 20.049289, 50.091226 ], [ 20.046785, 50.090361 ], [ 20.046749, 50.08865 ], [ 20.044245, 50.087786 ], [ 20.041777, 50.088633 ], [ 20.041813, 50.090344 ], [ 20.039345, 50.091191 ], [ 20.036841, 50.090326 ], [ 20.034373, 50.091173 ] ] ] } },
{ "type": "Feature", "properties": { "id": "31900285", "name": "Tonie", "district_id": "4", "population_est": 118 }, "geometry": { "type": "Polygon", "coordinates": [ [ [ 19.900568, 50.112853 ], [ 19.900535, 50.111143 ], [ 19.898033, 50.110276 ], [ 19.895563, 50.111119 ], [ 19.895595, 50.11283 ], [ 19.893125, 50.113673 ], [ 19.893158, 50.115383 ], [ 19.890688, 50.116227 ], [ 19.89072, 50.117937 ], [ 19.893223, 50.118804 ], [ 19.895693, 50.117961 ], [ 19.89566, 50.11625 ], [ 19.89813, 50.115407 ], [ 19.898098, 50.113697 ], [ 19.900568, 50.112853 ] ] ] } },
{ "type": "Feature", "properties": { "id": "31901091", "name": "Mydlniki", "district_id": "6", "population_est": 551 }, "geometry": { "type": "Polygon", "coordinates": [ [ [ 19.845181, 50.07494 ], [ 19.845212, 50.076651 ], [ 19.842743, 50.077494 ], [ 19.840243, 50.076625 ], [ 19.837773, 50.077468 ], [ 19.837805, 50.079179 ], [ 19.835335, 50.080022 ], [ 19.835366, 50.081733 ], [ 19.832897, 50.082575 ], [ 19.830396, 50.081706 ], [ 19.827927, 50.082549 ], [ 19.827958, 50.08426 ], [ 19.830458, 50.085129 ], [ 19.830489, 50.08684 ], [ 19.83299, 50.087709 ], [ 19.833021, 50.08942 ], [ 19.835522, 50.090288 ], [ 19.837992, 50.089446 ], [ 19.840493, 50.090315 ], [ 19.840524, 50.092026 ], [ 19.843025, 50.092894 ], [ 19.845495, 50.092052 ], [ 19.847996, 50.09292 ], [ 19.848027, 50.094631 ], [ 19.850529, 50.095499 ], [ 19.852998, 50.094657 ], [ 19.852967, 50.092946 ], [ 19.855436, 50.092103 ], [ 19.857938, 50.092971 ], [ 19.860407, 50.092129 ], [ 19.860376, 50.090418 ], [ 19.862845, 50.089575 ], [ 19.862813, 50.087864 ], [ 19.860312, 50.086995 ], [ 19.86028, 50.085284 ], [ 19.86275, 50.084441 ], [ 19.862718, 50.08273 ], [ 19.865187, 50.081887 ], [ 19.865155, 50.080176 ], [ 19.862654, 50.079308 ], [ 19.862623, 50.077596 ], [ 19.860122, 50.076728 ], [ 19.857653, 50.077571 ], [ 19.855152, 50.076703 ], [ 19.852683, 50.077546 ], [ 19.850182, 50.076677 ], [ 19.850151, 50.074966 ], [ 19.84765, 50.074097 ], [ 19.845181, 50.07494 ] ] ] } },
{ "type": "Feature", "properties": { "id": "31901462", "name": "Łobzów", "district_id": "5", "population_est": 600 }, "geometry": { "type": "Polygon", "coordinates": [ [ [ 19.907189, 50.069257 ], [ 19.904721, 50.070101 ], [ 19.904754, 50.071813 ], [ 19.902285, 50.072657 ], [ 19.899784, 50.071789 ], [ 19.897315, 50.072633 ], [ 19.897348, 50.074344 ], [ 19.899849, 50.075212 ], [ 19.899882, 50.076923 ], [ 19.897413, 50.077767 ], [ 19.897446, 50.079479 ], [ 19.899947, 50.080346 ], [ 19.902416, 50.079502 ], [ 19.904917, 50.08037 ], [ 19.907386, 50.079526 ], [ 19.909888, 50.080393 ], [ 19.912357, 50.079549 ], [ 19.914858, 50.080416 ], [ 19.917327, 50.079572 ], [ 19.917294, 50.07786 ], [ 19.914792, 50.076993 ], [ 19.914759, 50.075282 ], [ 19.917228, 50.074437 ], [ 19.917195, 50.072726 ], [ 19.914693, 50.071859 ], [ 19.91466, 50.070147 ], [ 19.912159, 50.06928 ], [ 19.909691, 50.070124 ], [ 19.907189, 50.069257 ] ] ] } },
{ "type": "Feature", "properties": { "id": "31901671", "name": "Krowodrza", "district_id": "5", "population_est": 360 }, "geometry": { "type": "Polygon", "coordinates": [ [ [ 19.927168, 50.074483 ], [ 19.9247, 50.075327 ], [ 19.924733, 50.077039 ], [ 19.922264, 50.077883 ], [ 19.919762, 50.077016 ], [ 19.917294, 50.07786 ], [ 19.917327, 50.079572 ], [ 19.919829, 50.080439 ], [ 19.919862, 50.08215 ], [ 19.917393, 50.082994 ], [ 19.917426, 50.084705 ], [ 19.919928, 50.085572 ], [ 19.922397, 50.084728 ], [ 19.924899, 50.085595 ], [ 19.927368, 50.084751 ], [ 19.927334, 50.083039 ], [ 19.929803, 50.082195 ], [ 19.932305, 50.083062 ], [ 19.934774, 50.082217 ], [ 19.93474, 50.080506 ], [ 19.937209, 50.079661 ], [ 19.937175, 50.07795 ], [ 19.934673, 50.077083 ], [ 19.932205, 50.077928 ], [ 19.929703, 50.077061 ], [ 19.92967, 50.07535 ], [ 19.927168, 50.074483 ] ] ] } },
{ "type": "Feature", "properties": { "id": "31901716", "name": "Kostrze", "district_id": "8", "population_est": 550 }, "geometry": { "type": "Polygon", "coordinates": [ [ [ 19.849239, 50.025318 ], [ 19.846771, 50.026162 ], [ 19.846803, 50.027874 ], [ 19.844335, 50.028718 ], [ 19.844367, 50.03043 ], [ 19.841899, 50.031273 ], [ 19.84193, 50.032986 ], [ 19.844429, 50.033855 ], [ 19.84446, 50.035567 ], [ 19.841993, 50.03641 ], [ 19.842024, 50.038123 ], [ 19.844523, 50.038992 ], [ 19.844554, 50.040704 ], [ 19.842086, 50.041547 ], [ 19.842118, 50.043259 ], [ 19.844617, 50.044128 ], [ 19.847085, 50.043285 ], [ 19.849585, 50.044154 ], [ 19.852053, 50.043311 ], [ 19.854552, 50.04418 ], [ 19.85702, 50.043336 ], [ 19.856989, 50.041624 ], [ 19.859456, 50.040781 ], [ 19.859425, 50.039068 ], [ 19.861893, 50.038225 ], [ 19.861861, 50.036512 ], [ 19.864328, 50.035669 ], [ 19.864297, 50.033956 ], [ 19.866764, 50.033113 ], [ 19.866732, 50.0314 ], [ 19.8692, 50.030556 ], [ 19.869168, 50.028844 ], [ 19.866669, 50.027975 ], [ 19.866637, 50.026263 ], [ 19.864138, 50.025394 ], [ 19.864106, 50.023681 ], [ 19.861607, 50.022813 ], [ 19.85914, 50.023656 ], [ 19.856641, 50.022787 ], [ 19.854174, 50.023631 ], [ 19.851675, 50.022762 ], [ 19.849207, 50.023606 ], [ 19.849239, 50.025318 ] ] ] } },
{ "type": "Feature", "properties": { "id": "31903052", "name": "Piaski Nowe", "district_id": "11", "population_est": 225 }, "geometry": { "type": "Polygon", "coordinates": [ [ [ 19.970561, 50.007897 ], [ 19.968096, 50.008743 ], [ 19.96813, 50.010456 ], [ 19.965664, 50.011302 ], [ 19.965698, 50.013015 ], [ 19.968198, 50.013882 ], [ 19.968233, 50.015595 ], [ 19.970733, 50.016462 ], [ 19.970767, 50.018175 ], [ 19.973268, 50.019041 ], [ 19.975734, 50.018195 ], [ 19.975699, 50.016482 ], [ 19.978165, 50.015636 ], [ 19.978131, 50.013923 ], [ 19.975631, 50.013056 ], [ 19.975596, 50.011343 ], [ 19.973096, 50.010477 ], [ 19.973062, 50.008763 ], [ 19.970561, 50.007897 ] ] ] } },
{ "type": "Feature", "properties": { "id": "3299555446", "name": "Osiedle Władysława Łokietka", "district_id": "4", "population_est": 198 }, "geometry": { "type": "Polygon", "coordinates": [ [ [ 19.910184, 50.095793 ], [ 19.910217, 50.097504 ], [ 19.907747, 50.098348 ], [ 19.90778, 50.100058 ], [ 19.910283, 50.100925 ], [ 19.910316, 50.102636 ], [ 19.912818, 50.103503 ], [ 19.915287, 50.102659 ], [ 19.915254, 50.100949 ], [ 19.917724, 50.100105 ], [ 19.920226, 50.100971 ], [ 19.920259, 50.102682 ], [ 19.922762, 50.103549 ], [ 19.925232, 50.102705 ], [ 19.925198, 50.100994 ], [ 19.922696, 50.100127 ], [ 19.922662, 50.098416 ], [ 19.92016, 50.09755 ], [ 19.920127, 50.095839 ], [ 19.917625, 50.094972 ], [ 19.915155, 50.095816 ], [ 19.912653, 50.094949 ], [ 19.910184, 50.095793 ] ] ] } },
{ "type": "Feature", "properties": { "id": "3300610434", "name": "Osiedle Tęcza", "district_id": "4", "population_est": 54 }, "geometry": { "type": "Polygon", "coordinates": [ [ [ 19.925398, 50.111258 ], [ 19.925431, 50.112969 ], [ 19.927934, 50.113835 ], [ 19.930404, 50.112991 ], [ 19.932907, 50.113858 ], [ 19.93294, 50.115568 ], [ 19.935444, 50.116435 ], [ 19.937913, 50.11559 ], [ 19.940417, 50.116457 ], [ 19.94045, 50.118167 ], [ 19.942954, 50.119033 ], [ 19.945424, 50.118189 ], [ 19.94539, 50.116478 ], [ 19.942886, 50.115612 ], [ 19.942853, 50.113902 ], [ 19.94035, 50.113036 ], [ 19.940316, 50.111325 ], [ 19.937813, 50.110459 ], [ 19.935343, 50.111303 ], [ 19.93284, 50.110437 ], [ 19.930371, 50.111281 ], [ 19.927868, 50.110414 ], [ 19.925398, 50.111258 ] ] ] } },
{ "type": "Feature", "properties": { "id": "3441928831", "name": "Opatkowice", "district_id": "10", "population_est": 109 }, "geometry": { "type": "Polygon", "coordinates": [ [ [ 19.915511, 49.985387 ], [ 19.913012, 49.984519 ], [ 19.910547, 49.985364 ], [ 19.91058, 49.987078 ], [ 19.913078, 49.987946 ], [ 19.913111, 49.989659 ], [ 19.91561, 49.990527 ], [ 19.918075, 49.989682 ], [ 19.918042, 49.987968 ], [ 19.915544, 49.9871 ], [ 19.915511, 49.985387 ] ] ] } },
{ "type": "Feature", "properties": { "id": "3441928998", "name": "Osiedle Za Fortem", "district_id": "10", "population_est": 154 }, "geometry": { "type": "Polygon", "coordinates": [ [ [ 19.888355, 49.992969 ], [ 19.888388, 49.994683 ], [ 19.890886, 49.995551 ], [ 19.893352, 49.994707 ], [ 19.89585, 49.995575 ], [ 19.895883, 49.997288 ], [ 19.898382, 49.998157 ], [ 19.898414, 49.99987 ], [ 19.900913, 50.000738 ], [ 19.903379, 49.999893 ], [ 19.905878, 50.000761 ], [ 19.908344, 49.999916 ], [ 19.908311, 49.998203 ], [ 19.905812, 49.997335 ], [ 19.905779, 49.995622 ], [ 19.903281, 49.994753 ], [ 19.903248, 49.99304 ], [ 19.90075, 49.992172 ], [ 19.898284, 49.993017 ], [ 19.895785, 49.992148 ], [ 19.893319, 49.992993 ], [ 19.890821, 49.992125 ], [ 19.888355, 49.992969 ] ] ] } },
{ "type": "Feature", "properties": { "id": "3441929116", "name": "Bania", "district_id": "10", "population_est": 46 }, "geometry": { "type": "Polygon", "coordinates": [ [ [ 19.935601, 49.99747 ], [ 19.935567, 49.995757 ], [ 19.933068, 49.994889 ], [ 19.930603, 49.995735 ], [ 19.930636, 49.997448 ], [ 19.92817, 49.998293 ], [ 19.928204, 50.000007 ], [ 19.930703, 50.000874 ], [ 19.933169, 50.000029 ], [ 19.933135, 49.998316 ], [ 19.935601, 49.99747 ] ] ] } },
{ "type": "Feature", "properties": { "id": "3441929117", "name": "Jugowice", "district_id": "10", "population_est": 764 }, "geometry": { "type": "Polygon", "coordinates": [ [ [ 19.925671, 49.997426 ], [ 19.923205, 49.998271 ], [ 19.923239, 49.999984 ], [ 19.920773, 50.00083 ], [ 19.920806, 50.002543 ], [ 19.91834, 50.003388 ], [ 19.918373, 50.005101 ], [ 19.915907, 50.005947 ], [ 19.91594, 50.00766 ], [ 19.918439, 50.008528 ], [ 19.920905, 50.007682 ], [ 19.923404, 50.00855 ], [ 19.925871, 50.007705 ], [ 19.92837, 50.008572 ], [ 19.930836, 50.007727 ], [ 19.930803, 50.006014 ], [ 19.933269, 50.005168 ], [ 19.933235, 50.003455 ], [ 19.930736, 50.002588 ], [ 19.930703, 50.000874 ], [ 19.928204, 50.000007 ], [ 19.92817, 49.998293 ], [ 19.925671, 49.997426 ] ] ] } },
{ "type": "Feature", "properties": { "id": "3441929118", "name": "Kurdwanów", "district_id": "11", "population_est": 297 }, "geometry": { "type": "Polygon", "coordinates": [ [ [ 19.950597, 50.002674 ], [ 19.948131, 50.00352 ], [ 19.948165, 50.005233 ], [ 19.950665, 50.0061 ], [ 19.950699, 50.007814 ], [ 19.953198, 50.008681 ], [ 19.955664, 50.007835 ], [ 19.958164, 50.008702 ], [ 19.958198, 50.010415 ], [ 19.960698, 50.011282 ], [ 19.963164, 50.010436 ], [ 19.96313, 50.008723 ], [ 19.965596, 50.007876 ], [ 19.965561, 50.006163 ], [ 19.963062, 50.005296 ], [ 19.963028, 50.003583 ], [ 19.965493, 50.002737 ], [ 19.965459, 50.001024 ], [ 19.962959, 50.000157 ], [ 19.960494, 50.001003 ], [ 19.957994, 50.000136 ], [ 19.955528, 50.000982 ], [ 19.953029, 50.000115 ], [ 19.950563, 50.000961 ], [ 19.950597, 50.002674 ] ] ] } },
{ "type": "Feature", "properties": { "id": "3441929119", "name": "Lusina", "district_id": "10", "population_est": 81 }, "geometry": { "type": "Polygon", "coordinates": [ [ [ 19.925339, 49.980291 ], [ 19.925372, 49.982004 ], [ 19.922907, 49.98285 ], [ 19.92294, 49.984564 ], [ 19.925439, 49.985432 ], [ 19.927904, 49.984586 ], [ 19.930403, 49.985454 ], [ 19.932868, 49.984608 ], [ 19.935367, 49.985476 ], [ 19.937832, 49.98463 ], [ 19.937798, 49.982916 ], [ 19.9353, 49.982048 ], [ 19.935266, 49.980335 ], [ 19.932768, 49.979467 ], [ 19.930303, 49.980313 ], [ 19.927804, 49.979445 ], [ 19.925339, 49.980291 ] ] ] } },
{ "type": "Feature", "properties": { "id": "3441929120", "name": "Zbydniowice", "district_id": "10", "population_est": 86 }, "geometry": { "type": "Polygon", "coordinates": [ [ [ 19.954918, 49.970137 ], [ 19.952419, 49.96927 ], [ 19.949955, 49.970116 ], [ 19.949989, 49.97183 ], [ 19.952487, 49.972698 ], [ 19.952521, 49.974412 ], [ 19.95502, 49.975279 ], [ 19.957484, 49.974433 ], [ 19.959983, 49.9753 ], [ 19.962448, 49.974453 ], [ 19.962414, 49.972739 ], [ 19.959915, 49.971872 ], [ 19.95745, 49.972719 ], [ 19.954952, 49.971851 ], [ 19.954918, 49.970137 ] ] ] } },
{ "type": "Feature", "properties": { "id": "4035362025", "name": "Dom Nad Łąkami", "district_id": "8", "population_est": 225 }, "geometry": { "type": "Polygon", "coordinates": [ [ [ 19.868116, 49.972309 ], [ 19.868148, 49.974023 ], [ 19.865682, 49.974867 ], [ 19.865714, 49.976581 ], [ 19.868212, 49.97745 ], [ 19.868243, 49.979164 ], [ 19.865778, 49.980009 ], [ 19.86581, 49.981722 ], [ 19.868307, 49.982591 ], [ 19.870773, 49.981747 ], [ 19.870741, 49.980033 ], [ 19.873207, 49.979189 ], [ 19.873175, 49.977475 ], [ 19.87564, 49.97663 ], [ 19.878138, 49.977499 ], [ 19.880603, 49.976655 ], [ 19.880571, 49.974941 ], [ 19.878074, 49.974072 ], [ 19.878042, 49.972358 ], [ 19.875544, 49.971489 ], [ 19.873079, 49.972334 ], [ 19.870581, 49.971464 ], [ 19.868116, 49.972309 ] ] ] } },
{ "type": "Feature", "properties": { "id": "4146670149", "name": "Załęcze", "district_id": "14", "population_est": 67 }, "geometry": { "type": "Polygon", "coordinates": [ [ [ 20.003805, 50.055119 ], [ 20.00384, 50.056831 ], [ 20.006342, 50.057697 ], [ 20.006377, 50.059409 ], [ 20.00391, 50.060255 ], [ 20.003945, 50.061967 ], [ 20.006447, 50.062832 ], [ 20.006483, 50.064544 ], [ 20.008985, 50.06541 ], [ 20.011453, 50.064563 ], [ 20.011417, 50.062851 ], [ 20.013884, 50.062005 ], [ 20.013849, 50.060293 ], [ 20.016316, 50.059446 ], [ 20.016281, 50.057734 ], [ 20.013778, 50.056869 ], [ 20.013743, 50.055157 ], [ 20.011241, 50.054292 ], [ 20.008774, 50.055138 ], [ 20.006272, 50.054273 ], [ 20.003805, 50.055119 ] ] ] } },
{ "type": "Feature", "properties": { "id": "4146670150", "name": "Stare Wiślisko", "district_id": "18", "population_est": 216 }, "geometry": { "type": "Polygon", "coordinates": [ [ [ 20.050996, 50.054435 ], [ 20.048529, 50.055283 ], [ 20.048565, 50.056995 ], [ 20.051068, 50.057859 ], [ 20.051104, 50.059571 ], [ 20.053607, 50.060436 ], [ 20.053644, 50.062147 ], [ 20.051177, 50.062995 ], [ 20.051213, 50.064707 ], [ 20.053716, 50.065571 ], [ 20.056183, 50.064724 ], [ 20.056147, 50.063012 ], [ 20.058614, 50.062164 ], [ 20.058577, 50.060452 ], [ 20.061044, 50.059605 ], [ 20.061007, 50.057893 ], [ 20.063474, 50.057045 ], [ 20.063438, 50.055333 ], [ 20.060935, 50.054469 ], [ 20.060898, 50.052757 ], [ 20.058395, 50.051892 ], [ 20.055929, 50.05274 ], [ 20.053426, 50.051876 ], [ 20.050959, 50.052723 ], [ 20.050996, 50.054435 ] ] ] } },
{ "type": "Feature", "properties": { "id": "4146670151", "name": "Brackie", "district_id": "18", "population_est": 69 }, "geometry": { "type": "Polygon", "coordinates": [ [ [ 20.073303, 50.051942 ], [ 20.070837, 50.05279 ], [ 20.070874, 50.054502 ], [ 20.068407, 50.05535 ], [ 20.065904, 50.054485 ], [ 20.063438, 50.055333 ], [ 20.063474, 50.057045 ], [ 20.065977, 50.057909 ], [ 20.066014, 50.059621 ], [ 20.068517, 50.060485 ], [ 20.068554, 50.062197 ], [ 20.071057, 50.063061 ], [ 20.073524, 50.062214 ], [ 20.073487, 50.060502 ], [ 20.075954, 50.059654 ], [ 20.078457, 50.060518 ], [ 20.080924, 50.05967 ], [ 20.080887, 50.057958 ], [ 20.078383, 50.057094 ], [ 20.078346, 50.055382 ], [ 20.075843, 50.054518 ], [ 20.075806, 50.052806 ], [ 20.073303, 50.051942 ] ] ] } },
{ "type": "Feature", "properties": { "id": "4146670152", "name": "Zawsie", "district_id": "14", "population_est": 110 }, "geometry": { "type": "Polygon", "coordinates": [ [ [ 20.018748, 50.056888 ], [ 20.016281, 50.057734 ], [ 20.016316, 50.059446 ], [ 20.013849, 50.060293 ], [ 20.013884, 50.062005 ], [ 20.011417, 50.062851 ], [ 20.011453, 50.064563 ], [ 20.013955, 50.065428 ], [ 20.013991, 50.06714 ], [ 20.016493, 50.068005 ], [ 20.018961, 50.067159 ], [ 20.021464, 50.068024 ], [ 20.023931, 50.067177 ], [ 20.023895, 50.065465 ], [ 20.021392, 50.0646 ], [ 20.021357, 50.062888 ], [ 20.023824, 50.062042 ], [ 20.023788, 50.06033 ], [ 20.021286, 50.059465 ], [ 20.02125, 50.057753 ], [ 20.018748, 50.056888 ] ] ] } },
{ "type": "Feature", "properties": { "id": "4146670153", "name": "Kopań", "district_id": "14", "population_est": 73 }, "geometry": { "type": "Polygon", "coordinates": [ [ [ 20.038626, 50.05696 ], [ 20.036159, 50.057807 ], [ 20.036195, 50.059519 ], [ 20.038698, 50.060384 ], [ 20.038734, 50.062095 ], [ 20.041237, 50.06296 ], [ 20.043704, 50.062113 ], [ 20.043668, 50.060401 ], [ 20.046134, 50.059554 ], [ 20.046098, 50.057842 ], [ 20.043595, 50.056977 ], [ 20.041129, 50.057825 ], [ 20.038626, 50.05696 ] ] ] } },
{ "type": "Feature", "properties": { "id": "4146670154", "name": "Klitówka", "district_id": "18", "population_est": 188 }, "geometry": { "type": "Polygon", "coordinates": [ [ [ 20.048565, 50.056995 ], [ 20.046098, 50.057842 ], [ 20.046134, 50.059554 ], [ 20.043668, 50.060401 ], [ 20.043704, 50.062113 ], [ 20.041237, 50.06296 ], [ 20.041273, 50.064672 ], [ 20.043776, 50.065537 ], [ 20.043812, 50.067248 ], [ 20.046315, 50.068113 ], [ 20.048782, 50.067266 ], [ 20.051285, 50.06813 ], [ 20.053752, 50.067283 ], [ 20.053716, 50.065571 ], [ 20.051213, 50.064707 ], [ 20.051177, 50.062995 ], [ 20.053644, 50.062147 ], [ 20.053607, 50.060436 ], [ 20.051104, 50.059571 ], [ 20.051068, 50.057859 ], [ 20.048565, 50.056995 ] ] ] } },
{ "type": "Feature", "properties": { "id": "4146670155", "name": "Habina", "district_id": "14", "population_est": 52 }, "geometry": { "type": "Polygon", "coordinates": [ [ [ 20.02622, 50.057771 ], [ 20.026256, 50.059483 ], [ 20.028758, 50.060348 ], [ 20.028794, 50.06206 ], [ 20.026327, 50.062907 ], [ 20.026362, 50.064618 ], [ 20.028865, 50.065483 ], [ 20.031332, 50.064637 ], [ 20.031297, 50.062925 ], [ 20.033764, 50.062078 ], [ 20.033728, 50.060366 ], [ 20.036195, 50.059519 ], [ 20.036159, 50.057807 ], [ 20.033656, 50.056942 ], [ 20.031189, 50.057789 ], [ 20.028687, 50.056924 ], [ 20.02622, 50.057771 ] ] ] } },
{ "type": "Feature", "properties": { "id": "4146670156", "name": "Kopaniec", "district_id": "18", "population_est": 18 }, "geometry": { "type": "Polygon", "coordinates": [ [ [ 20.078457, 50.060518 ], [ 20.075954, 50.059654 ], [ 20.073487, 50.060502 ], [ 20.073524, 50.062214 ], [ 20.071057, 50.063061 ], [ 20.071094, 50.064773 ], [ 20.073597, 50.065637 ], [ 20.076064, 50.064789 ], [ 20.078568, 50.065653 ], [ 20.081034, 50.064805 ], [ 20.080998, 50.063093 ], [ 20.078494, 50.06223 ], [ 20.078457, 50.060518 ] ] ] } },
{ "type": "Feature", "properties": { "id": "4146670157", "name": "Stara Mogiła", "district_id": "18", "population_est": 91 }, "geometry": { "type": "Polygon", "coordinates": [ [ [ 20.068554, 50.062197 ], [ 20.066087, 50.063045 ], [ 20.066124, 50.064757 ], [ 20.063657, 50.065604 ], [ 20.063693, 50.067316 ], [ 20.061226, 50.068164 ], [ 20.061263, 50.069875 ], [ 20.058796, 50.070723 ], [ 20.058832, 50.072435 ], [ 20.061336, 50.073299 ], [ 20.061372, 50.07501 ], [ 20.063876, 50.075874 ], [ 20.066343, 50.075027 ], [ 20.068847, 50.075891 ], [ 20.071314, 50.075043 ], [ 20.071277, 50.073332 ], [ 20.073744, 50.072484 ], [ 20.073708, 50.070772 ], [ 20.076175, 50.069924 ], [ 20.076138, 50.068213 ], [ 20.078605, 50.067365 ], [ 20.078568, 50.065653 ], [ 20.076064, 50.064789 ], [ 20.073597, 50.065637 ], [ 20.071094, 50.064773 ], [ 20.071057, 50.063061 ], [ 20.068554, 50.062197 ] ] ] } },
{ "type": "Feature", "properties": { "id": "4146670158", "name": "Zapusta", "district_id": "18", "population_est": 7 }, "geometry": { "type": "Polygon", "coordinates": [ [ [ 20.036195, 50.059519 ], [ 20.033728, 50.060366 ], [ 20.033764, 50.062078 ], [ 20.031297, 50.062925 ], [ 20.031332, 50.064637 ], [ 20.028865, 50.065483 ], [ 20.028901, 50.067195 ], [ 20.031404, 50.06806 ], [ 20.033871, 50.067213 ], [ 20.036374, 50.068078 ], [ 20.038842, 50.067231 ], [ 20.041345, 50.068095 ], [ 20.043812, 50.067248 ], [ 20.043776, 50.065537 ], [ 20.041273, 50.064672 ], [ 20.041237, 50.06296 ], [ 20.038734, 50.062095 ], [ 20.038698, 50.060384 ], [ 20.036195, 50.059519 ] ] ] } },
{ "type": "Feature", "properties": { "id": "4146672389", "name": "Isep", "district_id": "14", "population_est": 82 }, "geometry": { "type": "Polygon", "coordinates": [ [ [ 20.016175, 50.052599 ], [ 20.01621, 50.054311 ], [ 20.013743, 50.055157 ], [ 20.013778, 50.056869 ], [ 20.016281, 50.057734 ], [ 20.018748, 50.056888 ], [ 20.02125, 50.057753 ], [ 20.023717, 50.056906 ], [ 20.02622, 50.057771 ], [ 20.028687, 50.056924 ], [ 20.028651, 50.055212 ], [ 20.026149, 50.054347 ], [ 20.026113, 50.052635 ], [ 20.023611, 50.05177 ], [ 20.021144, 50.052617 ], [ 20.018641, 50.051752 ], [ 20.016175, 50.052599 ] ] ] } },
{ "type": "Feature", "properties": { "id": "4146672390", "name": "Szafrańskie", "district_id": "14", "population_est": 0 }, "geometry": { "type": "Polygon", "coordinates": [ [ [ 20.006272, 50.054273 ], [ 20.006236, 50.052561 ], [ 20.008703, 50.051714 ], [ 20.011206, 50.05258 ], [ 20.011241, 50.054292 ], [ 20.008774, 50.055138 ], [ 20.006272, 50.054273 ] ] ] } },
{ "type": "Feature", "properties": { "id": "4146672391", "name": "Zatyka", "district_id": "14", "population_est": 22 }, "geometry": { "type": "Polygon", "coordinates": [ [ [ 20.006131, 50.047425 ], [ 20.003629, 50.046559 ], [ 20.001162, 50.047406 ], [ 20.001197, 50.049118 ], [ 19.99873, 50.049964 ], [ 19.998765, 50.051676 ], [ 20.001267, 50.052542 ], [ 20.001302, 50.054254 ], [ 20.003805, 50.055119 ], [ 20.006272, 50.054273 ], [ 20.006236, 50.052561 ], [ 20.008703, 50.051714 ], [ 20.008668, 50.050002 ], [ 20.006166, 50.049137 ], [ 20.006131, 50.047425 ] ] ] } },
{ "type": "Feature", "properties": { "id": "4146672392", "name": "Strękówka", "district_id": "14", "population_est": 22 }, "geometry": { "type": "Polygon", "coordinates": [ [ [ 20.011135, 50.049156 ], [ 20.008668, 50.050002 ], [ 20.008703, 50.051714 ], [ 20.011206, 50.05258 ], [ 20.011241, 50.054292 ], [ 20.013743, 50.055157 ], [ 20.01621, 50.054311 ], [ 20.016175, 50.052599 ], [ 20.018641, 50.051752 ], [ 20.018606, 50.05004 ], [ 20.016104, 50.049174 ], [ 20.013637, 50.050021 ], [ 20.011135, 50.049156 ] ] ] } },
{ "type": "Feature", "properties": { "id": "4146777794", "name": "Na Cuplu", "district_id": "14", "population_est": 1 }, "geometry": { "type": "Polygon", "coordinates": [ [ [ 20.003594, 50.044847 ], [ 20.003629, 50.046559 ], [ 20.006131, 50.047425 ], [ 20.006166, 50.049137 ], [ 20.008668, 50.050002 ], [ 20.011135, 50.049156 ], [ 20.013637, 50.050021 ], [ 20.016104, 50.049174 ], [ 20.016068, 50.047462 ], [ 20.018535, 50.046615 ], [ 20.0185, 50.044903 ], [ 20.015998, 50.044038 ], [ 20.013531, 50.044885 ], [ 20.011029, 50.044019 ], [ 20.008562, 50.044866 ], [ 20.006061, 50.044 ], [ 20.003594, 50.044847 ] ] ] } },
{ "type": "Feature", "properties": { "id": "4146777795", "name": "Grąby", "district_id": "14", "population_est": 192 }, "geometry": { "type": "Polygon", "coordinates": [ [ [ 20.043451, 50.050129 ], [ 20.040949, 50.049264 ], [ 20.038482, 50.050112 ], [ 20.038518, 50.051824 ], [ 20.036051, 50.052671 ], [ 20.036087, 50.054383 ], [ 20.033621, 50.05523 ], [ 20.033656, 50.056942 ], [ 20.036159, 50.057807 ], [ 20.038626, 50.05696 ], [ 20.041129, 50.057825 ], [ 20.043595, 50.056977 ], [ 20.043559, 50.055265 ], [ 20.046026, 50.054418 ], [ 20.04599, 50.052706 ], [ 20.043487, 50.051841 ], [ 20.043451, 50.050129 ] ] ] } },
{ "type": "Feature", "properties": { "id": "4146777796", "name": "Lasówka Łęska", "district_id": "14", "population_est": 71 }, "geometry": { "type": "Polygon", "coordinates": [ [ [ 20.035944, 50.047535 ], [ 20.033441, 50.04667 ], [ 20.030975, 50.047517 ], [ 20.031011, 50.049229 ], [ 20.028544, 50.050076 ], [ 20.026042, 50.049211 ], [ 20.023575, 50.050058 ], [ 20.023611, 50.05177 ], [ 20.026113, 50.052635 ], [ 20.026149, 50.054347 ], [ 20.028651, 50.055212 ], [ 20.028687, 50.056924 ], [ 20.031189, 50.057789 ], [ 20.033656, 50.056942 ], [ 20.033621, 50.05523 ], [ 20.036087, 50.054383 ], [ 20.036051, 50.052671 ], [ 20.038518, 50.051824 ], [ 20.038482, 50.050112 ], [ 20.03598, 50.049247 ], [ 20.035944, 50.047535 ] ] ] } },
{ "type": "Feature", "properties": { "id": "4401053322", "name": "Nowa Huta", "district_id": "18", "population_est": 276 }, "geometry": { "type": "Polygon", "coordinates": [ [ [ 20.03641, 50.069789 ], [ 20.038913, 50.070654 ], [ 20.038949, 50.072366 ], [ 20.036482, 50.073213 ], [ 20.036518, 50.074924 ], [ 20.039021, 50.075789 ], [ 20.039057, 50.0775 ], [ 20.03659, 50.078347 ], [ 20.036626, 50.080059 ], [ 20.039129, 50.080923 ], [ 20.041597, 50.080076 ], [ 20.041561, 50.078365 ], [ 20.044028, 50.077518 ], [ 20.043992, 50.075806 ], [ 20.04646, 50.074959 ], [ 20.048963, 50.075824 ], [ 20.05143, 50.074976 ], [ 20.051394, 50.073265 ], [ 20.053861, 50.072418 ], [ 20.053825, 50.070706 ], [ 20.051322, 50.069842 ], [ 20.051285, 50.06813 ], [ 20.048782, 50.067266 ], [ 20.046315, 50.068113 ], [ 20.043812, 50.067248 ], [ 20.041345, 50.068095 ], [ 20.038842, 50.067231 ], [ 20.036374, 50.068078 ], [ 20.03641, 50.069789 ] ] ] } },
{ "type": "Feature", "properties": { "id": "5181340160", "name": "Osiedle Szuwarowa", "district_id": "8", "population_est": 302 }, "geometry": { "type": "Polygon", "coordinates": [ [ [ 19.891307, 50.017821 ], [ 19.88884, 50.018666 ], [ 19.888873, 50.020378 ], [ 19.891372, 50.021247 ], [ 19.891405, 50.022959 ], [ 19.893904, 50.023827 ], [ 19.896371, 50.022983 ], [ 19.89887, 50.023851 ], [ 19.901337, 50.023006 ], [ 19.903837, 50.023874 ], [ 19.906304, 50.02303 ], [ 19.906271, 50.021317 ], [ 19.908738, 50.020472 ], [ 19.908705, 50.018759 ], [ 19.906205, 50.017891 ], [ 19.906173, 50.016179 ], [ 19.903673, 50.015311 ], [ 19.903641, 50.013598 ], [ 19.901141, 50.01273 ], [ 19.898675, 50.013574 ], [ 19.898707, 50.015287 ], [ 19.896241, 50.016132 ], [ 19.893742, 50.015264 ], [ 19.891275, 50.016108 ], [ 19.891307, 50.017821 ] ] ] } },
{ "type": "Feature", "properties": { "id": "5223821020", "name": "Uzdrowisko Swoszowice", "district_id": "10", "population_est": 49 }, "geometry": { "type": "Polygon", "coordinates": [ [ [ 19.932968, 49.989749 ], [ 19.930503, 49.990594 ], [ 19.930536, 49.992308 ], [ 19.933035, 49.993176 ], [ 19.9355, 49.99233 ], [ 19.938, 49.993197 ], [ 19.940465, 49.992351 ], [ 19.940431, 49.990638 ], [ 19.937932, 49.98977 ], [ 19.935467, 49.990616 ], [ 19.932968, 49.989749 ] ] ] } },
{ "type": "Feature", "properties": { "id": "5408548309", "name": "Bogucianka", "district_id": "8", "population_est": 119 }, "geometry": { "type": "Polygon", "coordinates": [ [ [ 19.794221, 50.002757 ], [ 19.794251, 50.00447 ], [ 19.796748, 50.005341 ], [ 19.796778, 50.007054 ], [ 19.799276, 50.007924 ], [ 19.799306, 50.009637 ], [ 19.801803, 50.010507 ], [ 19.804271, 50.009665 ], [ 19.806768, 50.010535 ], [ 19.809236, 50.009692 ], [ 19.811733, 50.010562 ], [ 19.811764, 50.012275 ], [ 19.814262, 50.013145 ], [ 19.816729, 50.012302 ], [ 19.816698, 50.010589 ], [ 19.814201, 50.009719 ], [ 19.81417, 50.008006 ], [ 19.816637, 50.007163 ], [ 19.816606, 50.00545 ], [ 19.819073, 50.004607 ], [ 19.819043, 50.002894 ], [ 19.816545, 50.002024 ], [ 19.814078, 50.002867 ], [ 19.811581, 50.001997 ], [ 19.81155, 50.000284 ], [ 19.809053, 49.999414 ], [ 19.806586, 50.000257 ], [ 19.804089, 49.999386 ], [ 19.801622, 50.000229 ], [ 19.799124, 49.999359 ], [ 19.796657, 50.000202 ], [ 19.796688, 50.001915 ], [ 19.794221, 50.002757 ] ] ] } },
{ "type": "Feature", "properties": { "id": "5617407402", "name": "Mistrzejowice", "district_id": "15", "population_est": 39 }, "geometry": { "type": "Polygon", "coordinates": [ [ [ 20.014521, 50.092811 ], [ 20.012053, 50.093657 ], [ 20.012088, 50.095368 ], [ 20.014592, 50.096233 ], [ 20.014627, 50.097944 ], [ 20.017131, 50.098809 ], [ 20.019599, 50.097962 ], [ 20.019564, 50.096251 ], [ 20.022032, 50.095405 ], [ 20.021997, 50.093694 ], [ 20.019493, 50.092829 ], [ 20.017025, 50.093676 ], [ 20.014521, 50.092811 ] ] ] } },
{ "type": "Feature", "properties": { "id": "5617407403", "name": "Prądnik Biały", "district_id": "4", "population_est": 146 }, "geometry": { "type": "Polygon", "coordinates": [ [ [ 19.930003, 50.092462 ], [ 19.927534, 50.093306 ], [ 19.927568, 50.095017 ], [ 19.93007, 50.095884 ], [ 19.930103, 50.097595 ], [ 19.932606, 50.098461 ], [ 19.935075, 50.097617 ], [ 19.935042, 50.095906 ], [ 19.937511, 50.095062 ], [ 19.937477, 50.093351 ], [ 19.934975, 50.092484 ], [ 19.932506, 50.093329 ], [ 19.930003, 50.092462 ] ] ] } },
{ "type": "Feature", "properties": { "id": "5617407404", "name": "Stare Miasto", "district_id": "1", "population_est": 484 }, "geometry": { "type": "Polygon", "coordinates": [ [ [ 19.941742, 50.057432 ], [ 19.939241, 50.056565 ], [ 19.936773, 50.05741 ], [ 19.936806, 50.059122 ], [ 19.934339, 50.059967 ], [ 19.934372, 50.061679 ], [ 19.936874, 50.062546 ], [ 19.936907, 50.064258 ], [ 19.939409, 50.065124 ], [ 19.941877, 50.064279 ], [ 19.941843, 50.062568 ], [ 19.944311, 50.061723 ], [ 19.944277, 50.060011 ], [ 19.941776, 50.059144 ], [ 19.941742, 50.057432 ] ] ] } },
{ "type": "Feature", "properties": { "id": "5617407405", "name": "Dębniki", "district_id": "8", "population_est": 399 }, "geometry": { "type": "Polygon", "coordinates": [ [ [ 19.873942, 50.018593 ], [ 19.873974, 50.020306 ], [ 19.871507, 50.02115 ], [ 19.869008, 50.020281 ], [ 19.866541, 50.021125 ], [ 19.866573, 50.022838 ], [ 19.864106, 50.023681 ], [ 19.864138, 50.025394 ], [ 19.866637, 50.026263 ], [ 19.866669, 50.027975 ], [ 19.869168, 50.028844 ], [ 19.8692, 50.030556 ], [ 19.871699, 50.031425 ], [ 19.874167, 50.030581 ], [ 19.876666, 50.03145 ], [ 19.879133, 50.030606 ], [ 19.879101, 50.028893 ], [ 19.881568, 50.028049 ], [ 19.884068, 50.028917 ], [ 19.886535, 50.028073 ], [ 19.886503, 50.026361 ], [ 19.88897, 50.025516 ], [ 19.888938, 50.023804 ], [ 19.891405, 50.022959 ], [ 19.891372, 50.021247 ], [ 19.888873, 50.020378 ], [ 19.88884, 50.018666 ], [ 19.891307, 50.017821 ], [ 19.891275, 50.016108 ], [ 19.888776, 50.01524 ], [ 19.886309, 50.016084 ], [ 19.88381, 50.015216 ], [ 19.881343, 50.01606 ], [ 19.881375, 50.017773 ], [ 19.878908, 50.018617 ], [ 19.876409, 50.017749 ], [ 19.873942, 50.018593 ] ] ] } },
{ "type": "Feature", "properties": { "id": "6277371649", "name": "Szutry", "district_id": "12", "population_est": 404 }, "geometry": { "type": "Polygon", "coordinates": [ [ [ 19.978372, 50.025912 ], [ 19.980873, 50.026779 ], [ 19.980908, 50.028491 ], [ 19.983409, 50.029357 ], [ 19.983443, 50.03107 ], [ 19.985944, 50.031936 ], [ 19.985979, 50.033649 ], [ 19.98848, 50.034515 ], [ 19.990947, 50.033668 ], [ 19.990912, 50.031956 ], [ 19.993378, 50.031109 ], [ 19.995879, 50.031975 ], [ 19.998346, 50.031129 ], [ 19.998311, 50.029416 ], [ 19.99581, 50.02855 ], [ 19.995775, 50.026838 ], [ 19.993274, 50.025972 ], [ 19.993239, 50.024259 ], [ 19.990738, 50.023393 ], [ 19.988272, 50.024239 ], [ 19.985771, 50.023373 ], [ 19.983305, 50.02422 ], [ 19.980804, 50.023353 ], [ 19.978338, 50.0242 ], [ 19.978372, 50.025912 ] ] ] } },
{ "type": "Feature", "properties": { "id": "6824287925", "name": "Kąty", "district_id": "4", "population_est": 121 }, "geometry": { "type": "Polygon", "coordinates": [ [ [ 19.903005, 50.110299 ], [ 19.900535, 50.111143 ], [ 19.900568, 50.112853 ], [ 19.898098, 50.113697 ], [ 19.89813, 50.115407 ], [ 19.89566, 50.11625 ], [ 19.895693, 50.117961 ], [ 19.893223, 50.118804 ], [ 19.89072, 50.117937 ], [ 19.88825, 50.11878 ], [ 19.888282, 50.12049 ], [ 19.885812, 50.121333 ], [ 19.885844, 50.123044 ], [ 19.888347, 50.123911 ], [ 19.890817, 50.123068 ], [ 19.89332, 50.123935 ], [ 19.893353, 50.125645 ], [ 19.895856, 50.126512 ], [ 19.898326, 50.125669 ], [ 19.898294, 50.123959 ], [ 19.900764, 50.123116 ], [ 19.900731, 50.121405 ], [ 19.898228, 50.120538 ], [ 19.898196, 50.118828 ], [ 19.900666, 50.117985 ], [ 19.900633, 50.116274 ], [ 19.903103, 50.115431 ], [ 19.90307, 50.11372 ], [ 19.90554, 50.112877 ], [ 19.905508, 50.111166 ], [ 19.903005, 50.110299 ] ] ] } },
{ "type": "Feature", "properties": { "id": "682435338", "name": "Zesławice", "district_id": "17", "population_est": 115 }, "geometry": { "type": "Polygon", "coordinates": [ [ [ 20.027183, 50.103978 ], [ 20.027218, 50.105689 ], [ 20.029723, 50.106553 ], [ 20.029759, 50.108264 ], [ 20.032263, 50.109128 ], [ 20.034732, 50.108282 ], [ 20.037236, 50.109146 ], [ 20.037272, 50.110857 ], [ 20.034803, 50.111703 ], [ 20.034839, 50.113414 ], [ 20.037344, 50.114278 ], [ 20.039813, 50.113432 ], [ 20.042317, 50.114296 ], [ 20.044786, 50.113449 ], [ 20.04475, 50.111739 ], [ 20.047219, 50.110892 ], [ 20.047182, 50.109182 ], [ 20.049651, 50.108335 ], [ 20.049615, 50.106624 ], [ 20.052083, 50.105777 ], [ 20.052047, 50.104066 ], [ 20.049542, 50.103202 ], [ 20.049506, 50.101492 ], [ 20.047002, 50.100627 ], [ 20.044533, 50.101474 ], [ 20.042029, 50.10061 ], [ 20.039561, 50.101457 ], [ 20.037056, 50.100592 ], [ 20.034588, 50.101439 ], [ 20.032084, 50.100574 ], [ 20.029616, 50.101421 ], [ 20.029651, 50.103132 ], [ 20.027183, 50.103978 ] ] ] } },
{ "type": "Feature", "properties": { "id": "6855310572", "name": "Bronowice", "district_id": "6", "population_est": 435 }, "geometry": { "type": "Polygon", "coordinates": [ [ [ 19.889909, 50.075164 ], [ 19.889942, 50.076876 ], [ 19.887473, 50.077719 ], [ 19.887505, 50.079431 ], [ 19.890006, 50.080298 ], [ 19.890039, 50.08201 ], [ 19.89254, 50.082877 ], [ 19.892573, 50.084589 ], [ 19.895074, 50.085456 ], [ 19.897543, 50.084612 ], [ 19.897511, 50.082901 ], [ 19.89998, 50.082057 ], [ 19.899947, 50.080346 ], [ 19.897446, 50.079479 ], [ 19.897413, 50.077767 ], [ 19.899882, 50.076923 ], [ 19.899849, 50.075212 ], [ 19.897348, 50.074344 ], [ 19.894879, 50.075188 ], [ 19.892378, 50.074321 ], [ 19.889909, 50.075164 ] ] ] } },
{ "type": "Feature", "properties": { "id": "6958723164", "name": "Nowe Czarnochowice", "district_id": "12", "population_est": 60 }, "geometry": { "type": "Polygon", "coordinates": [ [ [ 20.047445, 50.003904 ], [ 20.047481, 50.005618 ], [ 20.049982, 50.006483 ], [ 20.050018, 50.008196 ], [ 20.052519, 50.009061 ], [ 20.054984, 50.008213 ], [ 20.057486, 50.009078 ], [ 20.059951, 50.008229 ], [ 20.059914, 50.006516 ], [ 20.057413, 50.005651 ], [ 20.057377, 50.003938 ], [ 20.054875, 50.003073 ], [ 20.052411, 50.003921 ], [ 20.04991, 50.003056 ], [ 20.047445, 50.003904 ] ] ] } },
{ "type": "Feature", "properties": { "id": "7070408266", "name": "Podgórki", "district_id": "8", "population_est": 105 }, "geometry": { "type": "Polygon", "coordinates": [ [ [ 19.811733, 50.010562 ], [ 19.809236, 50.009692 ], [ 19.806768, 50.010535 ], [ 19.806799, 50.012248 ], [ 19.809297, 50.013118 ], [ 19.809327, 50.014831 ], [ 19.811825, 50.015701 ], [ 19.814292, 50.014858 ], [ 19.814262, 50.013145 ], [ 19.811764, 50.012275 ], [ 19.811733, 50.010562 ] ] ] } },
{ "type": "Feature", "properties": { "id": "7100129107", "name": "Złocień", "district_id": "12", "population_est": 189 }, "geometry": { "type": "Polygon", "coordinates": [ [ [ 20.052664, 50.015913 ], [ 20.050199, 50.016761 ], [ 20.050235, 50.018474 ], [ 20.04777, 50.019322 ], [ 20.045268, 50.018457 ], [ 20.042803, 50.019304 ], [ 20.040301, 50.018439 ], [ 20.037836, 50.019287 ], [ 20.037872, 50.021 ], [ 20.040373, 50.021865 ], [ 20.040409, 50.023578 ], [ 20.042911, 50.024443 ], [ 20.042947, 50.026156 ], [ 20.045449, 50.027021 ], [ 20.047914, 50.026173 ], [ 20.050416, 50.027038 ], [ 20.050452, 50.02875 ], [ 20.052954, 50.029615 ], [ 20.052991, 50.031328 ], [ 20.055493, 50.032192 ], [ 20.057958, 50.031345 ], [ 20.060461, 50.032209 ], [ 20.062926, 50.031361 ], [ 20.06289, 50.029649 ], [ 20.065356, 50.0288 ], [ 20.065319, 50.027088 ], [ 20.067785, 50.02624 ], [ 20.067748, 50.024527 ], [ 20.065246, 50.023662 ], [ 20.065209, 50.02195 ], [ 20.062707, 50.021085 ], [ 20.060242, 50.021933 ], [ 20.05774, 50.021068 ], [ 20.057704, 50.019355 ], [ 20.055202, 50.018491 ], [ 20.055166, 50.016778 ], [ 20.052664, 50.015913 ] ] ] } },
{ "type": "Feature", "properties": { "id": "7575867447", "name": "Olsza", "district_id": "3", "population_est": 365 }, "geometry": { "type": "Polygon", "coordinates": [ [ [ 19.969466, 50.077233 ], [ 19.966998, 50.078078 ], [ 19.967033, 50.079789 ], [ 19.964564, 50.080635 ], [ 19.964598, 50.082346 ], [ 19.96213, 50.083191 ], [ 19.962164, 50.084902 ], [ 19.964667, 50.085768 ], [ 19.964701, 50.08748 ], [ 19.967204, 50.088346 ], [ 19.969672, 50.0875 ], [ 19.972175, 50.088366 ], [ 19.974644, 50.087521 ], [ 19.977146, 50.088387 ], [ 19.979615, 50.087541 ], [ 19.97958, 50.08583 ], [ 19.977077, 50.084964 ], [ 19.977043, 50.083253 ], [ 19.97454, 50.082387 ], [ 19.974506, 50.080676 ], [ 19.972003, 50.07981 ], [ 19.971969, 50.078099 ], [ 19.969466, 50.077233 ] ] ] } },
{ "type": "Feature", "properties": { "id": "8661764768", "name": "Kliny Poranne", "district_id": "10", "population_est": 271 }, "geometry": { "type": "Polygon", "coordinates": [ [ [ 19.903248, 49.99304 ], [ 19.903281, 49.994753 ], [ 19.905779, 49.995622 ], [ 19.905812, 49.997335 ], [ 19.908311, 49.998203 ], [ 19.910777, 49.997358 ], [ 19.913276, 49.998226 ], [ 19.915742, 49.997381 ], [ 19.918241, 49.998249 ], [ 19.920706, 49.997403 ], [ 19.920673, 49.99569 ], [ 19.918174, 49.994822 ], [ 19.918141, 49.993109 ], [ 19.915643, 49.992241 ], [ 19.913177, 49.993086 ], [ 19.910678, 49.992218 ], [ 19.908213, 49.993063 ], [ 19.905714, 49.992195 ], [ 19.903248, 49.99304 ] ] ] } },
{ "type": "Feature", "properties": { "id": "8859773010", "name": "Osiedle Niepodległości", "district_id": "18", "population_est": 147 }, "geometry": { "type": "Polygon", "coordinates": [ [ [ 20.024038, 50.072312 ], [ 20.02157, 50.073159 ], [ 20.021606, 50.07487 ], [ 20.019138, 50.075717 ], [ 20.019174, 50.077428 ], [ 20.021677, 50.078293 ], [ 20.021712, 50.080004 ], [ 20.019244, 50.080851 ], [ 20.01928, 50.082562 ], [ 20.021783, 50.083427 ], [ 20.021819, 50.085138 ], [ 20.024322, 50.086003 ], [ 20.02679, 50.085157 ], [ 20.026755, 50.083445 ], [ 20.029222, 50.082599 ], [ 20.029187, 50.080887 ], [ 20.031654, 50.080041 ], [ 20.031619, 50.078329 ], [ 20.029115, 50.077465 ], [ 20.02908, 50.075753 ], [ 20.026576, 50.074888 ], [ 20.026541, 50.073177 ], [ 20.024038, 50.072312 ] ] ] } },
{ "type": "Feature", "properties": { "id": "8859773011", "name": "Osiedle Albertyńskie", "district_id": "16", "population_est": 76 }, "geometry": { "type": "Polygon", "coordinates": [ [ [ 20.019138, 50.075717 ], [ 20.016635, 50.074852 ], [ 20.014167, 50.075698 ], [ 20.014203, 50.077409 ], [ 20.011735, 50.078256 ], [ 20.01177, 50.079967 ], [ 20.014273, 50.080832 ], [ 20.014309, 50.082544 ], [ 20.016812, 50.083409 ], [ 20.016848, 50.08512 ], [ 20.019351, 50.085985 ], [ 20.021819, 50.085138 ], [ 20.021783, 50.083427 ], [ 20.01928, 50.082562 ], [ 20.019244, 50.080851 ], [ 20.021712, 50.080004 ], [ 20.021677, 50.078293 ], [ 20.019174, 50.077428 ], [ 20.019138, 50.075717 ] ] ] } },
{ "type": "Feature", "properties": { "id": "8859815219", "name": "Osiedle Avia", "district_id": "14", "population_est": 52 }, "geometry": { "type": "Polygon", "coordinates": [ [ [ 19.996753, 50.074776 ], [ 19.994285, 50.075622 ], [ 19.99432, 50.077333 ], [ 19.996822, 50.078198 ], [ 19.996857, 50.07991 ], [ 19.99936, 50.080775 ], [ 19.999395, 50.082487 ], [ 20.001898, 50.083352 ], [ 20.004366, 50.082506 ], [ 20.00687, 50.083371 ], [ 20.009338, 50.082525 ], [ 20.009302, 50.080813 ], [ 20.006799, 50.079948 ], [ 20.006764, 50.078237 ], [ 20.004261, 50.077372 ], [ 20.001793, 50.078218 ], [ 19.99929, 50.077352 ], [ 19.999255, 50.075641 ], [ 19.996753, 50.074776 ] ] ] } },
{ "type": "Feature", "properties": { "id": "9003418410", "name": "Osiedle Oświecenia", "district_id": "3", "population_est": 581 }, "geometry": { "type": "Polygon", "coordinates": [ [ [ 19.974712, 50.090943 ], [ 19.974747, 50.092654 ], [ 19.97725, 50.09352 ], [ 19.977284, 50.095231 ], [ 19.974816, 50.096076 ], [ 19.97485, 50.097787 ], [ 19.977353, 50.098653 ], [ 19.977388, 50.100364 ], [ 19.974919, 50.101209 ], [ 19.974954, 50.10292 ], [ 19.977457, 50.103785 ], [ 19.977491, 50.105496 ], [ 19.979995, 50.106362 ], [ 19.982464, 50.105516 ], [ 19.984968, 50.106382 ], [ 19.987437, 50.105536 ], [ 19.98994, 50.106402 ], [ 19.992409, 50.105556 ], [ 19.992374, 50.103845 ], [ 19.989871, 50.10298 ], [ 19.989836, 50.101269 ], [ 19.992305, 50.100424 ], [ 19.99227, 50.098713 ], [ 19.994738, 50.097867 ], [ 19.994704, 50.096156 ], [ 19.997172, 50.095311 ], [ 19.997137, 50.0936 ], [ 19.994634, 50.092734 ], [ 19.994599, 50.091023 ], [ 19.992096, 50.090158 ], [ 19.992061, 50.088447 ], [ 19.989558, 50.087581 ], [ 19.987089, 50.088427 ], [ 19.984586, 50.087561 ], [ 19.982118, 50.088407 ], [ 19.979615, 50.087541 ], [ 19.977146, 50.088387 ], [ 19.977181, 50.090098 ], [ 19.974712, 50.090943 ] ] ] } },
{ "type": "Feature", "properties": { "id": "9308411361", "name": "Osiedle Akademickie", "district_id": "14", "population_est": 62 }, "geometry": { "type": "Polygon", "coordinates": [ [ [ 19.99432, 50.077333 ], [ 19.991852, 50.078179 ], [ 19.991887, 50.07989 ], [ 19.989418, 50.080736 ], [ 19.989453, 50.082447 ], [ 19.986985, 50.083293 ], [ 19.98702, 50.085004 ], [ 19.984552, 50.08585 ], [ 19.984586, 50.087561 ], [ 19.987089, 50.088427 ], [ 19.989558, 50.087581 ], [ 19.992061, 50.088447 ], [ 19.992096, 50.090158 ], [ 19.994599, 50.091023 ], [ 19.997067, 50.090177 ], [ 19.997032, 50.088466 ], [ 19.9995, 50.08762 ], [ 19.999465, 50.085909 ], [ 20.001934, 50.085063 ], [ 20.001898, 50.083352 ], [ 19.999395, 50.082487 ], [ 19.99936, 50.080775 ], [ 19.996857, 50.07991 ], [ 19.996822, 50.078198 ], [ 19.99432, 50.077333 ] ] ] } },
{ "type": "Feature", "properties": { "id": "9389481906", "name": "Osiedle Wysokie", "district_id": "16", "population_est": 86 }, "geometry": { "type": "Polygon", "coordinates": [ [ [ 20.01438, 50.085966 ], [ 20.014415, 50.087677 ], [ 20.011947, 50.088524 ], [ 20.011982, 50.090235 ], [ 20.014486, 50.0911 ], [ 20.014521, 50.092811 ], [ 20.017025, 50.093676 ], [ 20.019493, 50.092829 ], [ 20.019457, 50.091118 ], [ 20.021926, 50.090272 ], [ 20.02189, 50.088561 ], [ 20.024358, 50.087714 ], [ 20.024322, 50.086003 ], [ 20.021819, 50.085138 ], [ 20.019351, 50.085985 ], [ 20.016848, 50.08512 ], [ 20.01438, 50.085966 ] ] ] } },
{ "type": "Feature", "properties": { "id": "945333611", "name": "Kosocice", "district_id": "10", "population_est": 229 }, "geometry": { "type": "Polygon", "coordinates": [ [ [ 19.994972, 49.987436 ], [ 19.992507, 49.988283 ], [ 19.992542, 49.989997 ], [ 19.990077, 49.990844 ], [ 19.990112, 49.992557 ], [ 19.987647, 49.993404 ], [ 19.987682, 49.995118 ], [ 19.990182, 49.995984 ], [ 19.990216, 49.997697 ], [ 19.987751, 49.998544 ], [ 19.987786, 50.000258 ], [ 19.990286, 50.001124 ], [ 19.992751, 50.000277 ], [ 19.995251, 50.001143 ], [ 19.995286, 50.002857 ], [ 19.997786, 50.003723 ], [ 20.000252, 50.002876 ], [ 20.000217, 50.001163 ], [ 20.002682, 50.000315 ], [ 20.002647, 49.998602 ], [ 20.000147, 49.997736 ], [ 20.000112, 49.996023 ], [ 20.002577, 49.995175 ], [ 20.002542, 49.993462 ], [ 20.000042, 49.992596 ], [ 20.000007, 49.990882 ], [ 19.997507, 49.990016 ], [ 19.997472, 49.988302 ], [ 19.994972, 49.987436 ] ] ] } },
{ "type": "Feature", "properties": { "id": "945333621", "name": "Rajsko", "district_id": "10", "population_est": 94 }, "geometry": { "type": "Polygon", "coordinates": [ [ [ 19.967514, 49.979615 ], [ 19.965049, 49.980462 ], [ 19.965083, 49.982176 ], [ 19.962618, 49.983022 ], [ 19.962652, 49.984736 ], [ 19.965152, 49.985603 ], [ 19.965186, 49.987316 ], [ 19.967685, 49.988183 ], [ 19.967719, 49.989897 ], [ 19.970219, 49.990764 ], [ 19.972684, 49.989917 ], [ 19.972649, 49.988204 ], [ 19.975114, 49.987357 ], [ 19.97508, 49.985644 ], [ 19.972581, 49.984777 ], [ 19.972546, 49.983063 ], [ 19.970047, 49.982196 ], [ 19.970013, 49.980482 ], [ 19.967514, 49.979615 ] ] ] } },
{ "type": "Feature", "properties": { "id": "945333632", "name": "Soboniowice", "district_id": "10", "population_est": 204 }, "geometry": { "type": "Polygon", "coordinates": [ [ [ 19.982406, 49.979676 ], [ 19.979941, 49.980523 ], [ 19.979975, 49.982236 ], [ 19.982475, 49.983103 ], [ 19.982509, 49.984817 ], [ 19.985009, 49.985683 ], [ 19.985043, 49.987397 ], [ 19.987543, 49.988264 ], [ 19.990008, 49.987417 ], [ 19.992507, 49.988283 ], [ 19.994972, 49.987436 ], [ 19.994937, 49.985722 ], [ 19.997402, 49.984875 ], [ 19.997367, 49.983162 ], [ 19.999832, 49.982314 ], [ 19.999797, 49.9806 ], [ 20.002261, 49.979753 ], [ 20.002226, 49.978039 ], [ 19.999727, 49.977173 ], [ 19.997263, 49.97802 ], [ 19.994763, 49.977154 ], [ 19.992299, 49.978001 ], [ 19.989799, 49.977134 ], [ 19.987335, 49.977982 ], [ 19.984836, 49.977115 ], [ 19.982371, 49.977962 ], [ 19.982406, 49.979676 ] ] ] } },
{ "type": "Feature", "properties": { "id": "957184294", "name": "Swoszowice", "district_id": "10", "population_est": 151 }, "geometry": { "type": "Polygon", "coordinates": [ [ [ 19.947929, 49.99324 ], [ 19.94543, 49.992373 ], [ 19.942964, 49.993219 ], [ 19.942998, 49.994932 ], [ 19.940532, 49.995778 ], [ 19.940566, 49.997492 ], [ 19.943065, 49.998359 ], [ 19.945531, 49.997513 ], [ 19.94803, 49.99838 ], [ 19.950496, 49.997534 ], [ 19.950462, 49.995821 ], [ 19.947963, 49.994954 ], [ 19.947929, 49.99324 ] ] ] } },
{ "type": "Feature", "properties": { "id": "965257171", "name": "Wróblowice", "district_id": "10", "population_est": 250 }, "geometry": { "type": "Polygon", "coordinates": [ [ [ 19.942661, 49.977797 ], [ 19.942695, 49.97951 ], [ 19.945194, 49.980378 ], [ 19.945227, 49.982092 ], [ 19.947726, 49.982959 ], [ 19.94776, 49.984673 ], [ 19.950259, 49.98554 ], [ 19.952724, 49.984694 ], [ 19.95269, 49.98298 ], [ 19.955155, 49.982134 ], [ 19.955121, 49.98042 ], [ 19.952623, 49.979553 ], [ 19.952589, 49.977839 ], [ 19.95009, 49.976972 ], [ 19.947625, 49.977818 ], [ 19.945126, 49.97695 ], [ 19.942661, 49.977797 ] ] ] } },
{ "type": "Feature", "properties": { "id": "9961139061", "name": "Ruczaj", "district_id": "8", "population_est": 262 }, "geometry": { "type": "Polygon", "coordinates": [ [ [ 19.88897, 50.025516 ], [ 19.891469, 50.026384 ], [ 19.893936, 50.02554 ], [ 19.896436, 50.026408 ], [ 19.896469, 50.028121 ], [ 19.898968, 50.028989 ], [ 19.899001, 50.030701 ], [ 19.901501, 50.031569 ], [ 19.903968, 50.030725 ], [ 19.906468, 50.031592 ], [ 19.908935, 50.030748 ], [ 19.908902, 50.029035 ], [ 19.911369, 50.028191 ], [ 19.911336, 50.026478 ], [ 19.913803, 50.025633 ], [ 19.916303, 50.026501 ], [ 19.91877, 50.025656 ], [ 19.918736, 50.023943 ], [ 19.916237, 50.023076 ], [ 19.91377, 50.02392 ], [ 19.91127, 50.023053 ], [ 19.911237, 50.02134 ], [ 19.908738, 50.020472 ], [ 19.906271, 50.021317 ], [ 19.906304, 50.02303 ], [ 19.903837, 50.023874 ], [ 19.901337, 50.023006 ], [ 19.89887, 50.023851 ], [ 19.896371, 50.022983 ], [ 19.893904, 50.023827 ], [ 19.891405, 50.022959 ], [ 19.888938, 50.023804 ], [ 19.88897, 50.025516 ] ] ] } },
{ "type": "Feature", "properties": { "id": "9961480177", "name": "Kombinat", "district_id": "18", "population_est": 2 }, "geometry": { "type": "Polygon", "coordinates": [ [ [ 20.078568, 50.065653 ], [ 20.078605, 50.067365 ], [ 20.076138, 50.068213 ], [ 20.076175, 50.069924 ], [ 20.073708, 50.070772 ], [ 20.073744, 50.072484 ], [ 20.071277, 50.073332 ], [ 20.071314, 50.075043 ], [ 20.068847, 50.075891 ], [ 20.068884, 50.077602 ], [ 20.071388, 50.078466 ], [ 20.071424, 50.080178 ], [ 20.073928, 50.081041 ], [ 20.073965, 50.082753 ], [ 20.076469, 50.083616 ], [ 20.078937, 50.082769 ], [ 20.081441, 50.083632 ], [ 20.083908, 50.082785 ], [ 20.086413, 50.083648 ], [ 20.08888, 50.0828 ], [ 20.091384, 50.083664 ], [ 20.093852, 50.082816 ], [ 20.093814, 50.081104 ], [ 20.09131, 50.080241 ], [ 20.091273, 50.078529 ], [ 20.09374, 50.077681 ], [ 20.093703, 50.07597 ], [ 20.091198, 50.075106 ], [ 20.091161, 50.073395 ], [ 20.088657, 50.072531 ], [ 20.08862, 50.07082 ], [ 20.091087, 50.069972 ], [ 20.09105, 50.06826 ], [ 20.088546, 50.067396 ], [ 20.088509, 50.065685 ], [ 20.086005, 50.064821 ], [ 20.083538, 50.065669 ], [ 20.081034, 50.064805 ], [ 20.078568, 50.065653 ] ] ] } },
{ "type": "Feature", "properties": { "id": "9961480178", "name": "Olszyny", "district_id": "8", "population_est": 231 }, "geometry": { "type": "Polygon", "coordinates": [ [ [ 19.885534, 49.974965 ], [ 19.883037, 49.974096 ], [ 19.880571, 49.974941 ], [ 19.880603, 49.976655 ], [ 19.878138, 49.977499 ], [ 19.87564, 49.97663 ], [ 19.873175, 49.977475 ], [ 19.873207, 49.979189 ], [ 19.870741, 49.980033 ], [ 19.870773, 49.981747 ], [ 19.868307, 49.982591 ], [ 19.86581, 49.981722 ], [ 19.863344, 49.982567 ], [ 19.863376, 49.98428 ], [ 19.865873, 49.985149 ], [ 19.868339, 49.984305 ], [ 19.870837, 49.985174 ], [ 19.873303, 49.98433 ], [ 19.873271, 49.982616 ], [ 19.875736, 49.981771 ], [ 19.878234, 49.98264 ], [ 19.8807, 49.981796 ], [ 19.880668, 49.980082 ], [ 19.883133, 49.979237 ], [ 19.883101, 49.977523 ], [ 19.885566, 49.976679 ], [ 19.885534, 49.974965 ] ] ] } },
{ "type": "Feature", "properties": { "id": "9963373089", "name": "Zwierzyniec", "district_id": "7", "population_est": 283 }, "geometry": { "type": "Polygon", "coordinates": [ [ [ 19.894424, 50.051224 ], [ 19.896924, 50.052092 ], [ 19.896957, 50.053804 ], [ 19.899457, 50.054672 ], [ 19.89949, 50.056384 ], [ 19.897022, 50.057228 ], [ 19.897055, 50.05894 ], [ 19.899555, 50.059808 ], [ 19.902023, 50.058963 ], [ 19.904524, 50.059831 ], [ 19.906992, 50.058987 ], [ 19.90696, 50.057275 ], [ 19.909428, 50.056431 ], [ 19.909395, 50.054719 ], [ 19.906894, 50.053851 ], [ 19.906861, 50.052139 ], [ 19.904361, 50.051272 ], [ 19.904328, 50.04956 ], [ 19.901827, 50.048692 ], [ 19.89936, 50.049536 ], [ 19.896859, 50.048668 ], [ 19.894391, 50.049512 ], [ 19.894424, 50.051224 ] ] ] } },
{ "type": "Feature", "properties": { "id": "9963373090", "name": "Zalew Nowohucki", "district_id": "18", "population_est": 262 }, "geometry": { "type": "Polygon", "coordinates": [ [ [ 20.043992, 50.075806 ], [ 20.044028, 50.077518 ], [ 20.041561, 50.078365 ], [ 20.041597, 50.080076 ], [ 20.039129, 50.080923 ], [ 20.039165, 50.082634 ], [ 20.041669, 50.083499 ], [ 20.041705, 50.08521 ], [ 20.044209, 50.086075 ], [ 20.044245, 50.087786 ], [ 20.046749, 50.08865 ], [ 20.049216, 50.087803 ], [ 20.04918, 50.086092 ], [ 20.051648, 50.085245 ], [ 20.051612, 50.083534 ], [ 20.054079, 50.082686 ], [ 20.054043, 50.080975 ], [ 20.05651, 50.080128 ], [ 20.056474, 50.078416 ], [ 20.058941, 50.077569 ], [ 20.058905, 50.075858 ], [ 20.061372, 50.07501 ], [ 20.061336, 50.073299 ], [ 20.058832, 50.072435 ], [ 20.056365, 50.073282 ], [ 20.053861, 50.072418 ], [ 20.051394, 50.073265 ], [ 20.05143, 50.074976 ], [ 20.048963, 50.075824 ], [ 20.04646, 50.074959 ], [ 20.043992, 50.075806 ] ] ] } },
{ "type": "Feature", "properties": { "id": "9963373091", "name": "Wzgórza Krzesławickie", "district_id": "17", "population_est": 150 }, "geometry": { "type": "Polygon", "coordinates": [ [ [ 20.054261, 50.091243 ], [ 20.051757, 50.090379 ], [ 20.049289, 50.091226 ], [ 20.049325, 50.092937 ], [ 20.046857, 50.093784 ], [ 20.046893, 50.095495 ], [ 20.044425, 50.096341 ], [ 20.044461, 50.098052 ], [ 20.041993, 50.098899 ], [ 20.042029, 50.10061 ], [ 20.044533, 50.101474 ], [ 20.047002, 50.100627 ], [ 20.049506, 50.101492 ], [ 20.051974, 50.100645 ], [ 20.051938, 50.098934 ], [ 20.054406, 50.098087 ], [ 20.05437, 50.096376 ], [ 20.051865, 50.095512 ], [ 20.051829, 50.093801 ], [ 20.054297, 50.092954 ], [ 20.054261, 50.091243 ] ] ] } },
{ "type": "Feature", "properties": { "id": "9963373092", "name": "Swoszowice", "district_id": "10", "population_est": 139 }, "geometry": { "type": "Polygon", "coordinates": [ [ [ 19.94543, 49.992373 ], [ 19.945396, 49.99066 ], [ 19.942897, 49.989792 ], [ 19.940431, 49.990638 ], [ 19.940465, 49.992351 ], [ 19.938, 49.993197 ], [ 19.938033, 49.994911 ], [ 19.940532, 49.995778 ], [ 19.942998, 49.994932 ], [ 19.942964, 49.993219 ], [ 19.94543, 49.992373 ] ] ] } },
{ "type": "Feature", "properties": { "id": "9963373093", "name": "Stare Miasto", "district_id": "1", "population_est": 166 }, "geometry": { "type": "Polygon", "coordinates": [ [ [ 19.934339, 50.059967 ], [ 19.931837, 50.0591 ], [ 19.92937, 50.059945 ], [ 19.929403, 50.061657 ], [ 19.931904, 50.062524 ], [ 19.931938, 50.064235 ], [ 19.934439, 50.065102 ], [ 19.936907, 50.064258 ], [ 19.936874, 50.062546 ], [ 19.934372, 50.061679 ], [ 19.934339, 50.059967 ] ] ] } },
{ "type": "Feature", "properties": { "id": "9963373094", "name": "Przedmieście Warszawskie", "district_id": "1", "population_est": 109 }, "geometry": { "type": "Polygon", "coordinates": [ [ [ 19.947049, 50.074571 ], [ 19.94458, 50.075416 ], [ 19.944614, 50.077127 ], [ 19.942146, 50.077972 ], [ 19.942179, 50.079683 ], [ 19.944682, 50.08055 ], [ 19.94715, 50.079705 ], [ 19.949652, 50.080571 ], [ 19.952121, 50.079726 ], [ 19.954623, 50.080593 ], [ 19.957091, 50.079748 ], [ 19.957057, 50.078036 ], [ 19.959525, 50.077191 ], [ 19.959491, 50.07548 ], [ 19.956989, 50.074613 ], [ 19.956955, 50.072902 ], [ 19.954453, 50.072035 ], [ 19.951985, 50.072881 ], [ 19.949483, 50.072014 ], [ 19.947015, 50.072859 ], [ 19.947049, 50.074571 ] ] ] } },
{ "type": "Feature", "properties": { "id": "9963373095", "name": "Prądnik Czerwony", "district_id": "3", "population_est": 552 }, "geometry": { "type": "Polygon", "coordinates": [ [ [ 19.962164, 50.084902 ], [ 19.959696, 50.085748 ], [ 19.95973, 50.087459 ], [ 19.957261, 50.088304 ], [ 19.954759, 50.087438 ], [ 19.95229, 50.088282 ], [ 19.952324, 50.089994 ], [ 19.954827, 50.09086 ], [ 19.954861, 50.092571 ], [ 19.957363, 50.093437 ], [ 19.957397, 50.095148 ], [ 19.9599, 50.096014 ], [ 19.962369, 50.095169 ], [ 19.964872, 50.096035 ], [ 19.967341, 50.09519 ], [ 19.969844, 50.096056 ], [ 19.969878, 50.097767 ], [ 19.972381, 50.098632 ], [ 19.97485, 50.097787 ], [ 19.974816, 50.096076 ], [ 19.977284, 50.095231 ], [ 19.97725, 50.09352 ], [ 19.974747, 50.092654 ], [ 19.974712, 50.090943 ], [ 19.977181, 50.090098 ], [ 19.977146, 50.088387 ], [ 19.974644, 50.087521 ], [ 19.972175, 50.088366 ], [ 19.969672, 50.0875 ], [ 19.967204, 50.088346 ], [ 19.964701, 50.08748 ], [ 19.964667, 50.085768 ], [ 19.962164, 50.084902 ] ] ] } },
{ "type": "Feature", "properties": { "id": "9963373096", "name": "Prądnik Biały", "district_id": "4", "population_est": 352 }, "geometry": { "type": "Polygon", "coordinates": [ [ [ 19.915089, 50.092394 ], [ 19.91262, 50.093238 ], [ 19.912653, 50.094949 ], [ 19.915155, 50.095816 ], [ 19.917625, 50.094972 ], [ 19.920127, 50.095839 ], [ 19.92016, 50.09755 ], [ 19.922662, 50.098416 ], [ 19.922696, 50.100127 ], [ 19.925198, 50.100994 ], [ 19.927668, 50.10015 ], [ 19.927634, 50.098439 ], [ 19.930103, 50.097595 ], [ 19.93007, 50.095884 ], [ 19.927568, 50.095017 ], [ 19.927534, 50.093306 ], [ 19.930003, 50.092462 ], [ 19.92997, 50.090751 ], [ 19.927468, 50.089884 ], [ 19.924999, 50.090728 ], [ 19.922497, 50.089862 ], [ 19.920028, 50.090706 ], [ 19.917525, 50.089839 ], [ 19.915056, 50.090683 ], [ 19.915089, 50.092394 ] ] ] } },
{ "type": "Feature", "properties": { "id": "9963373097", "name": "Nowa Huta", "district_id": "18", "population_est": 136 }, "geometry": { "type": "Polygon", "coordinates": [ [ [ 20.026469, 50.069754 ], [ 20.024002, 50.0706 ], [ 20.024038, 50.072312 ], [ 20.026541, 50.073177 ], [ 20.026576, 50.074888 ], [ 20.02908, 50.075753 ], [ 20.029115, 50.077465 ], [ 20.031619, 50.078329 ], [ 20.031654, 50.080041 ], [ 20.034158, 50.080905 ], [ 20.036626, 50.080059 ], [ 20.03659, 50.078347 ], [ 20.039057, 50.0775 ], [ 20.039021, 50.075789 ], [ 20.036518, 50.074924 ], [ 20.036482, 50.073213 ], [ 20.038949, 50.072366 ], [ 20.038913, 50.070654 ], [ 20.03641, 50.069789 ], [ 20.036374, 50.068078 ], [ 20.033871, 50.067213 ], [ 20.031404, 50.06806 ], [ 20.028901, 50.067195 ], [ 20.026434, 50.068042 ], [ 20.026469, 50.069754 ] ] ] } },
{ "type": "Feature", "properties": { "id": "9963373098", "name": "Mistrzejowice", "district_id": "15", "population_est": 60 }, "geometry": { "type": "Polygon", "coordinates": [ [ [ 20.014521, 50.092811 ], [ 20.014486, 50.0911 ], [ 20.011982, 50.090235 ], [ 20.009514, 50.091081 ], [ 20.009549, 50.092792 ], [ 20.007081, 50.093638 ], [ 20.007116, 50.095349 ], [ 20.00962, 50.096214 ], [ 20.009655, 50.097925 ], [ 20.012159, 50.09879 ], [ 20.014627, 50.097944 ], [ 20.014592, 50.096233 ], [ 20.012088, 50.095368 ], [ 20.012053, 50.093657 ], [ 20.014521, 50.092811 ] ] ] } },
{ "type": "Feature", "properties": { "id": "9963373099", "name": "Las Wolski", "district_id": "7", "population_est": 57 }, "geometry": { "type": "Polygon", "coordinates": [ [ [ 19.837213, 50.046657 ], [ 19.837244, 50.048369 ], [ 19.839743, 50.049239 ], [ 19.839774, 50.050951 ], [ 19.837306, 50.051793 ], [ 19.837337, 50.053505 ], [ 19.839837, 50.054374 ], [ 19.839868, 50.056086 ], [ 19.842368, 50.056955 ], [ 19.842399, 50.058667 ], [ 19.83993, 50.05951 ], [ 19.839962, 50.061222 ], [ 19.842462, 50.06209 ], [ 19.84493, 50.061247 ], [ 19.84743, 50.062116 ], [ 19.849899, 50.061273 ], [ 19.852399, 50.062142 ], [ 19.854868, 50.061299 ], [ 19.857368, 50.062167 ], [ 19.859837, 50.061324 ], [ 19.859805, 50.059612 ], [ 19.862273, 50.058769 ], [ 19.862242, 50.057057 ], [ 19.86471, 50.056214 ], [ 19.864678, 50.054502 ], [ 19.862178, 50.053634 ], [ 19.862146, 50.051922 ], [ 19.859646, 50.051053 ], [ 19.859615, 50.049341 ], [ 19.862083, 50.048498 ], [ 19.862051, 50.046786 ], [ 19.859551, 50.045917 ], [ 19.857083, 50.04676 ], [ 19.854584, 50.045892 ], [ 19.854552, 50.04418 ], [ 19.852053, 50.043311 ], [ 19.849585, 50.044154 ], [ 19.847085, 50.043285 ], [ 19.844617, 50.044128 ], [ 19.842118, 50.043259 ], [ 19.83965, 50.044102 ], [ 19.839681, 50.045814 ], [ 19.837213, 50.046657 ] ] ] } },
{ "type": "Feature", "properties": { "id": "9963373101", "name": "Kabel", "district_id": "13", "population_est": 499 }, "geometry": { "type": "Polygon", "coordinates": [ [ [ 19.968404, 50.024159 ], [ 19.968438, 50.025872 ], [ 19.965972, 50.026718 ], [ 19.966006, 50.02843 ], [ 19.963539, 50.029276 ], [ 19.961039, 50.02841 ], [ 19.958572, 50.029255 ], [ 19.958606, 50.030968 ], [ 19.95614, 50.031814 ], [ 19.956174, 50.033526 ], [ 19.958674, 50.034393 ], [ 19.958708, 50.036105 ], [ 19.961209, 50.036972 ], [ 19.963676, 50.036126 ], [ 19.966177, 50.036993 ], [ 19.966211, 50.038705 ], [ 19.968712, 50.039571 ], [ 19.971179, 50.038726 ], [ 19.97368, 50.039592 ], [ 19.976147, 50.038746 ], [ 19.976113, 50.037034 ], [ 19.978579, 50.036187 ], [ 19.98108, 50.037054 ], [ 19.983547, 50.036207 ], [ 19.983512, 50.034495 ], [ 19.985979, 50.033649 ], [ 19.985944, 50.031936 ], [ 19.983443, 50.03107 ], [ 19.983409, 50.029357 ], [ 19.980908, 50.028491 ], [ 19.980873, 50.026779 ], [ 19.978372, 50.025912 ], [ 19.978338, 50.0242 ], [ 19.975837, 50.023333 ], [ 19.973371, 50.024179 ], [ 19.97087, 50.023313 ], [ 19.968404, 50.024159 ] ] ] } },
{ "type": "Feature", "properties": { "id": "9963373102", "name": "Grzegórzki", "district_id": "2", "population_est": 181 }, "geometry": { "type": "Polygon", "coordinates": [ [ [ 19.956581, 50.054073 ], [ 19.954114, 50.054918 ], [ 19.954148, 50.05663 ], [ 19.956649, 50.057497 ], [ 19.956683, 50.059208 ], [ 19.959185, 50.060075 ], [ 19.959219, 50.061787 ], [ 19.961721, 50.062653 ], [ 19.961755, 50.064365 ], [ 19.964257, 50.065231 ], [ 19.966724, 50.064386 ], [ 19.96669, 50.062674 ], [ 19.964188, 50.061808 ], [ 19.964154, 50.060096 ], [ 19.966622, 50.05925 ], [ 19.966587, 50.057538 ], [ 19.964086, 50.056672 ], [ 19.964052, 50.05496 ], [ 19.966519, 50.054114 ], [ 19.966485, 50.052402 ], [ 19.963983, 50.051536 ], [ 19.961516, 50.052382 ], [ 19.959015, 50.051515 ], [ 19.956547, 50.052361 ], [ 19.956581, 50.054073 ] ] ] } },
{ "type": "Feature", "properties": { "id": "9963373103", "name": "Dąbie", "district_id": "2", "population_est": 76 }, "geometry": { "type": "Polygon", "coordinates": [ [ [ 19.989036, 50.061909 ], [ 19.989001, 50.060197 ], [ 19.986499, 50.059331 ], [ 19.984032, 50.060177 ], [ 19.984066, 50.061889 ], [ 19.981599, 50.062735 ], [ 19.979097, 50.061869 ], [ 19.976629, 50.062715 ], [ 19.974127, 50.061849 ], [ 19.97166, 50.062694 ], [ 19.971694, 50.064406 ], [ 19.974196, 50.065272 ], [ 19.974231, 50.066984 ], [ 19.976733, 50.06785 ], [ 19.9792, 50.067004 ], [ 19.981703, 50.06787 ], [ 19.98417, 50.067024 ], [ 19.986673, 50.06789 ], [ 19.98914, 50.067044 ], [ 19.989106, 50.065332 ], [ 19.986603, 50.064467 ], [ 19.986569, 50.062755 ], [ 19.989036, 50.061909 ] ] ] } },
{ "type": "Feature", "properties": { "id": "9963373104", "name": "Czyżyny", "district_id": "14", "population_est": 147 }, "geometry": { "type": "Polygon", "coordinates": [ [ [ 20.00405, 50.067102 ], [ 20.001583, 50.067949 ], [ 20.001618, 50.06966 ], [ 19.99915, 50.070506 ], [ 19.996648, 50.069641 ], [ 19.99418, 50.070487 ], [ 19.994215, 50.072199 ], [ 19.996718, 50.073064 ], [ 19.999185, 50.072218 ], [ 20.001688, 50.073083 ], [ 20.004156, 50.072237 ], [ 20.006659, 50.073102 ], [ 20.006694, 50.074814 ], [ 20.009197, 50.075679 ], [ 20.011664, 50.074833 ], [ 20.011629, 50.073121 ], [ 20.009126, 50.072256 ], [ 20.009091, 50.070545 ], [ 20.011558, 50.069698 ], [ 20.011523, 50.067987 ], [ 20.013991, 50.06714 ], [ 20.013955, 50.065428 ], [ 20.011453, 50.064563 ], [ 20.008985, 50.06541 ], [ 20.006483, 50.064544 ], [ 20.004015, 50.065391 ], [ 20.00405, 50.067102 ] ] ] } },
{ "type": "Feature", "properties": { "id": "9963373105", "name": "Bronowice", "district_id": "6", "population_est": 135 }, "geometry": { "type": "Polygon", "coordinates": [ [ [ 19.884972, 50.076852 ], [ 19.882503, 50.077695 ], [ 19.882535, 50.079407 ], [ 19.880066, 50.08025 ], [ 19.880098, 50.081961 ], [ 19.882599, 50.082829 ], [ 19.882632, 50.08454 ], [ 19.885133, 50.085408 ], [ 19.887602, 50.084565 ], [ 19.890104, 50.085432 ], [ 19.890136, 50.087143 ], [ 19.892638, 50.088011 ], [ 19.895107, 50.087167 ], [ 19.895074, 50.085456 ], [ 19.892573, 50.084589 ], [ 19.89254, 50.082877 ], [ 19.890039, 50.08201 ], [ 19.890006, 50.080298 ], [ 19.887505, 50.079431 ], [ 19.887473, 50.077719 ], [ 19.884972, 50.076852 ] ] ] } },
{ "type": "Feature", "properties": { "id": "9963373106", "name": "Błonia", "district_id": "7", "population_est": 42 }, "geometry": { "type": "Polygon", "coordinates": [ [ [ 19.90696, 50.057275 ], [ 19.906992, 50.058987 ], [ 19.904524, 50.059831 ], [ 19.904557, 50.061543 ], [ 19.907058, 50.06241 ], [ 19.907091, 50.064122 ], [ 19.909592, 50.064989 ], [ 19.91206, 50.064145 ], [ 19.912027, 50.062433 ], [ 19.914495, 50.061589 ], [ 19.916996, 50.062456 ], [ 19.919464, 50.061612 ], [ 19.919431, 50.0599 ], [ 19.91693, 50.059033 ], [ 19.916897, 50.057321 ], [ 19.914396, 50.056454 ], [ 19.911928, 50.057298 ], [ 19.909428, 50.056431 ], [ 19.90696, 50.057275 ] ] ] } },
{ "type": "Feature", "properties": { "id": "9963373107", "name": "Bieńczyce", "district_id": "16", "population_est": 40 }, "geometry": { "type": "Polygon", "coordinates": [ [ [ 20.031762, 50.085175 ], [ 20.031726, 50.083463 ], [ 20.029222, 50.082599 ], [ 20.026755, 50.083445 ], [ 20.02679, 50.085157 ], [ 20.024322, 50.086003 ], [ 20.024358, 50.087714 ], [ 20.026862, 50.088579 ], [ 20.02933, 50.087733 ], [ 20.029294, 50.086021 ], [ 20.031762, 50.085175 ] ] ] } },
{ "type": "Feature", "properties": { "id": "9963373108", "name": "Białe Morza", "district_id": "9", "population_est": 331 }, "geometry": { "type": "Polygon", "coordinates": [ [ [ 19.930836, 50.007727 ], [ 19.933336, 50.008594 ], [ 19.933369, 50.010308 ], [ 19.930903, 50.011153 ], [ 19.930936, 50.012866 ], [ 19.933436, 50.013733 ], [ 19.933469, 50.015446 ], [ 19.935969, 50.016314 ], [ 19.938435, 50.015468 ], [ 19.940935, 50.016335 ], [ 19.943401, 50.01549 ], [ 19.945901, 50.016357 ], [ 19.948368, 50.015511 ], [ 19.948334, 50.013798 ], [ 19.945834, 50.012931 ], [ 19.9458, 50.011218 ], [ 19.948266, 50.010372 ], [ 19.948233, 50.008659 ], [ 19.945733, 50.007792 ], [ 19.945699, 50.006079 ], [ 19.948165, 50.005233 ], [ 19.948131, 50.00352 ], [ 19.945632, 50.002653 ], [ 19.943166, 50.003499 ], [ 19.9432, 50.005212 ], [ 19.940734, 50.006058 ], [ 19.938234, 50.00519 ], [ 19.935768, 50.006036 ], [ 19.933269, 50.005168 ], [ 19.930803, 50.006014 ], [ 19.930836, 50.007727 ] ] ] } }
]
}
