{
"type": "FeatureCollection",
"name": "districts",
"crs": { "type": "name", "properties": { "name": "urn:ogc:def:crs:OGC:1.3:CRS84" } },
"xy_coordinate_resolution": 1e-06,
"features": [
{ "type": "Feature", "properties": { "id": "500054", "name": "Praha 1", "district_short_name": "Praha 1", "population_est": 3756 }, "geometry": { "type": "Polygon", "coordinates": [ [ [ 14.411107, 50.095423 ], [ 14.409637, 50.095412 ], [ 14.409417, 50.095127 ], [ 14.409073, 50.095155 ], [ 14.409156, 50.095028 ], [ 14.405927, 50.094392 ], [ 14.398348, 50.093303 ], [ 14.396852, 50.093586 ], [ 14.389437, 50.092763 ], [ 14.389096, 50.092528 ], [ 14.388781, 50.091025 ], [ 14.387966, 50.089338 ], [ 14.388232, 50.08729 ], [ 14.387267, 50.086769 ], [ 14.385549, 50.086365 ], [ 14.384842, 50.085312 ], [ 14.386749, 50.084749 ], [ 14.387242, 50.084997 ], [ 14.388362, 50.084031 ], [ 14.387864, 50.083797 ], [ 14.388024, 50.082975 ], [ 14.389249, 50.08305 ], [ 14.389534, 50.08341 ], [ 14.391024, 50.082905 ], [ 14.390717, 50.08256 ], [ 14.391052, 50.081767 ], [ 14.392286, 50.081981 ], [ 14.392515, 50.082352 ], [ 14.394136, 50.081939 ], [ 14.39391, 50.081563 ], [ 14.394333, 50.080823 ], [ 14.395491, 50.081113 ], [ 14.395747, 50.081483 ], [ 14.397342, 50.08102 ], [ 14.397064, 50.080646 ], [ 14.39758, 50.079925 ], [ 14.398735, 50.080251 ], [ 14.398842, 50.080651 ], [ 14.399666, 50.080559 ], [ 14.399668, 50.080728 ], [ 14.400457, 50.080639 ], [ 14.401579, 50.080743 ], [ 14.401593, 50.080591 ], [ 14.401895, 50.08059 ], [ 14.401915, 50.080748 ], [ 14.404566, 50.080806 ], [ 14.404531, 50.081177 ], [ 14.409108, 50.081278 ], [ 14.409823, 50.079066 ], [ 14.410891, 50.078675 ], [ 14.411512, 50.075592 ], [ 14.413872, 50.075801 ], [ 14.41439, 50.07739 ], [ 14.416391, 50.07754 ], [ 14.419525, 50.07837 ], [ 14.419607, 50.079161 ], [ 14.42201, 50.079085 ], [ 14.421268, 50.077499 ], [ 14.430444, 50.077088 ], [ 14.430709, 50.077847 ], [ 14.432761, 50.079118 ], [ 14.433633, 50.080583 ], [ 14.433335, 50.080606 ], [ 14.432774, 50.081011 ], [ 14.433275, 50.081304 ], [ 14.43432, 50.082421 ], [ 14.435687, 50.084225 ], [ 14.43647, 50.085721 ], [ 14.437196, 50.086591 ], [ 14.437457, 50.086504 ], [ 14.437677, 50.087029 ], [ 14.437977, 50.088111 ], [ 14.437935, 50.089497 ], [ 14.437338, 50.089367 ], [ 14.437372, 50.089886 ], [ 14.436397, 50.09135 ], [ 14.436866, 50.092324 ], [ 14.436614, 50.094295 ], [ 14.433897, 50.094272 ], [ 14.431877, 50.094022 ], [ 14.429273, 50.094501 ], [ 14.420601, 50.093801 ], [ 14.417045, 50.093047 ], [ 14.416492, 50.093894 ], [ 14.414771, 50.093371 ], [ 14.41351, 50.093167 ], [ 14.411431, 50.092218 ], [ 14.412142, 50.093217 ], [ 14.411299, 50.0938 ], [ 14.410907, 50.093715 ], [ 14.41055, 50.094413 ], [ 14.410942, 50.094492 ], [ 14.411107, 50.095423 ] ] ] } },
{ "type": "Feature", "properties": { "id": "500224", "name": "Praha 10", "district_short_name": "Praha 10", "population_est": 9353 }, "geometry": { "type": "Polygon", "coordinates": [ [ [ 14.503486, 50.089638 ], [ 14.501929, 50.08946 ], [ 14.491667, 50.087341 ], [ 14.491922, 50.087069 ], [ 14.491768, 50.086817 ], [ 14.488, 50.085791 ], [ 14.487425, 50.085428 ], [ 14.486727, 50.084592 ], [ 14.484833, 50.084105 ], [ 14.484918, 50.083917 ], [ 14.482078, 50.083424 ], [ 14.482628, 50.08225 ], [ 14.480455, 50.081852 ], [ 14.480847, 50.081487 ], [ 14.482113, 50.081002 ], [ 14.482559, 50.080463 ], [ 14.476307, 50.079391 ], [ 14.476415, 50.078062 ], [ 14.47873, 50.077845 ], [ 14.47835, 50.076272 ], [ 14.476903, 50.076407 ], [ 14.457757, 50.07546 ], [ 14.44856, 50.075356 ], [ 14.448599, 50.074135 ], [ 14.449284, 50.074167 ], [ 14.449211, 50.07268 ], [ 14.443114, 50.072625 ], [ 14.442551, 50.072335 ], [ 14.444365, 50.071017 ], [ 14.447955, 50.069696 ], [ 14.448499, 50.068959 ], [ 14.448557, 50.068051 ], [ 14.447252, 50.068119 ], [ 14.44542, 50.067934 ], [ 14.44297, 50.067045 ], [ 14.443106, 50.067017 ], [ 14.441952, 50.066872 ], [ 14.440866, 50.066419 ], [ 14.444512, 50.065013 ], [ 14.445343, 50.064662 ], [ 14.445575, 50.064374 ], [ 14.448325, 50.063314 ], [ 14.452703, 50.061999 ], [ 14.453148, 50.062036 ], [ 14.454204, 50.062528 ], [ 14.454656, 50.062374 ], [ 14.454577, 50.061869 ], [ 14.455565, 50.06106 ], [ 14.456712, 50.059307 ], [ 14.459036, 50.056528 ], [ 14.459716, 50.056736 ], [ 14.459785, 50.057037 ], [ 14.461891, 50.057096 ], [ 14.462097, 50.057513 ], [ 14.461979, 50.058183 ], [ 14.463514, 50.058408 ], [ 14.463706, 50.05799 ], [ 14.464322, 50.057812 ], [ 14.466121, 50.058023 ], [ 14.466975, 50.058298 ], [ 14.467161, 50.058218 ], [ 14.466948, 50.057912 ], [ 14.467117, 50.056807 ], [ 14.47129, 50.056986 ], [ 14.472247, 50.054939 ], [ 14.473251, 50.055054 ], [ 14.47402, 50.05498 ], [ 14.474482, 50.055285 ], [ 14.475027, 50.055317 ], [ 14.47524, 50.055187 ], [ 14.476288, 50.055503 ], [ 14.476621, 50.055187 ], [ 14.476422, 50.054996 ], [ 14.476623, 50.054861 ], [ 14.477023, 50.05513 ], [ 14.477447, 50.054998 ], [ 14.47772, 50.055213 ], [ 14.478131, 50.055146 ], [ 14.4785, 50.055492 ], [ 14.480257, 50.055553 ], [ 14.480404, 50.054987 ], [ 14.480781, 50.054704 ], [ 14.480521, 50.054547 ], [ 14.480933, 50.054182 ], [ 14.481674, 50.05393 ], [ 14.483662, 50.053842 ], [ 14.483577, 50.053331 ], [ 14.483879, 50.053109 ], [ 14.484098, 50.052257 ], [ 14.485269, 50.051518 ], [ 14.484518, 50.051536 ], [ 14.482357, 50.051222 ], [ 14.482376, 50.05102 ], [ 14.492223, 50.049936 ], [ 14.496241, 50.046224 ], [ 14.495962, 50.045701 ], [ 14.49425, 50.044702 ], [ 14.494516, 50.044132 ], [ 14.493905, 50.043896 ], [ 14.493609, 50.043932 ], [ 14.493674, 50.043569 ], [ 14.49426, 50.04373 ], [ 14.495086, 50.044506 ], [ 14.495328, 50.044527 ], [ 14.495523, 50.04408 ], [ 14.497705, 50.044663 ], [ 14.497874, 50.043929 ], [ 14.502644, 50.044455 ], [ 14.502268, 50.045105 ], [ 14.506193, 50.046158 ], [ 14.505641, 50.048132 ], [ 14.507536, 50.048548 ], [ 14.507336, 50.050555 ], [ 14.50942, 50.050546 ], [ 14.509437, 50.050965 ], [ 14.50968, 50.051029 ], [ 14.510196, 50.050512 ], [ 14.510942, 50.050339 ], [ 14.511302, 50.050397 ], [ 14.51145, 50.050271 ], [ 14.512238, 50.050341 ], [ 14.512634, 50.049987 ], [ 14.513101, 50.049846 ], [ 14.513899, 50.049928 ], [ 14.514878, 50.050953 ], [ 14.515543, 50.051001 ], [ 14.515352, 50.054315 ], [ 14.515539, 50.054659 ], [ 14.515355, 50.054818 ], [ 14.515324, 50.056164 ], [ 14.515145, 50.056458 ], [ 14.514555, 50.056796 ], [ 14.514846, 50.057269 ], [ 14.51487, 50.057795 ], [ 14.514816, 50.0598 ], [ 14.514632, 50.059795 ], [ 14.514593, 50.060399 ], [ 14.514791, 50.060404 ], [ 14.514773, 50.060943 ], [ 14.516854, 50.061288 ], [ 14.517527, 50.061114 ], [ 14.517716, 50.061415 ], [ 14.517599, 50.061977 ], [ 14.518164, 50.062619 ], [ 14.518453, 50.063631 ], [ 14.518722, 50.063808 ], [ 14.518317, 50.06453 ], [ 14.519077, 50.06459 ], [ 14.518688, 50.066157 ], [ 14.519608, 50.066262 ], [ 14.51958, 50.066926 ], [ 14.520856, 50.066907 ], [ 14.520987, 50.067386 ], [ 14.523245, 50.067012 ], [ 14.523175, 50.067684 ], [ 14.523519, 50.068602 ], [ 14.523502, 50.070167 ], [ 14.522915, 50.073624 ], [ 14.524034, 50.074017 ], [ 14.52817, 50.07488 ], [ 14.528466, 50.074419 ], [ 14.529361, 50.07476 ], [ 14.530193, 50.073609 ], [ 14.52966, 50.073433 ], [ 14.531321, 50.07224 ], [ 14.53412, 50.072837 ], [ 14.534372, 50.072642 ], [ 14.534883, 50.073019 ], [ 14.535851, 50.073337 ], [ 14.537597, 50.072311 ], [ 14.538159, 50.074556 ], [ 14.534182, 50.075405 ], [ 14.535566, 50.077382 ], [ 14.536283, 50.07726 ], [ 14.536272, 50.077046 ], [ 14.53647, 50.077044 ], [ 14.536479, 50.077226 ], [ 14.539355, 50.076736 ], [ 14.539413, 50.07754 ], [ 14.539344, 50.079722 ], [ 14.538899, 50.081533 ], [ 14.538502, 50.082943 ], [ 14.53753, 50.084924 ], [ 14.534093, 50.084581 ], [ 14.533991, 50.084788 ], [ 14.531988, 50.084474 ], [ 14.530146, 50.087726 ], [ 14.533985, 50.088565 ], [ 14.532998, 50.090537 ], [ 14.524474, 50.088191 ], [ 14.520628, 50.087381 ], [ 14.520667, 50.087211 ], [ 14.518392, 50.086504 ], [ 14.518318, 50.087006 ], [ 14.517359, 50.087103 ], [ 14.516288, 50.087454 ], [ 14.513311, 50.088734 ], [ 14.512885, 50.088603 ], [ 14.503486, 50.089638 ] ] ] } },
{ "type": "Feature", "properties": { "id": "547034", "name": "Praha 11", "district_short_name": "Praha 11", "population_est": 3439 }, "geometry": { "type": "Polygon", "coordinates": [ [ [ 14.48852, 50.044549 ], [ 14.48632, 50.04453 ], [ 14.487775, 50.043233 ], [ 14.488084, 50.04228 ], [ 14.487931, 50.042001 ], [ 14.486759, 50.04124 ], [ 14.476704, 50.039979 ], [ 14.474848, 50.039882 ], [ 14.472705, 50.039984 ], [ 14.472632, 50.039715 ], [ 14.471736, 50.039611 ], [ 14.46952, 50.03896 ], [ 14.469223, 50.038053 ], [ 14.469332, 50.037156 ], [ 14.469068, 50.036729 ], [ 14.469727, 50.034056 ], [ 14.471155, 50.032327 ], [ 14.472949, 50.031249 ], [ 14.476528, 50.03027 ], [ 14.477235, 50.029755 ], [ 14.477804, 50.0296 ], [ 14.479684, 50.029502 ], [ 14.481111, 50.029 ], [ 14.483072, 50.028674 ], [ 14.487698, 50.028949 ], [ 14.487693, 50.027159 ], [ 14.488252, 50.023537 ], [ 14.48914, 50.022543 ], [ 14.490664, 50.021842 ], [ 14.496544, 50.021094 ], [ 14.50083, 50.020031 ], [ 14.502944, 50.019756 ], [ 14.505489, 50.01989 ], [ 14.507425, 50.020315 ], [ 14.509631, 50.021033 ], [ 14.511086, 50.021177 ], [ 14.513922, 50.020234 ], [ 14.516697, 50.020915 ], [ 14.524206, 50.023525 ], [ 14.525564, 50.02385 ], [ 14.527017, 50.023985 ], [ 14.527312, 50.024271 ], [ 14.532304, 50.025801 ], [ 14.533972, 50.025929 ], [ 14.540508, 50.027675 ], [ 14.541196, 50.026661 ], [ 14.543329, 50.026737 ], [ 14.544233, 50.027538 ], [ 14.544839, 50.027396 ], [ 14.545684, 50.02876 ], [ 14.546488, 50.028433 ], [ 14.547379, 50.02932 ], [ 14.548159, 50.028992 ], [ 14.548797, 50.02843 ], [ 14.549549, 50.029437 ], [ 14.546036, 50.030925 ], [ 14.545265, 50.03035 ], [ 14.545053, 50.030521 ], [ 14.544707, 50.031984 ], [ 14.54365, 50.03193 ], [ 14.543203, 50.033296 ], [ 14.542276, 50.033315 ], [ 14.543175, 50.033942 ], [ 14.543129, 50.034141 ], [ 14.543867, 50.034272 ], [ 14.544082, 50.034488 ], [ 14.543693, 50.035055 ], [ 14.544041, 50.035105 ], [ 14.544113, 50.035358 ], [ 14.543165, 50.03594 ], [ 14.543553, 50.036188 ], [ 14.543406, 50.036688 ], [ 14.543572, 50.038037 ], [ 14.540559, 50.038318 ], [ 14.539877, 50.038132 ], [ 14.539595, 50.038202 ], [ 14.539443, 50.03859 ], [ 14.538792, 50.039096 ], [ 14.538765, 50.040013 ], [ 14.536761, 50.040052 ], [ 14.535688, 50.039754 ], [ 14.535299, 50.039834 ], [ 14.535108, 50.039785 ], [ 14.535207, 50.039617 ], [ 14.534671, 50.03955 ], [ 14.534749, 50.039738 ], [ 14.534073, 50.039722 ], [ 14.532827, 50.039357 ], [ 14.532642, 50.038754 ], [ 14.531809, 50.038389 ], [ 14.529966, 50.038109 ], [ 14.529787, 50.038219 ], [ 14.528974, 50.037937 ], [ 14.527059, 50.037727 ], [ 14.525611, 50.037272 ], [ 14.525517, 50.037475 ], [ 14.5236, 50.037327 ], [ 14.520952, 50.038366 ], [ 14.518645, 50.039055 ], [ 14.5165, 50.039425 ], [ 14.51446, 50.039534 ], [ 14.512161, 50.040634 ], [ 14.5112, 50.040599 ], [ 14.512259, 50.041684 ], [ 14.513508, 50.042387 ], [ 14.512411, 50.044105 ], [ 14.512363, 50.045571 ], [ 14.497874, 50.043929 ], [ 14.497705, 50.044663 ], [ 14.495523, 50.04408 ], [ 14.495328, 50.044527 ], [ 14.495086, 50.044506 ], [ 14.49426, 50.04373 ], [ 14.493674, 50.043569 ], [ 14.493627, 50.043835 ], [ 14.493227, 50.043872 ], [ 14.492406, 50.043364 ], [ 14.490359, 50.042693 ], [ 14.489988, 50.041981 ], [ 14.488566, 50.042938 ], [ 14.488834, 50.043628 ], [ 14.488782, 50.04446 ], [ 14.488963, 50.044503 ], [ 14.488776, 50.044692 ], [ 14.48852, 50.044549 ] ] ] } },
{ "type": "Feature", "properties": { "id": "547107", "name": "Praha 12", "district_short_name": "Praha 12", "population_est": 5098 }, "geometry": { "type": "Polygon", "coordinates": [ [ [ 14.440466, 50.022987 ], [ 14.44021, 50.022735 ], [ 14.439832, 50.022808 ], [ 14.437912, 50.021013 ], [ 14.438149, 50.020875 ], [ 14.437604, 50.020229 ], [ 14.43605, 50.018594 ], [ 14.435304, 50.018072 ], [ 14.434363, 50.018605 ], [ 14.433993, 50.018371 ], [ 14.433462, 50.018931 ], [ 14.432315, 50.018996 ], [ 14.432327, 50.018799 ], [ 14.431562, 50.018904 ], [ 14.429422, 50.019505 ], [ 14.428701, 50.019379 ], [ 14.428477, 50.01965 ], [ 14.427887, 50.019469 ], [ 14.426531, 50.019512 ], [ 14.423546, 50.019086 ], [ 14.422829, 50.018846 ], [ 14.421829, 50.018804 ], [ 14.420654, 50.01903 ], [ 14.420037, 50.018986 ], [ 14.418539, 50.01865 ], [ 14.415616, 50.017688 ], [ 14.414296, 50.017456 ], [ 14.414034, 50.017245 ], [ 14.414113, 50.016956 ], [ 14.411484, 50.017056 ], [ 14.410032, 50.016625 ], [ 14.407604, 50.016337 ], [ 14.406186, 50.016441 ], [ 14.40296, 50.017089 ], [ 14.402535, 50.017453 ], [ 14.402735, 50.018138 ], [ 14.400072, 50.01854 ], [ 14.395871, 50.018852 ], [ 14.395892, 50.017668 ], [ 14.39644, 50.016391 ], [ 14.396231, 50.016399 ], [ 14.396425, 50.015062 ], [ 14.398367, 50.008893 ], [ 14.401794, 50.00336 ], [ 14.402397, 49.998539 ], [ 14.402769, 49.998482 ], [ 14.400623, 49.992751 ], [ 14.400393, 49.990255 ], [ 14.399869, 49.990002 ], [ 14.399909, 49.988202 ], [ 14.399578, 49.986421 ], [ 14.397591, 49.982116 ], [ 14.39732, 49.980325 ], [ 14.397221, 49.974931 ], [ 14.398248, 49.975259 ], [ 14.399538, 49.975333 ], [ 14.399522, 49.976194 ], [ 14.401601, 49.976146 ], [ 14.405837, 49.977504 ], [ 14.406634, 49.977252 ], [ 14.406878, 49.976806 ], [ 14.406571, 49.97612 ], [ 14.4068, 49.975689 ], [ 14.407291, 49.975538 ], [ 14.405444, 49.975132 ], [ 14.405898, 49.974591 ], [ 14.405693, 49.972139 ], [ 14.403115, 49.972653 ], [ 14.402756, 49.972509 ], [ 14.403013, 49.972286 ], [ 14.402147, 49.970877 ], [ 14.404542, 49.969003 ], [ 14.406776, 49.968248 ], [ 14.408622, 49.967836 ], [ 14.409642, 49.966813 ], [ 14.410991, 49.965965 ], [ 14.414596, 49.96539 ], [ 14.415482, 49.964521 ], [ 14.416852, 49.963905 ], [ 14.41942, 49.963563 ], [ 14.421598, 49.96384 ], [ 14.424267, 49.963888 ], [ 14.425459, 49.964059 ], [ 14.427745, 49.964499 ], [ 14.429269, 49.965862 ], [ 14.429251, 49.966099 ], [ 14.430235, 49.966838 ], [ 14.43258, 49.967465 ], [ 14.434884, 49.967739 ], [ 14.435472, 49.967993 ], [ 14.436616, 49.968171 ], [ 14.438467, 49.968063 ], [ 14.441266, 49.969337 ], [ 14.44279, 49.970858 ], [ 14.444595, 49.973863 ], [ 14.445819, 49.973682 ], [ 14.447553, 49.973841 ], [ 14.448505, 49.97373 ], [ 14.450286, 49.973297 ], [ 14.453639, 49.971858 ], [ 14.457989, 49.971822 ], [ 14.462241, 49.970771 ], [ 14.462727, 49.972205 ], [ 14.462422, 49.972249 ], [ 14.462521, 49.97253 ], [ 14.463119, 49.972436 ], [ 14.463227, 49.972738 ], [ 14.46411, 49.97269 ], [ 14.466244, 49.980645 ], [ 14.466125, 49.982546 ], [ 14.466672, 49.984438 ], [ 14.467074, 49.984888 ], [ 14.461631, 49.985074 ], [ 14.461563, 49.985454 ], [ 14.461768, 49.985617 ], [ 14.463916, 49.985606 ], [ 14.463739, 49.986791 ], [ 14.466371, 49.986794 ], [ 14.4662, 49.987311 ], [ 14.46562, 49.98818 ], [ 14.463112, 49.988203 ], [ 14.462905, 49.988339 ], [ 14.462719, 49.988606 ], [ 14.46336, 49.988844 ], [ 14.462517, 49.990135 ], [ 14.463947, 49.990223 ], [ 14.463588, 49.99078 ], [ 14.461202, 49.990037 ], [ 14.460456, 49.991122 ], [ 14.460597, 49.991209 ], [ 14.460221, 49.99191 ], [ 14.457114, 49.991229 ], [ 14.45422, 49.993545 ], [ 14.4545, 49.993973 ], [ 14.455385, 49.994262 ], [ 14.456385, 49.994964 ], [ 14.457032, 49.995148 ], [ 14.456837, 49.996184 ], [ 14.45733, 49.99675 ], [ 14.457258, 49.996975 ], [ 14.458253, 49.99746 ], [ 14.456787, 49.998133 ], [ 14.455769, 49.99828 ], [ 14.455846, 49.99851 ], [ 14.455193, 49.998584 ], [ 14.455256, 49.998954 ], [ 14.455498, 49.998932 ], [ 14.455454, 49.999048 ], [ 14.455948, 49.999326 ], [ 14.455014, 49.999512 ], [ 14.454477, 49.999399 ], [ 14.452963, 49.999616 ], [ 14.452134, 50.000247 ], [ 14.451621, 50.000196 ], [ 14.451432, 50.000315 ], [ 14.451243, 50.000538 ], [ 14.451251, 50.001357 ], [ 14.45182, 50.001783 ], [ 14.452991, 50.002224 ], [ 14.45309, 50.002458 ], [ 14.452212, 50.002654 ], [ 14.451325, 50.002429 ], [ 14.449008, 50.002524 ], [ 14.448751, 50.00287 ], [ 14.449035, 50.003566 ], [ 14.449667, 50.003659 ], [ 14.449968, 50.004025 ], [ 14.449804, 50.004398 ], [ 14.449507, 50.004457 ], [ 14.449725, 50.00614 ], [ 14.44686, 50.006622 ], [ 14.449447, 50.006269 ], [ 14.455391, 50.005901 ], [ 14.456011, 50.005871 ], [ 14.456567, 50.006051 ], [ 14.456021, 50.006251 ], [ 14.456297, 50.008125 ], [ 14.45556, 50.01012 ], [ 14.454032, 50.01225 ], [ 14.451153, 50.011325 ], [ 14.448256, 50.011147 ], [ 14.447661, 50.011356 ], [ 14.445935, 50.01135 ], [ 14.445866, 50.011177 ], [ 14.444903, 50.011226 ], [ 14.443368, 50.011619 ], [ 14.442763, 50.011941 ], [ 14.447215, 50.013422 ], [ 14.447561, 50.013659 ], [ 14.447945, 50.013518 ], [ 14.448748, 50.014858 ], [ 14.450736, 50.014511 ], [ 14.451371, 50.014707 ], [ 14.452708, 50.013104 ], [ 14.453191, 50.013265 ], [ 14.449364, 50.017936 ], [ 14.445512, 50.020701 ], [ 14.440466, 50.022987 ] ] ] } },
{ "type": "Feature", "properties": { "id": "539694", "name": "Praha 13", "district_short_name": "Praha 13", "population_est": 3248 }, "geometry": { "type": "Polygon", "coordinates": [ [ [ 14.322702, 50.065156 ], [ 14.318686, 50.064686 ], [ 14.317393, 50.064281 ], [ 14.315196, 50.063172 ], [ 14.314124, 50.062807 ], [ 14.3097, 50.061752 ], [ 14.30444, 50.060852 ], [ 14.304698, 50.057303 ], [ 14.29715, 50.054984 ], [ 14.297989, 50.054067 ], [ 14.298259, 50.052289 ], [ 14.290191, 50.051523 ], [ 14.27958, 50.049941 ], [ 14.278279, 50.049785 ], [ 14.277417, 50.049835 ], [ 14.277361, 50.049657 ], [ 14.27639, 50.049547 ], [ 14.275913, 50.049329 ], [ 14.275889, 50.049465 ], [ 14.275518, 50.049476 ], [ 14.274666, 50.049285 ], [ 14.27505, 50.049945 ], [ 14.274902, 50.050545 ], [ 14.274203, 50.050925 ], [ 14.273535, 50.050946 ], [ 14.272637, 50.050611 ], [ 14.270789, 50.049362 ], [ 14.268264, 50.049138 ], [ 14.268175, 50.048691 ], [ 14.269279, 50.048651 ], [ 14.270302, 50.048201 ], [ 14.271079, 50.046756 ], [ 14.270468, 50.046481 ], [ 14.270499, 50.04629 ], [ 14.271002, 50.046313 ], [ 14.270296, 50.044864 ], [ 14.269881, 50.043363 ], [ 14.268643, 50.043336 ], [ 14.268663, 50.043034 ], [ 14.269227, 50.042748 ], [ 14.270017, 50.040274 ], [ 14.271076, 50.038573 ], [ 14.272317, 50.037112 ], [ 14.274143, 50.035718 ], [ 14.276113, 50.034662 ], [ 14.282242, 50.031893 ], [ 14.287345, 50.035423 ], [ 14.288849, 50.036254 ], [ 14.290818, 50.036838 ], [ 14.299019, 50.03831 ], [ 14.301149, 50.039042 ], [ 14.301235, 50.03928 ], [ 14.302448, 50.039996 ], [ 14.304761, 50.041956 ], [ 14.304584, 50.042099 ], [ 14.304918, 50.042381 ], [ 14.305312, 50.042436 ], [ 14.306429, 50.043386 ], [ 14.307457, 50.044523 ], [ 14.30765, 50.045495 ], [ 14.308014, 50.045547 ], [ 14.308675, 50.04482 ], [ 14.309815, 50.044298 ], [ 14.310773, 50.044109 ], [ 14.313829, 50.04395 ], [ 14.315597, 50.043403 ], [ 14.31658, 50.042725 ], [ 14.317926, 50.041281 ], [ 14.319386, 50.040435 ], [ 14.321386, 50.039984 ], [ 14.323745, 50.039835 ], [ 14.325753, 50.038326 ], [ 14.327667, 50.034905 ], [ 14.330597, 50.033487 ], [ 14.330926, 50.032708 ], [ 14.331521, 50.033096 ], [ 14.334792, 50.034073 ], [ 14.334853, 50.034274 ], [ 14.335898, 50.032448 ], [ 14.335115, 50.032068 ], [ 14.335638, 50.031634 ], [ 14.335834, 50.031727 ], [ 14.33714, 50.031566 ], [ 14.338442, 50.031774 ], [ 14.338386, 50.032281 ], [ 14.337882, 50.032619 ], [ 14.338437, 50.032719 ], [ 14.34048, 50.032083 ], [ 14.341536, 50.032137 ], [ 14.342332, 50.032481 ], [ 14.342688, 50.031772 ], [ 14.344211, 50.032196 ], [ 14.345505, 50.033146 ], [ 14.34671, 50.033666 ], [ 14.348738, 50.034292 ], [ 14.350145, 50.034447 ], [ 14.350571, 50.034829 ], [ 14.351556, 50.035301 ], [ 14.352942, 50.035517 ], [ 14.352399, 50.036793 ], [ 14.353134, 50.036991 ], [ 14.35341, 50.037286 ], [ 14.353214, 50.037519 ], [ 14.352195, 50.037968 ], [ 14.352833, 50.038614 ], [ 14.351757, 50.039329 ], [ 14.352466, 50.039643 ], [ 14.352638, 50.040276 ], [ 14.353194, 50.041001 ], [ 14.355439, 50.042456 ], [ 14.353439, 50.042721 ], [ 14.353178, 50.042958 ], [ 14.353116, 50.043319 ], [ 14.35383, 50.044553 ], [ 14.352512, 50.045896 ], [ 14.352856, 50.046875 ], [ 14.352365, 50.04854 ], [ 14.354795, 50.050541 ], [ 14.355156, 50.051499 ], [ 14.351557, 50.053546 ], [ 14.349738, 50.054236 ], [ 14.349098, 50.054787 ], [ 14.346197, 50.055754 ], [ 14.345921, 50.055834 ], [ 14.345801, 50.055617 ], [ 14.34452, 50.055845 ], [ 14.344456, 50.056142 ], [ 14.342899, 50.056304 ], [ 14.339301, 50.056159 ], [ 14.339612, 50.056827 ], [ 14.339724, 50.05807 ], [ 14.3394, 50.058776 ], [ 14.338319, 50.060063 ], [ 14.337568, 50.05974 ], [ 14.336997, 50.060043 ], [ 14.3356, 50.060151 ], [ 14.330983, 50.062066 ], [ 14.328393, 50.062401 ], [ 14.328093, 50.062734 ], [ 14.327314, 50.063098 ], [ 14.325027, 50.062718 ], [ 14.322702, 50.065156 ] ] ] } },
{ "type": "Feature", "properties": { "id": "547361", "name": "Praha 14", "district_short_name": "Praha 14", "population_est": 4223 }, "geometry": { "type": "Polygon", "coordinates": [ [ [ 14.559478, 50.122375 ], [ 14.554517, 50.122936 ], [ 14.554135, 50.121189 ], [ 14.55322, 50.121323 ], [ 14.552968, 50.121633 ], [ 14.552807, 50.12151 ], [ 14.55076, 50.121937 ], [ 14.545082, 50.119616 ], [ 14.54544, 50.117663 ], [ 14.540642, 50.116919 ], [ 14.534986, 50.116939 ], [ 14.533333, 50.116416 ], [ 14.533427, 50.117391 ], [ 14.531213, 50.117638 ], [ 14.530724, 50.115939 ], [ 14.529634, 50.115958 ], [ 14.529531, 50.115001 ], [ 14.529088, 50.114629 ], [ 14.528514, 50.113607 ], [ 14.528177, 50.113471 ], [ 14.530728, 50.112461 ], [ 14.531407, 50.11173 ], [ 14.531082, 50.110552 ], [ 14.531578, 50.107659 ], [ 14.531451, 50.106364 ], [ 14.530063, 50.106351 ], [ 14.529454, 50.10618 ], [ 14.529029, 50.106285 ], [ 14.529412, 50.104485 ], [ 14.531233, 50.104907 ], [ 14.531483, 50.104093 ], [ 14.53299, 50.10251 ], [ 14.533153, 50.10197 ], [ 14.53292, 50.101213 ], [ 14.530931, 50.099121 ], [ 14.530314, 50.097436 ], [ 14.530254, 50.096129 ], [ 14.530914, 50.094276 ], [ 14.533308, 50.091619 ], [ 14.532658, 50.09149 ], [ 14.533985, 50.088565 ], [ 14.530146, 50.087726 ], [ 14.531988, 50.084474 ], [ 14.533991, 50.084788 ], [ 14.534093, 50.084581 ], [ 14.53753, 50.084924 ], [ 14.538502, 50.082943 ], [ 14.539021, 50.080956 ], [ 14.543157, 50.081649 ], [ 14.5442, 50.080069 ], [ 14.549678, 50.081616 ], [ 14.5543, 50.082563 ], [ 14.556172, 50.080234 ], [ 14.556726, 50.079259 ], [ 14.560135, 50.079729 ], [ 14.561629, 50.080106 ], [ 14.561788, 50.079144 ], [ 14.561542, 50.077089 ], [ 14.562169, 50.076985 ], [ 14.562526, 50.077707 ], [ 14.563079, 50.078098 ], [ 14.56425, 50.075961 ], [ 14.56504, 50.076398 ], [ 14.564892, 50.079128 ], [ 14.564691, 50.079392 ], [ 14.56507, 50.080309 ], [ 14.564024, 50.08224 ], [ 14.564777, 50.087617 ], [ 14.565318, 50.087575 ], [ 14.566086, 50.088635 ], [ 14.566701, 50.088776 ], [ 14.566503, 50.089197 ], [ 14.566956, 50.089659 ], [ 14.56933, 50.088498 ], [ 14.57002, 50.088919 ], [ 14.570216, 50.088826 ], [ 14.570414, 50.088972 ], [ 14.570795, 50.088932 ], [ 14.572715, 50.090305 ], [ 14.572407, 50.09021 ], [ 14.571576, 50.09064 ], [ 14.572595, 50.091526 ], [ 14.571893, 50.092171 ], [ 14.569632, 50.093381 ], [ 14.570575, 50.093414 ], [ 14.572228, 50.094268 ], [ 14.573262, 50.094623 ], [ 14.573019, 50.095461 ], [ 14.574344, 50.095858 ], [ 14.572839, 50.098092 ], [ 14.57445, 50.098571 ], [ 14.57297, 50.100727 ], [ 14.576757, 50.101015 ], [ 14.579727, 50.101056 ], [ 14.587639, 50.100648 ], [ 14.588627, 50.100915 ], [ 14.58936, 50.101387 ], [ 14.589771, 50.102013 ], [ 14.589804, 50.102861 ], [ 14.588913, 50.104733 ], [ 14.587536, 50.10883 ], [ 14.587106, 50.109357 ], [ 14.585909, 50.110053 ], [ 14.584777, 50.110128 ], [ 14.583104, 50.109999 ], [ 14.57544, 50.108992 ], [ 14.57521, 50.108372 ], [ 14.574778, 50.108173 ], [ 14.573964, 50.108962 ], [ 14.575564, 50.109171 ], [ 14.575614, 50.111008 ], [ 14.575351, 50.11329 ], [ 14.577867, 50.113179 ], [ 14.578631, 50.112985 ], [ 14.57866, 50.113544 ], [ 14.577782, 50.113808 ], [ 14.577773, 50.114404 ], [ 14.579219, 50.115688 ], [ 14.579544, 50.116241 ], [ 14.5799, 50.117525 ], [ 14.579712, 50.118733 ], [ 14.576568, 50.11822 ], [ 14.57583, 50.117454 ], [ 14.563778, 50.120694 ], [ 14.55916, 50.120187 ], [ 14.559478, 50.122375 ] ] ] } },
{ "type": "Feature", "properties": { "id": "547387", "name": "Praha 15", "district_short_name": "Praha 15", "population_est": 2759 }, "geometry": { "type": "Polygon", "coordinates": [ [ [ 14.528466, 50.074419 ], [ 14.52817, 50.07488 ], [ 14.527836, 50.074829 ], [ 14.524034, 50.074017 ], [ 14.522915, 50.073624 ], [ 14.523502, 50.070167 ], [ 14.523519, 50.068602 ], [ 14.523175, 50.067684 ], [ 14.523245, 50.067012 ], [ 14.520987, 50.067386 ], [ 14.520856, 50.066907 ], [ 14.51958, 50.066926 ], [ 14.519608, 50.066262 ], [ 14.518688, 50.066157 ], [ 14.519077, 50.06459 ], [ 14.518317, 50.06453 ], [ 14.518722, 50.063808 ], [ 14.518453, 50.063631 ], [ 14.518164, 50.062619 ], [ 14.517599, 50.061977 ], [ 14.517716, 50.061415 ], [ 14.517527, 50.061114 ], [ 14.516854, 50.061288 ], [ 14.514773, 50.060943 ], [ 14.514791, 50.060404 ], [ 14.514593, 50.060399 ], [ 14.514632, 50.059795 ], [ 14.514816, 50.0598 ], [ 14.514846, 50.057269 ], [ 14.514555, 50.056796 ], [ 14.515145, 50.056458 ], [ 14.515324, 50.056164 ], [ 14.515355, 50.054818 ], [ 14.515539, 50.054659 ], [ 14.515352, 50.054315 ], [ 14.515543, 50.051001 ], [ 14.514878, 50.050953 ], [ 14.513899, 50.049928 ], [ 14.513101, 50.049846 ], [ 14.512634, 50.049987 ], [ 14.512238, 50.050341 ], [ 14.51145, 50.050271 ], [ 14.511302, 50.050397 ], [ 14.510942, 50.050339 ], [ 14.510196, 50.050512 ], [ 14.50968, 50.051029 ], [ 14.509437, 50.050965 ], [ 14.50942, 50.050546 ], [ 14.507336, 50.050555 ], [ 14.507536, 50.048548 ], [ 14.505641, 50.048132 ], [ 14.506193, 50.046158 ], [ 14.502268, 50.045105 ], [ 14.502644, 50.044455 ], [ 14.512363, 50.045571 ], [ 14.512411, 50.044105 ], [ 14.513508, 50.042387 ], [ 14.512259, 50.041684 ], [ 14.5112, 50.040599 ], [ 14.512161, 50.040634 ], [ 14.51446, 50.039534 ], [ 14.5165, 50.039425 ], [ 14.518645, 50.039055 ], [ 14.520952, 50.038366 ], [ 14.5236, 50.037327 ], [ 14.525517, 50.037475 ], [ 14.525611, 50.037272 ], [ 14.527059, 50.037727 ], [ 14.528974, 50.037937 ], [ 14.529787, 50.038219 ], [ 14.529966, 50.038109 ], [ 14.531809, 50.038389 ], [ 14.532642, 50.038754 ], [ 14.532827, 50.039357 ], [ 14.533514, 50.039596 ], [ 14.534749, 50.039738 ], [ 14.534671, 50.03955 ], [ 14.535207, 50.039617 ], [ 14.535108, 50.039785 ], [ 14.535299, 50.039834 ], [ 14.535688, 50.039754 ], [ 14.536761, 50.040052 ], [ 14.537848, 50.0401 ], [ 14.538765, 50.040013 ], [ 14.538792, 50.039096 ], [ 14.539443, 50.03859 ], [ 14.539595, 50.038202 ], [ 14.539877, 50.038132 ], [ 14.540559, 50.038318 ], [ 14.543572, 50.038037 ], [ 14.543406, 50.036688 ], [ 14.543553, 50.036188 ], [ 14.544552, 50.036488 ], [ 14.547179, 50.035787 ], [ 14.547536, 50.035921 ], [ 14.547793, 50.036332 ], [ 14.548655, 50.036296 ], [ 14.549686, 50.036979 ], [ 14.549737, 50.03719 ], [ 14.550129, 50.037273 ], [ 14.551035, 50.038316 ], [ 14.552444, 50.038998 ], [ 14.554863, 50.039207 ], [ 14.55473, 50.039431 ], [ 14.555062, 50.039439 ], [ 14.554993, 50.040085 ], [ 14.558283, 50.040224 ], [ 14.561075, 50.039879 ], [ 14.563438, 50.038361 ], [ 14.563899, 50.037743 ], [ 14.565382, 50.037397 ], [ 14.566084, 50.036955 ], [ 14.566874, 50.036986 ], [ 14.566748, 50.037473 ], [ 14.566999, 50.038548 ], [ 14.567345, 50.038704 ], [ 14.569167, 50.038077 ], [ 14.569019, 50.03943 ], [ 14.569889, 50.04021 ], [ 14.571327, 50.04062 ], [ 14.571456, 50.041004 ], [ 14.574172, 50.041444 ], [ 14.575565, 50.041934 ], [ 14.568791, 50.045795 ], [ 14.568504, 50.046297 ], [ 14.570339, 50.047038 ], [ 14.570977, 50.047455 ], [ 14.567566, 50.05054 ], [ 14.566735, 50.05151 ], [ 14.563633, 50.050822 ], [ 14.563201, 50.0519 ], [ 14.562855, 50.051881 ], [ 14.562903, 50.05169 ], [ 14.56071, 50.051286 ], [ 14.560526, 50.051068 ], [ 14.560838, 50.050471 ], [ 14.557118, 50.049846 ], [ 14.556189, 50.051459 ], [ 14.556327, 50.052107 ], [ 14.552833, 50.051819 ], [ 14.552013, 50.053268 ], [ 14.550873, 50.054468 ], [ 14.549798, 50.05449 ], [ 14.548846, 50.054161 ], [ 14.548351, 50.054492 ], [ 14.547263, 50.053986 ], [ 14.545142, 50.053509 ], [ 14.544861, 50.054136 ], [ 14.546246, 50.054401 ], [ 14.54591, 50.054943 ], [ 14.546933, 50.055085 ], [ 14.547525, 50.055446 ], [ 14.546861, 50.056494 ], [ 14.5471, 50.056527 ], [ 14.547667, 50.056095 ], [ 14.54865, 50.056435 ], [ 14.549164, 50.055774 ], [ 14.549802, 50.055927 ], [ 14.549404, 50.056592 ], [ 14.550676, 50.056804 ], [ 14.550456, 50.057233 ], [ 14.548148, 50.056864 ], [ 14.547438, 50.057975 ], [ 14.546331, 50.057634 ], [ 14.546042, 50.057867 ], [ 14.545331, 50.059178 ], [ 14.542462, 50.059039 ], [ 14.541327, 50.061869 ], [ 14.540965, 50.061947 ], [ 14.540924, 50.062528 ], [ 14.541479, 50.06253 ], [ 14.540958, 50.063121 ], [ 14.540049, 50.063657 ], [ 14.539897, 50.065128 ], [ 14.537103, 50.064634 ], [ 14.536717, 50.066336 ], [ 14.538175, 50.066555 ], [ 14.538059, 50.066941 ], [ 14.537552, 50.066914 ], [ 14.537247, 50.06764 ], [ 14.535555, 50.068535 ], [ 14.53321, 50.070988 ], [ 14.52966, 50.073433 ], [ 14.530193, 50.073609 ], [ 14.529361, 50.07476 ], [ 14.528466, 50.074419 ] ] ] } },
{ "type": "Feature", "properties": { "id": "539601", "name": "Praha 16", "district_short_name": "Praha 16", "population_est": 1817 }, "geometry": { "type": "Polygon", "coordinates": [ [ [ 14.325708, 50.009159 ], [ 14.323019, 50.008945 ], [ 14.323131, 50.006671 ], [ 14.322346, 50.005605 ], [ 14.321672, 50.005093 ], [ 14.318995, 50.004682 ], [ 14.319459, 50.003573 ], [ 14.319367, 50.000996 ], [ 14.318931, 49.999973 ], [ 14.318698, 49.998516 ], [ 14.318334, 49.997859 ], [ 14.318478, 49.996892 ], [ 14.317837, 49.995436 ], [ 14.31995, 49.995247 ], [ 14.322072, 49.995842 ], [ 14.322889, 49.995891 ], [ 14.323605, 49.995259 ], [ 14.324203, 49.995407 ], [ 14.324541, 49.995345 ], [ 14.32574, 49.994681 ], [ 14.326302, 49.994175 ], [ 14.326643, 49.993498 ], [ 14.328034, 49.993951 ], [ 14.329121, 49.994048 ], [ 14.330673, 49.994919 ], [ 14.331215, 49.994885 ], [ 14.331125, 49.994585 ], [ 14.331637, 49.994188 ], [ 14.332535, 49.994458 ], [ 14.3326, 49.994337 ], [ 14.332821, 49.994381 ], [ 14.333141, 49.993292 ], [ 14.334982, 49.993848 ], [ 14.336345, 49.993783 ], [ 14.337682, 49.993133 ], [ 14.337958, 49.992339 ], [ 14.338592, 49.991553 ], [ 14.342757, 49.99063 ], [ 14.339715, 49.989561 ], [ 14.337497, 49.98901 ], [ 14.335572, 49.988807 ], [ 14.334789, 49.987986 ], [ 14.334658, 49.986936 ], [ 14.335093, 49.986444 ], [ 14.335775, 49.986448 ], [ 14.33689, 49.985933 ], [ 14.337814, 49.985893 ], [ 14.338027, 49.985584 ], [ 14.338442, 49.985738 ], [ 14.33895, 49.985498 ], [ 14.338756, 49.985213 ], [ 14.338969, 49.985031 ], [ 14.339159, 49.98366 ], [ 14.338466, 49.983033 ], [ 14.337651, 49.982688 ], [ 14.337586, 49.982391 ], [ 14.338575, 49.981935 ], [ 14.338743, 49.981275 ], [ 14.3393, 49.981129 ], [ 14.339591, 49.980751 ], [ 14.335195, 49.978511 ], [ 14.33549, 49.978116 ], [ 14.334672, 49.977526 ], [ 14.332342, 49.977305 ], [ 14.332608, 49.975881 ], [ 14.329935, 49.975416 ], [ 14.330055, 49.975221 ], [ 14.329609, 49.974953 ], [ 14.329337, 49.974491 ], [ 14.329944, 49.974527 ], [ 14.33021, 49.974178 ], [ 14.327859, 49.973201 ], [ 14.326815, 49.971858 ], [ 14.326861, 49.97141 ], [ 14.327465, 49.970732 ], [ 14.331244, 49.971062 ], [ 14.3323, 49.97103 ], [ 14.33353, 49.972009 ], [ 14.335171, 49.972909 ], [ 14.34062, 49.974614 ], [ 14.342301, 49.974841 ], [ 14.34618, 49.97471 ], [ 14.345, 49.973616 ], [ 14.345388, 49.973466 ], [ 14.346257, 49.973694 ], [ 14.346823, 49.973331 ], [ 14.347077, 49.972475 ], [ 14.348704, 49.972858 ], [ 14.349215, 49.972841 ], [ 14.352167, 49.972159 ], [ 14.353151, 49.97176 ], [ 14.35507, 49.971832 ], [ 14.357471, 49.972953 ], [ 14.358906, 49.974225 ], [ 14.360588, 49.97652 ], [ 14.361329, 49.978567 ], [ 14.361553, 49.980023 ], [ 14.362689, 49.981153 ], [ 14.364989, 49.981954 ], [ 14.367138, 49.982424 ], [ 14.368441, 49.98335 ], [ 14.369361, 49.984539 ], [ 14.370362, 49.984926 ], [ 14.372239, 49.98516 ], [ 14.375258, 49.985107 ], [ 14.380034, 49.98441 ], [ 14.381773, 49.984866 ], [ 14.382493, 49.985186 ], [ 14.383643, 49.986094 ], [ 14.382285, 49.986418 ], [ 14.385279, 49.988865 ], [ 14.388044, 49.991603 ], [ 14.389457, 49.992376 ], [ 14.390938, 49.992749 ], [ 14.39247, 49.992927 ], [ 14.392712, 49.993222 ], [ 14.39279, 49.993998 ], [ 14.392595, 49.99394 ], [ 14.392499, 49.994164 ], [ 14.394474, 49.994872 ], [ 14.394066, 49.995628 ], [ 14.392229, 49.995379 ], [ 14.386386, 49.998787 ], [ 14.381087, 50.000562 ], [ 14.378058, 49.996622 ], [ 14.376217, 49.994891 ], [ 14.374849, 49.995553 ], [ 14.37468, 49.995928 ], [ 14.370703, 49.999237 ], [ 14.369029, 50.000106 ], [ 14.365969, 49.997065 ], [ 14.363455, 49.996519 ], [ 14.360459, 49.994783 ], [ 14.35867, 49.994767 ], [ 14.357047, 49.994308 ], [ 14.355809, 49.993682 ], [ 14.353768, 49.993247 ], [ 14.3534, 49.99306 ], [ 14.353225, 49.992487 ], [ 14.351441, 49.992383 ], [ 14.349539, 49.992695 ], [ 14.348723, 49.99307 ], [ 14.348979, 49.993445 ], [ 14.348876, 49.993612 ], [ 14.348375, 49.993754 ], [ 14.348383, 49.99396 ], [ 14.347743, 49.994005 ], [ 14.347318, 49.99442 ], [ 14.347887, 49.994782 ], [ 14.347709, 49.994951 ], [ 14.348235, 49.995407 ], [ 14.348895, 49.99566 ], [ 14.349674, 49.997619 ], [ 14.349904, 49.997687 ], [ 14.349908, 49.9982 ], [ 14.348488, 49.997962 ], [ 14.347687, 49.997612 ], [ 14.34742, 49.997782 ], [ 14.346894, 49.997758 ], [ 14.347213, 49.998147 ], [ 14.346536, 49.998549 ], [ 14.344461, 49.998262 ], [ 14.342717, 49.998571 ], [ 14.341785, 49.998419 ], [ 14.3412, 49.998157 ], [ 14.340599, 49.99896 ], [ 14.341525, 50.000311 ], [ 14.340187, 50.001497 ], [ 14.339369, 50.001613 ], [ 14.338052, 50.002214 ], [ 14.337937, 50.002757 ], [ 14.33828, 50.00459 ], [ 14.338581, 50.005137 ], [ 14.33902, 50.005455 ], [ 14.337828, 50.005707 ], [ 14.337094, 50.006071 ], [ 14.335211, 50.006431 ], [ 14.329768, 50.004573 ], [ 14.324847, 50.008026 ], [ 14.325708, 50.009159 ] ] ] } },
{ "type": "Feature", "properties": { "id": "547174", "name": "Praha 17", "district_short_name": "Praha 17", "population_est": 1448 }, "geometry": { "type": "Polygon", "coordinates": [ [ [ 14.293645, 50.077235 ], [ 14.293188, 50.077549 ], [ 14.293516, 50.077138 ], [ 14.292004, 50.075886 ], [ 14.291346, 50.074938 ], [ 14.291296, 50.074516 ], [ 14.29191, 50.070171 ], [ 14.291747, 50.070166 ], [ 14.293031, 50.066641 ], [ 14.294738, 50.065807 ], [ 14.294956, 50.065953 ], [ 14.296441, 50.065209 ], [ 14.29714, 50.065337 ], [ 14.297222, 50.064936 ], [ 14.298403, 50.064426 ], [ 14.299322, 50.063714 ], [ 14.300742, 50.062879 ], [ 14.300959, 50.062892 ], [ 14.30082, 50.062706 ], [ 14.302129, 50.062025 ], [ 14.302863, 50.062026 ], [ 14.303048, 50.061531 ], [ 14.304114, 50.060973 ], [ 14.30444, 50.060852 ], [ 14.3097, 50.061752 ], [ 14.314749, 50.063008 ], [ 14.31836, 50.064606 ], [ 14.319623, 50.064879 ], [ 14.322253, 50.065143 ], [ 14.321722, 50.065507 ], [ 14.322753, 50.067162 ], [ 14.322416, 50.068473 ], [ 14.322868, 50.070695 ], [ 14.32222, 50.071703 ], [ 14.321725, 50.073495 ], [ 14.322337, 50.073102 ], [ 14.323107, 50.073284 ], [ 14.323308, 50.073195 ], [ 14.324589, 50.07349 ], [ 14.324915, 50.073878 ], [ 14.325558, 50.074038 ], [ 14.325393, 50.074741 ], [ 14.325548, 50.074803 ], [ 14.325705, 50.076208 ], [ 14.323884, 50.076144 ], [ 14.321768, 50.076299 ], [ 14.31999, 50.076199 ], [ 14.320029, 50.075772 ], [ 14.318836, 50.076047 ], [ 14.318478, 50.075872 ], [ 14.3149, 50.07601 ], [ 14.314871, 50.075854 ], [ 14.31381, 50.075766 ], [ 14.304245, 50.077142 ], [ 14.300245, 50.076848 ], [ 14.29626, 50.076949 ], [ 14.295792, 50.077314 ], [ 14.295136, 50.077496 ], [ 14.293645, 50.077235 ] ] ] } },
{ "type": "Feature", "properties": { "id": "547417", "name": "Praha 18", "district_short_name": "Praha 18", "population_est": 1017 }, "geometry": { "type": "Polygon", "coordinates": [ [ [ 14.513391, 50.149082 ], [ 14.509608, 50.149637 ], [ 14.508831, 50.147481 ], [ 14.507089, 50.147127 ], [ 14.506518, 50.147141 ], [ 14.506036, 50.14444 ], [ 14.504294, 50.144396 ], [ 14.504302, 50.142401 ], [ 14.501169, 50.142283 ], [ 14.496485, 50.142332 ], [ 14.497121, 50.140099 ], [ 14.497675, 50.136371 ], [ 14.494639, 50.136089 ], [ 14.495557, 50.131376 ], [ 14.497872, 50.131309 ], [ 14.49844, 50.127478 ], [ 14.498515, 50.127735 ], [ 14.498841, 50.1276 ], [ 14.498941, 50.128142 ], [ 14.499248, 50.12803 ], [ 14.500311, 50.127525 ], [ 14.50127, 50.126751 ], [ 14.501118, 50.126632 ], [ 14.500656, 50.126696 ], [ 14.500633, 50.126576 ], [ 14.50741, 50.127067 ], [ 14.506694, 50.126582 ], [ 14.508411, 50.125856 ], [ 14.509731, 50.12544 ], [ 14.50995, 50.125581 ], [ 14.510425, 50.125442 ], [ 14.513896, 50.124156 ], [ 14.514235, 50.124304 ], [ 14.516601, 50.123671 ], [ 14.518427, 50.1228 ], [ 14.518778, 50.122956 ], [ 14.518379, 50.123212 ], [ 14.520303, 50.124746 ], [ 14.520845, 50.124575 ], [ 14.522046, 50.12659 ], [ 14.524532, 50.126355 ], [ 14.524872, 50.127536 ], [ 14.525837, 50.127459 ], [ 14.525875, 50.129003 ], [ 14.530969, 50.129759 ], [ 14.535289, 50.131033 ], [ 14.535131, 50.132498 ], [ 14.535709, 50.137506 ], [ 14.535046, 50.140149 ], [ 14.530344, 50.139598 ], [ 14.529474, 50.141559 ], [ 14.527444, 50.143901 ], [ 14.523886, 50.145849 ], [ 14.523459, 50.146231 ], [ 14.521791, 50.146945 ], [ 14.517332, 50.149473 ], [ 14.513654, 50.148368 ], [ 14.513391, 50.149082 ] ] ] } },
{ "type": "Feature", "properties": { "id": "547344", "name": "Praha 19", "district_short_name": "Praha 19", "population_est": 1266 }, "geometry": { "type": "Polygon", "coordinates": [ [ [ 14.545906, 50.147178 ], [ 14.543675, 50.14698 ], [ 14.543992, 50.142342 ], [ 14.541758, 50.142813 ], [ 14.540535, 50.142874 ], [ 14.540479, 50.140333 ], [ 14.537397, 50.140379 ], [ 14.535046, 50.140149 ], [ 14.535709, 50.137506 ], [ 14.535131, 50.132498 ], [ 14.535289, 50.131033 ], [ 14.530969, 50.129759 ], [ 14.525875, 50.129003 ], [ 14.525837, 50.127459 ], [ 14.524872, 50.127536 ], [ 14.524532, 50.126355 ], [ 14.522046, 50.12659 ], [ 14.521771, 50.126176 ], [ 14.524553, 50.125969 ], [ 14.524418, 50.124778 ], [ 14.523647, 50.124374 ], [ 14.523826, 50.123032 ], [ 14.525446, 50.122973 ], [ 14.525208, 50.121616 ], [ 14.527571, 50.121346 ], [ 14.52659, 50.118798 ], [ 14.526477, 50.117924 ], [ 14.531122, 50.117372 ], [ 14.531213, 50.117638 ], [ 14.533427, 50.117391 ], [ 14.533333, 50.116416 ], [ 14.534986, 50.116939 ], [ 14.540642, 50.116919 ], [ 14.54544, 50.117663 ], [ 14.545082, 50.119616 ], [ 14.55076, 50.121937 ], [ 14.552807, 50.12151 ], [ 14.552968, 50.121633 ], [ 14.55322, 50.121323 ], [ 14.554135, 50.121189 ], [ 14.554517, 50.122936 ], [ 14.559478, 50.122375 ], [ 14.55916, 50.120187 ], [ 14.562564, 50.120579 ], [ 14.562774, 50.12179 ], [ 14.564089, 50.124736 ], [ 14.562261, 50.125264 ], [ 14.56255, 50.126084 ], [ 14.561884, 50.126136 ], [ 14.56194, 50.126493 ], [ 14.563018, 50.126411 ], [ 14.563738, 50.128973 ], [ 14.563875, 50.129538 ], [ 14.56334, 50.129612 ], [ 14.563578, 50.132967 ], [ 14.566888, 50.133283 ], [ 14.567535, 50.133205 ], [ 14.568013, 50.133808 ], [ 14.567496, 50.13419 ], [ 14.567207, 50.135829 ], [ 14.561666, 50.133132 ], [ 14.561514, 50.133253 ], [ 14.560865, 50.13548 ], [ 14.559846, 50.137242 ], [ 14.559468, 50.140333 ], [ 14.558649, 50.14377 ], [ 14.555624, 50.143801 ], [ 14.546686, 50.144961 ], [ 14.545906, 50.147178 ] ] ] } },
{ "type": "Feature", "properties": { "id": "500089", "name": "Praha 2", "district_short_name": "Praha 2", "population_est": 3406 }, "geometry": { "type": "Polygon", "coordinates": [ [ [ 14.437214, 50.086584 ], [ 14.43432, 50.082421 ], [ 14.433275, 50.081304 ], [ 14.432774, 50.081011 ], [ 14.433335, 50.080606 ], [ 14.433633, 50.080583 ], [ 14.432761, 50.079118 ], [ 14.430709, 50.077847 ], [ 14.430444, 50.077088 ], [ 14.421268, 50.077499 ], [ 14.42201, 50.079085 ], [ 14.419607, 50.079161 ], [ 14.419525, 50.07837 ], [ 14.416391, 50.07754 ], [ 14.41439, 50.07739 ], [ 14.413872, 50.075801 ], [ 14.411512, 50.075592 ], [ 14.412968, 50.068816 ], [ 14.413811, 50.065866 ], [ 14.414792, 50.063367 ], [ 14.415807, 50.061804 ], [ 14.417144, 50.062477 ], [ 14.417087, 50.062748 ], [ 14.418378, 50.062859 ], [ 14.418493, 50.063183 ], [ 14.420313, 50.062897 ], [ 14.420187, 50.062574 ], [ 14.421325, 50.062093 ], [ 14.421614, 50.062597 ], [ 14.421816, 50.062552 ], [ 14.422203, 50.06221 ], [ 14.421999, 50.062138 ], [ 14.422157, 50.06187 ], [ 14.422827, 50.062076 ], [ 14.423342, 50.061737 ], [ 14.423158, 50.061597 ], [ 14.424248, 50.060971 ], [ 14.4243, 50.061722 ], [ 14.42528, 50.062016 ], [ 14.424776, 50.062229 ], [ 14.424803, 50.062478 ], [ 14.425018, 50.062574 ], [ 14.425206, 50.062418 ], [ 14.42584, 50.0627 ], [ 14.425986, 50.062567 ], [ 14.426836, 50.062957 ], [ 14.426091, 50.063473 ], [ 14.426731, 50.063916 ], [ 14.428953, 50.064321 ], [ 14.430121, 50.064382 ], [ 14.430141, 50.064522 ], [ 14.43083, 50.064429 ], [ 14.430829, 50.064572 ], [ 14.432189, 50.064682 ], [ 14.433437, 50.065028 ], [ 14.434291, 50.06547 ], [ 14.434432, 50.065413 ], [ 14.435445, 50.066025 ], [ 14.43511, 50.066069 ], [ 14.435968, 50.066474 ], [ 14.436313, 50.066846 ], [ 14.436768, 50.06756 ], [ 14.436815, 50.068023 ], [ 14.438834, 50.066578 ], [ 14.440157, 50.066592 ], [ 14.440866, 50.066419 ], [ 14.441952, 50.066872 ], [ 14.443106, 50.067017 ], [ 14.44297, 50.067045 ], [ 14.44542, 50.067934 ], [ 14.447252, 50.068119 ], [ 14.448557, 50.068051 ], [ 14.448499, 50.068959 ], [ 14.447955, 50.069696 ], [ 14.444365, 50.071017 ], [ 14.442551, 50.072335 ], [ 14.443114, 50.072625 ], [ 14.449211, 50.07268 ], [ 14.449284, 50.074167 ], [ 14.448599, 50.074135 ], [ 14.44856, 50.075356 ], [ 14.449064, 50.075357 ], [ 14.448998, 50.077139 ], [ 14.448188, 50.079 ], [ 14.447381, 50.07997 ], [ 14.445572, 50.081185 ], [ 14.444101, 50.081484 ], [ 14.439533, 50.082017 ], [ 14.440788, 50.085158 ], [ 14.439255, 50.08589 ], [ 14.437214, 50.086584 ] ] ] } },
{ "type": "Feature", "properties": { "id": "538213", "name": "Praha 20", "district_short_name": "Praha 20", "population_est": 3252 }, "geometry": { "type": "Polygon", "coordinates": [ [ [ 14.60711, 50.127847 ], [ 14.604569, 50.128413 ], [ 14.604443, 50.128333 ], [ 14.602789, 50.12139 ], [ 14.596901, 50.122659 ], [ 14.594746, 50.122837 ], [ 14.591784, 50.1228 ], [ 14.592247, 50.122219 ], [ 14.59284, 50.120696 ], [ 14.587125, 50.120728 ], [ 14.587082, 50.117177 ], [ 14.579876, 50.117215 ], [ 14.579219, 50.115688 ], [ 14.577773, 50.114404 ], [ 14.577782, 50.113808 ], [ 14.57866, 50.113544 ], [ 14.578631, 50.112985 ], [ 14.577867, 50.113179 ], [ 14.575351, 50.11329 ], [ 14.575614, 50.111008 ], [ 14.575564, 50.109171 ], [ 14.573964, 50.108962 ], [ 14.574405, 50.108638 ], [ 14.574618, 50.108168 ], [ 14.57521, 50.108372 ], [ 14.57544, 50.108992 ], [ 14.584322, 50.110115 ], [ 14.585909, 50.110053 ], [ 14.587106, 50.109357 ], [ 14.587615, 50.108656 ], [ 14.588913, 50.104733 ], [ 14.589804, 50.102861 ], [ 14.589622, 50.101682 ], [ 14.588627, 50.100915 ], [ 14.587639, 50.100648 ], [ 14.579393, 50.101055 ], [ 14.582238, 50.097342 ], [ 14.5892, 50.099286 ], [ 14.592361, 50.094575 ], [ 14.59382, 50.094964 ], [ 14.596445, 50.096149 ], [ 14.600766, 50.096602 ], [ 14.606716, 50.096839 ], [ 14.611149, 50.097653 ], [ 14.61487, 50.098001 ], [ 14.617433, 50.098454 ], [ 14.618741, 50.098479 ], [ 14.620642, 50.097484 ], [ 14.62229, 50.096131 ], [ 14.625965, 50.095187 ], [ 14.625915, 50.094803 ], [ 14.628064, 50.093776 ], [ 14.630429, 50.093004 ], [ 14.632338, 50.092069 ], [ 14.632918, 50.09213 ], [ 14.633163, 50.091592 ], [ 14.637922, 50.092416 ], [ 14.637687, 50.090074 ], [ 14.642514, 50.092054 ], [ 14.642531, 50.092259 ], [ 14.642797, 50.092373 ], [ 14.643522, 50.097734 ], [ 14.648709, 50.096969 ], [ 14.649773, 50.0985 ], [ 14.649837, 50.100344 ], [ 14.654526, 50.101158 ], [ 14.658302, 50.10338 ], [ 14.655833, 50.104335 ], [ 14.657405, 50.10628 ], [ 14.656761, 50.10989 ], [ 14.657429, 50.112123 ], [ 14.65742, 50.11298 ], [ 14.659584, 50.120662 ], [ 14.658605, 50.12052 ], [ 14.659116, 50.122604 ], [ 14.652354, 50.123525 ], [ 14.650074, 50.123471 ], [ 14.64752, 50.124183 ], [ 14.646008, 50.123524 ], [ 14.645383, 50.12341 ], [ 14.640629, 50.123529 ], [ 14.63977, 50.124168 ], [ 14.638444, 50.123607 ], [ 14.635202, 50.123918 ], [ 14.63542, 50.126375 ], [ 14.634442, 50.128065 ], [ 14.632301, 50.129903 ], [ 14.621772, 50.127829 ], [ 14.621505, 50.127833 ], [ 14.62059, 50.129498 ], [ 14.608635, 50.127115 ], [ 14.60711, 50.127847 ] ] ] } },
{ "type": "Feature", "properties": { "id": "538949", "name": "Praha 21", "district_short_name": "Praha 21", "population_est": 2939 }, "geometry": { "type": "Polygon", "coordinates": [ [ [ 14.692692, 50.09546 ], [ 14.689722, 50.096021 ], [ 14.685727, 50.085977 ], [ 14.685971, 50.085877 ], [ 14.685796, 50.085363 ], [ 14.673292, 50.087289 ], [ 14.66962, 50.087452 ], [ 14.636762, 50.084961 ], [ 14.637462, 50.084178 ], [ 14.636829, 50.084072 ], [ 14.636907, 50.083889 ], [ 14.634463, 50.082554 ], [ 14.634926, 50.081101 ], [ 14.63499, 50.080018 ], [ 14.640712, 50.079323 ], [ 14.641164, 50.079126 ], [ 14.641401, 50.07605 ], [ 14.641256, 50.075185 ], [ 14.641848, 50.074025 ], [ 14.641429, 50.073027 ], [ 14.641073, 50.072675 ], [ 14.639767, 50.073083 ], [ 14.639338, 50.072482 ], [ 14.640504, 50.072013 ], [ 14.641593, 50.071852 ], [ 14.645769, 50.070178 ], [ 14.650309, 50.070068 ], [ 14.652706, 50.068433 ], [ 14.65461, 50.067552 ], [ 14.655429, 50.066683 ], [ 14.655956, 50.066494 ], [ 14.657486, 50.065261 ], [ 14.658525, 50.064124 ], [ 14.660622, 50.062742 ], [ 14.661795, 50.063084 ], [ 14.663541, 50.063194 ], [ 14.666335, 50.063787 ], [ 14.667137, 50.063785 ], [ 14.669697, 50.065438 ], [ 14.674766, 50.067558 ], [ 14.676693, 50.068185 ], [ 14.677185, 50.067967 ], [ 14.679908, 50.069097 ], [ 14.682082, 50.069136 ], [ 14.682787, 50.069327 ], [ 14.683408, 50.069669 ], [ 14.683608, 50.069602 ], [ 14.689138, 50.071181 ], [ 14.690862, 50.072018 ], [ 14.693444, 50.071832 ], [ 14.699993, 50.072129 ], [ 14.701757, 50.076568 ], [ 14.702593, 50.07655 ], [ 14.706788, 50.087019 ], [ 14.706104, 50.087405 ], [ 14.705328, 50.088304 ], [ 14.705347, 50.090171 ], [ 14.705099, 50.090684 ], [ 14.703918, 50.091742 ], [ 14.698404, 50.093414 ], [ 14.696129, 50.094331 ], [ 14.695444, 50.094408 ], [ 14.694195, 50.094286 ], [ 14.692692, 50.09546 ] ] ] } },
{ "type": "Feature", "properties": { "id": "538931", "name": "Praha 22", "district_short_name": "Praha 22", "population_est": 2316 }, "geometry": { "type": "Polygon", "coordinates": [ [ [ 14.622062, 50.062909 ], [ 14.619905, 50.062881 ], [ 14.620651, 50.061494 ], [ 14.620962, 50.060256 ], [ 14.621229, 50.056842 ], [ 14.617254, 50.057192 ], [ 14.61573, 50.05754 ], [ 14.615713, 50.055656 ], [ 14.611785, 50.056402 ], [ 14.608188, 50.056136 ], [ 14.602111, 50.055211 ], [ 14.603116, 50.053599 ], [ 14.602602, 50.053316 ], [ 14.601737, 50.053406 ], [ 14.599767, 50.053091 ], [ 14.598974, 50.054032 ], [ 14.595742, 50.05357 ], [ 14.595943, 50.052093 ], [ 14.596485, 50.05154 ], [ 14.596696, 50.050439 ], [ 14.596119, 50.04949 ], [ 14.596438, 50.048984 ], [ 14.596265, 50.04848 ], [ 14.59555, 50.048783 ], [ 14.594485, 50.048902 ], [ 14.593078, 50.048641 ], [ 14.592734, 50.048937 ], [ 14.590814, 50.048626 ], [ 14.587196, 50.048407 ], [ 14.586387, 50.048229 ], [ 14.584959, 50.04719 ], [ 14.58434, 50.046995 ], [ 14.583727, 50.04837 ], [ 14.583336, 50.048774 ], [ 14.582111, 50.049116 ], [ 14.581925, 50.049334 ], [ 14.580187, 50.049082 ], [ 14.580114, 50.049315 ], [ 14.580073, 50.048811 ], [ 14.580922, 50.048196 ], [ 14.58062, 50.047991 ], [ 14.580789, 50.047785 ], [ 14.57867, 50.045693 ], [ 14.575763, 50.043493 ], [ 14.576835, 50.042573 ], [ 14.574172, 50.041444 ], [ 14.571456, 50.041004 ], [ 14.571327, 50.04062 ], [ 14.570077, 50.040301 ], [ 14.569106, 50.039545 ], [ 14.569167, 50.038077 ], [ 14.570808, 50.037369 ], [ 14.573361, 50.035759 ], [ 14.573921, 50.035245 ], [ 14.573268, 50.034967 ], [ 14.574388, 50.033918 ], [ 14.575395, 50.034309 ], [ 14.577687, 50.033132 ], [ 14.579374, 50.032486 ], [ 14.577743, 50.031635 ], [ 14.577393, 50.03221 ], [ 14.57651, 50.031817 ], [ 14.575153, 50.030638 ], [ 14.572847, 50.029755 ], [ 14.572688, 50.029925 ], [ 14.570083, 50.029275 ], [ 14.570854, 50.027472 ], [ 14.57108, 50.026002 ], [ 14.572551, 50.026013 ], [ 14.572699, 50.025911 ], [ 14.572555, 50.02572 ], [ 14.572838, 50.025482 ], [ 14.572647, 50.02512 ], [ 14.572268, 50.025156 ], [ 14.572419, 50.024963 ], [ 14.572038, 50.024553 ], [ 14.571327, 50.024622 ], [ 14.571439, 50.024446 ], [ 14.570731, 50.023931 ], [ 14.571089, 50.023289 ], [ 14.571903, 50.023038 ], [ 14.573629, 50.022939 ], [ 14.573413, 50.022054 ], [ 14.572148, 50.0225 ], [ 14.57197, 50.022215 ], [ 14.571312, 50.018104 ], [ 14.571332, 50.017861 ], [ 14.573884, 50.017571 ], [ 14.57388, 50.016304 ], [ 14.574164, 50.016285 ], [ 14.574101, 50.015861 ], [ 14.573758, 50.015043 ], [ 14.573422, 50.014754 ], [ 14.573094, 50.014702 ], [ 14.573494, 50.013718 ], [ 14.573311, 50.013699 ], [ 14.573307, 50.013189 ], [ 14.573916, 50.012374 ], [ 14.575177, 50.012604 ], [ 14.576281, 50.013597 ], [ 14.582394, 50.016363 ], [ 14.581946, 50.014085 ], [ 14.582041, 50.012563 ], [ 14.581715, 50.010951 ], [ 14.587088, 50.011453 ], [ 14.587868, 50.010026 ], [ 14.589159, 50.010277 ], [ 14.588919, 50.011795 ], [ 14.591661, 50.012391 ], [ 14.590818, 50.013609 ], [ 14.5949, 50.014647 ], [ 14.593922, 50.015709 ], [ 14.593603, 50.015644 ], [ 14.59346, 50.015828 ], [ 14.590787, 50.01518 ], [ 14.590109, 50.016764 ], [ 14.592461, 50.017286 ], [ 14.59255, 50.017483 ], [ 14.594032, 50.017804 ], [ 14.593135, 50.018908 ], [ 14.593556, 50.019026 ], [ 14.594897, 50.01907 ], [ 14.595881, 50.01778 ], [ 14.596633, 50.018288 ], [ 14.596458, 50.018799 ], [ 14.596014, 50.018884 ], [ 14.595866, 50.019207 ], [ 14.59622, 50.019475 ], [ 14.59709, 50.019073 ], [ 14.597309, 50.019562 ], [ 14.596086, 50.019711 ], [ 14.596362, 50.020234 ], [ 14.596009, 50.020495 ], [ 14.595055, 50.020116 ], [ 14.594533, 50.020375 ], [ 14.594021, 50.020679 ], [ 14.594312, 50.021046 ], [ 14.59419, 50.021125 ], [ 14.593462, 50.021236 ], [ 14.593336, 50.020972 ], [ 14.59112, 50.021455 ], [ 14.592589, 50.022909 ], [ 14.591842, 50.023271 ], [ 14.59167, 50.023125 ], [ 14.59004, 50.024092 ], [ 14.592774, 50.026129 ], [ 14.595699, 50.024539 ], [ 14.600367, 50.020981 ], [ 14.601617, 50.021626 ], [ 14.602739, 50.020987 ], [ 14.604018, 50.020603 ], [ 14.608218, 50.020349 ], [ 14.608672, 50.021199 ], [ 14.609654, 50.02083 ], [ 14.609862, 50.021284 ], [ 14.610729, 50.021249 ], [ 14.61245, 50.021493 ], [ 14.618172, 50.021522 ], [ 14.621506, 50.021944 ], [ 14.618561, 50.02491 ], [ 14.621079, 50.024814 ], [ 14.621331, 50.024963 ], [ 14.624742, 50.024936 ], [ 14.626982, 50.025139 ], [ 14.629463, 50.02475 ], [ 14.630001, 50.026514 ], [ 14.630863, 50.026607 ], [ 14.630335, 50.028365 ], [ 14.629691, 50.032297 ], [ 14.628739, 50.034364 ], [ 14.628659, 50.034734 ], [ 14.629011, 50.035155 ], [ 14.628944, 50.035403 ], [ 14.628802, 50.035594 ], [ 14.624594, 50.036388 ], [ 14.624992, 50.037783 ], [ 14.624783, 50.038429 ], [ 14.62295, 50.037954 ], [ 14.622278, 50.03958 ], [ 14.622663, 50.039717 ], [ 14.622327, 50.039797 ], [ 14.622132, 50.040924 ], [ 14.624647, 50.041634 ], [ 14.625931, 50.042187 ], [ 14.627517, 50.041296 ], [ 14.628009, 50.041844 ], [ 14.628173, 50.042485 ], [ 14.628071, 50.043183 ], [ 14.627388, 50.044162 ], [ 14.628399, 50.044181 ], [ 14.631098, 50.045105 ], [ 14.631515, 50.046252 ], [ 14.633709, 50.045837 ], [ 14.634867, 50.046657 ], [ 14.637503, 50.047303 ], [ 14.637922, 50.048278 ], [ 14.639818, 50.048357 ], [ 14.640787, 50.048615 ], [ 14.640977, 50.04898 ], [ 14.64063, 50.05124 ], [ 14.641216, 50.052757 ], [ 14.64133, 50.054632 ], [ 14.640673, 50.05486 ], [ 14.640193, 50.056894 ], [ 14.639584, 50.057396 ], [ 14.638552, 50.057294 ], [ 14.638683, 50.057019 ], [ 14.637829, 50.057097 ], [ 14.637601, 50.056113 ], [ 14.632885, 50.054929 ], [ 14.631243, 50.053519 ], [ 14.627953, 50.05496 ], [ 14.625392, 50.055561 ], [ 14.625066, 50.057292 ], [ 14.625335, 50.057772 ], [ 14.624522, 50.05911 ], [ 14.626391, 50.059334 ], [ 14.627248, 50.060572 ], [ 14.623372, 50.060917 ], [ 14.624373, 50.06269 ], [ 14.622035, 50.062815 ], [ 14.622062, 50.062909 ] ] ] } },
{ "type": "Feature", "properties": { "id": "500097", "name": "Praha 3", "district_short_name": "Praha 3", "population_est": 4481 }, "geometry": { "type": "Polygon", "coordinates": [ [ [ 14.479159, 50.096571 ], [ 14.478485, 50.097706 ], [ 14.476221, 50.096429 ], [ 14.475934, 50.096582 ], [ 14.472144, 50.094115 ], [ 14.469722, 50.093116 ], [ 14.469108, 50.093021 ], [ 14.467743, 50.093345 ], [ 14.465813, 50.092684 ], [ 14.458007, 50.091547 ], [ 14.455325, 50.090957 ], [ 14.455373, 50.090849 ], [ 14.452553, 50.09028 ], [ 14.452304, 50.090361 ], [ 14.44936, 50.08967 ], [ 14.44855, 50.089589 ], [ 14.448392, 50.089883 ], [ 14.443253, 50.088829 ], [ 14.443235, 50.087412 ], [ 14.441844, 50.087441 ], [ 14.439821, 50.087164 ], [ 14.438212, 50.086599 ], [ 14.438057, 50.086305 ], [ 14.440788, 50.085158 ], [ 14.439533, 50.082017 ], [ 14.444101, 50.081484 ], [ 14.445572, 50.081185 ], [ 14.447381, 50.07997 ], [ 14.448188, 50.079 ], [ 14.448998, 50.077139 ], [ 14.449064, 50.075357 ], [ 14.457757, 50.07546 ], [ 14.476903, 50.076407 ], [ 14.47835, 50.076272 ], [ 14.47873, 50.077845 ], [ 14.476415, 50.078062 ], [ 14.476307, 50.079391 ], [ 14.482559, 50.080463 ], [ 14.482113, 50.081002 ], [ 14.480847, 50.081487 ], [ 14.480455, 50.081852 ], [ 14.482628, 50.08225 ], [ 14.482078, 50.083424 ], [ 14.484918, 50.083917 ], [ 14.484833, 50.084105 ], [ 14.486727, 50.084592 ], [ 14.487425, 50.085428 ], [ 14.488, 50.085791 ], [ 14.491768, 50.086817 ], [ 14.491922, 50.087069 ], [ 14.491667, 50.087341 ], [ 14.503319, 50.089689 ], [ 14.501635, 50.090005 ], [ 14.501422, 50.090345 ], [ 14.502326, 50.090635 ], [ 14.500982, 50.090879 ], [ 14.498289, 50.091774 ], [ 14.496857, 50.09346 ], [ 14.496268, 50.09445 ], [ 14.495731, 50.096954 ], [ 14.493883, 50.098888 ], [ 14.492968, 50.098187 ], [ 14.492195, 50.098531 ], [ 14.49147, 50.098628 ], [ 14.491489, 50.098729 ], [ 14.482228, 50.097152 ], [ 14.482099, 50.097346 ], [ 14.479159, 50.096571 ] ] ] } },
{ "type": "Feature", "properties": { "id": "500119", "name": "Praha 4", "district_short_name": "Praha 4", "population_est": 11909 }, "geometry": { "type": "Polygon", "coordinates": [ [ [ 14.438834, 50.066578 ], [ 14.436815, 50.068023 ], [ 14.436768, 50.06756 ], [ 14.436313, 50.066846 ], [ 14.435968, 50.066474 ], [ 14.43511, 50.066069 ], [ 14.435445, 50.066025 ], [ 14.434432, 50.065413 ], [ 14.434291, 50.06547 ], [ 14.433437, 50.065028 ], [ 14.432189, 50.064682 ], [ 14.430829, 50.064572 ], [ 14.43083, 50.064429 ], [ 14.430141, 50.064522 ], [ 14.430121, 50.064382 ], [ 14.428953, 50.064321 ], [ 14.426731, 50.063916 ], [ 14.426091, 50.063473 ], [ 14.426836, 50.062957 ], [ 14.425986, 50.062567 ], [ 14.42584, 50.0627 ], [ 14.425206, 50.062418 ], [ 14.425018, 50.062574 ], [ 14.424803, 50.062478 ], [ 14.424776, 50.062229 ], [ 14.42528, 50.062016 ], [ 14.4243, 50.061722 ], [ 14.424248, 50.060971 ], [ 14.423158, 50.061597 ], [ 14.423342, 50.061737 ], [ 14.422827, 50.062076 ], [ 14.422157, 50.06187 ], [ 14.421999, 50.062138 ], [ 14.422203, 50.06221 ], [ 14.421816, 50.062552 ], [ 14.421614, 50.062597 ], [ 14.421325, 50.062093 ], [ 14.420187, 50.062574 ], [ 14.420313, 50.062897 ], [ 14.418493, 50.063183 ], [ 14.418378, 50.062859 ], [ 14.417087, 50.062748 ], [ 14.417144, 50.062477 ], [ 14.415807, 50.061804 ], [ 14.416369, 50.059177 ], [ 14.416307, 50.058217 ], [ 14.415416, 50.055798 ], [ 14.412384, 50.05001 ], [ 14.410225, 50.044642 ], [ 14.408557, 50.041626 ], [ 14.405124, 50.036852 ], [ 14.397919, 50.028449 ], [ 14.396144, 50.022233 ], [ 14.395871, 50.018852 ], [ 14.400072, 50.01854 ], [ 14.402735, 50.018138 ], [ 14.402535, 50.017453 ], [ 14.40296, 50.017089 ], [ 14.406186, 50.016441 ], [ 14.407604, 50.016337 ], [ 14.410032, 50.016625 ], [ 14.411484, 50.017056 ], [ 14.414113, 50.016956 ], [ 14.414034, 50.017245 ], [ 14.414296, 50.017456 ], [ 14.415616, 50.017688 ], [ 14.418539, 50.01865 ], [ 14.420037, 50.018986 ], [ 14.420654, 50.01903 ], [ 14.421829, 50.018804 ], [ 14.422829, 50.018846 ], [ 14.423546, 50.019086 ], [ 14.426531, 50.019512 ], [ 14.427887, 50.019469 ], [ 14.428477, 50.01965 ], [ 14.428701, 50.019379 ], [ 14.429422, 50.019505 ], [ 14.431562, 50.018904 ], [ 14.432327, 50.018799 ], [ 14.432315, 50.018996 ], [ 14.433462, 50.018931 ], [ 14.433993, 50.018371 ], [ 14.434363, 50.018605 ], [ 14.435304, 50.018072 ], [ 14.43605, 50.018594 ], [ 14.437604, 50.020229 ], [ 14.438149, 50.020875 ], [ 14.437912, 50.021013 ], [ 14.439832, 50.022808 ], [ 14.44021, 50.022735 ], [ 14.440442, 50.023007 ], [ 14.445512, 50.020701 ], [ 14.449364, 50.017936 ], [ 14.453191, 50.013265 ], [ 14.456495, 50.014371 ], [ 14.458941, 50.014884 ], [ 14.46134, 50.015061 ], [ 14.465008, 50.016167 ], [ 14.468096, 50.016725 ], [ 14.468408, 50.0169 ], [ 14.468045, 50.017886 ], [ 14.466781, 50.019154 ], [ 14.463815, 50.020772 ], [ 14.463679, 50.020678 ], [ 14.462939, 50.021162 ], [ 14.462789, 50.021062 ], [ 14.461782, 50.021464 ], [ 14.463516, 50.022441 ], [ 14.464099, 50.022461 ], [ 14.464901, 50.022717 ], [ 14.466193, 50.023416 ], [ 14.463009, 50.024606 ], [ 14.462883, 50.024804 ], [ 14.460509, 50.025471 ], [ 14.460147, 50.025643 ], [ 14.459576, 50.026557 ], [ 14.460109, 50.027574 ], [ 14.461406, 50.028475 ], [ 14.460926, 50.029107 ], [ 14.461544, 50.029323 ], [ 14.461976, 50.029812 ], [ 14.462436, 50.029783 ], [ 14.462914, 50.029961 ], [ 14.463481, 50.030803 ], [ 14.464033, 50.030915 ], [ 14.464563, 50.030871 ], [ 14.465305, 50.030571 ], [ 14.471062, 50.030137 ], [ 14.472923, 50.029704 ], [ 14.477235, 50.029755 ], [ 14.476528, 50.03027 ], [ 14.473796, 50.030955 ], [ 14.472223, 50.031563 ], [ 14.471155, 50.032327 ], [ 14.470133, 50.033534 ], [ 14.469727, 50.034056 ], [ 14.469068, 50.036729 ], [ 14.469332, 50.037156 ], [ 14.469223, 50.038053 ], [ 14.46952, 50.03896 ], [ 14.471736, 50.039611 ], [ 14.472632, 50.039715 ], [ 14.472705, 50.039984 ], [ 14.474848, 50.039882 ], [ 14.476704, 50.039979 ], [ 14.486721, 50.041224 ], [ 14.488, 50.042072 ], [ 14.487922, 50.042652 ], [ 14.488084, 50.042719 ], [ 14.487685, 50.043337 ], [ 14.48632, 50.04453 ], [ 14.48852, 50.044549 ], [ 14.488776, 50.044692 ], [ 14.488963, 50.044503 ], [ 14.488782, 50.04446 ], [ 14.488834, 50.043628 ], [ 14.488566, 50.042938 ], [ 14.489988, 50.041981 ], [ 14.490359, 50.042693 ], [ 14.492406, 50.043364 ], [ 14.493227, 50.043872 ], [ 14.493627, 50.043835 ], [ 14.493609, 50.043932 ], [ 14.493905, 50.043896 ], [ 14.494516, 50.044132 ], [ 14.49425, 50.044702 ], [ 14.495962, 50.045701 ], [ 14.496241, 50.046224 ], [ 14.492223, 50.049936 ], [ 14.482376, 50.05102 ], [ 14.482357, 50.051222 ], [ 14.484518, 50.051536 ], [ 14.485269, 50.051518 ], [ 14.484098, 50.052257 ], [ 14.483879, 50.053109 ], [ 14.483577, 50.053331 ], [ 14.483662, 50.053842 ], [ 14.481674, 50.05393 ], [ 14.480933, 50.054182 ], [ 14.480521, 50.054547 ], [ 14.480781, 50.054704 ], [ 14.480404, 50.054987 ], [ 14.480257, 50.055553 ], [ 14.4785, 50.055492 ], [ 14.478131, 50.055146 ], [ 14.47772, 50.055213 ], [ 14.477447, 50.054998 ], [ 14.477023, 50.05513 ], [ 14.476623, 50.054861 ], [ 14.476422, 50.054996 ], [ 14.476621, 50.055187 ], [ 14.476288, 50.055503 ], [ 14.47524, 50.055187 ], [ 14.475027, 50.055317 ], [ 14.474482, 50.055285 ], [ 14.47402, 50.05498 ], [ 14.473251, 50.055054 ], [ 14.472247, 50.054939 ], [ 14.47129, 50.056986 ], [ 14.467117, 50.056807 ], [ 14.466948, 50.057912 ], [ 14.467161, 50.058218 ], [ 14.466975, 50.058298 ], [ 14.466121, 50.058023 ], [ 14.464322, 50.057812 ], [ 14.463706, 50.05799 ], [ 14.463514, 50.058408 ], [ 14.461979, 50.058183 ], [ 14.462097, 50.057513 ], [ 14.461891, 50.057096 ], [ 14.459785, 50.057037 ], [ 14.459716, 50.056736 ], [ 14.459036, 50.056528 ], [ 14.456712, 50.059307 ], [ 14.455565, 50.06106 ], [ 14.454577, 50.061869 ], [ 14.454656, 50.062374 ], [ 14.454204, 50.062528 ], [ 14.453148, 50.062036 ], [ 14.452703, 50.061999 ], [ 14.447587, 50.063589 ], [ 14.445575, 50.064374 ], [ 14.445343, 50.064662 ], [ 14.44118, 50.066327 ], [ 14.440157, 50.066592 ], [ 14.438834, 50.066578 ] ] ] } },
{ "type": "Feature", "properties": { "id": "500143", "name": "Praha 5", "district_short_name": "Praha 5", "population_est": 9006 }, "geometry": { "type": "Polygon", "coordinates": [ [ [ 14.356881, 50.078143 ], [ 14.356516, 50.077038 ], [ 14.354252, 50.077209 ], [ 14.350273, 50.076562 ], [ 14.3489, 50.075818 ], [ 14.347515, 50.075604 ], [ 14.34568, 50.075596 ], [ 14.345363, 50.075759 ], [ 14.34543, 50.075971 ], [ 14.343586, 50.075753 ], [ 14.341771, 50.075337 ], [ 14.341226, 50.075602 ], [ 14.340409, 50.07526 ], [ 14.339831, 50.075796 ], [ 14.338538, 50.075501 ], [ 14.338531, 50.075127 ], [ 14.336052, 50.074589 ], [ 14.334625, 50.074456 ], [ 14.334354, 50.075397 ], [ 14.32539, 50.07447 ], [ 14.325558, 50.074038 ], [ 14.324915, 50.073878 ], [ 14.324589, 50.07349 ], [ 14.323308, 50.073195 ], [ 14.323107, 50.073284 ], [ 14.322337, 50.073102 ], [ 14.321725, 50.073495 ], [ 14.32222, 50.071703 ], [ 14.322868, 50.070695 ], [ 14.322416, 50.068473 ], [ 14.322753, 50.067162 ], [ 14.321722, 50.065507 ], [ 14.322253, 50.065143 ], [ 14.322679, 50.065185 ], [ 14.325027, 50.062718 ], [ 14.327314, 50.063098 ], [ 14.328093, 50.062734 ], [ 14.328393, 50.062401 ], [ 14.330983, 50.062066 ], [ 14.3356, 50.060151 ], [ 14.336997, 50.060043 ], [ 14.337568, 50.05974 ], [ 14.338319, 50.060063 ], [ 14.3394, 50.058776 ], [ 14.339724, 50.05807 ], [ 14.339612, 50.056827 ], [ 14.339301, 50.056159 ], [ 14.342899, 50.056304 ], [ 14.344456, 50.056142 ], [ 14.34452, 50.055845 ], [ 14.345801, 50.055617 ], [ 14.345921, 50.055834 ], [ 14.346197, 50.055754 ], [ 14.349098, 50.054787 ], [ 14.349738, 50.054236 ], [ 14.351557, 50.053546 ], [ 14.355156, 50.051499 ], [ 14.354795, 50.050541 ], [ 14.352365, 50.04854 ], [ 14.352856, 50.046875 ], [ 14.352512, 50.045896 ], [ 14.35383, 50.044553 ], [ 14.353116, 50.043319 ], [ 14.353178, 50.042958 ], [ 14.353439, 50.042721 ], [ 14.355439, 50.042456 ], [ 14.353194, 50.041001 ], [ 14.352638, 50.040276 ], [ 14.352466, 50.039643 ], [ 14.351757, 50.039329 ], [ 14.352833, 50.038614 ], [ 14.352195, 50.037968 ], [ 14.353214, 50.037519 ], [ 14.35341, 50.037286 ], [ 14.353134, 50.036991 ], [ 14.352399, 50.036793 ], [ 14.352942, 50.035517 ], [ 14.354326, 50.03554 ], [ 14.35401, 50.035242 ], [ 14.35399, 50.034926 ], [ 14.355113, 50.033235 ], [ 14.355005, 50.031582 ], [ 14.357163, 50.03078 ], [ 14.357387, 50.030003 ], [ 14.357099, 50.029871 ], [ 14.357285, 50.02929 ], [ 14.356408, 50.029152 ], [ 14.356049, 50.028957 ], [ 14.356151, 50.028324 ], [ 14.355398, 50.02833 ], [ 14.355345, 50.027261 ], [ 14.356021, 50.027259 ], [ 14.356036, 50.027133 ], [ 14.355329, 50.027097 ], [ 14.35586, 50.025067 ], [ 14.356579, 50.024646 ], [ 14.359438, 50.02481 ], [ 14.359786, 50.025096 ], [ 14.35969, 50.025222 ], [ 14.363101, 50.026185 ], [ 14.365758, 50.022254 ], [ 14.368069, 50.023524 ], [ 14.371623, 50.02609 ], [ 14.376577, 50.027704 ], [ 14.379159, 50.02905 ], [ 14.379862, 50.029169 ], [ 14.382494, 50.026612 ], [ 14.383851, 50.026675 ], [ 14.385772, 50.027077 ], [ 14.38875, 50.027435 ], [ 14.389365, 50.027031 ], [ 14.389821, 50.026962 ], [ 14.390257, 50.027078 ], [ 14.390615, 50.027615 ], [ 14.393247, 50.028951 ], [ 14.393109, 50.029127 ], [ 14.393335, 50.029352 ], [ 14.394408, 50.029538 ], [ 14.394941, 50.029937 ], [ 14.397022, 50.030553 ], [ 14.398891, 50.031377 ], [ 14.399994, 50.030962 ], [ 14.405124, 50.036852 ], [ 14.408557, 50.041626 ], [ 14.410225, 50.044642 ], [ 14.412384, 50.05001 ], [ 14.415416, 50.055798 ], [ 14.416307, 50.058217 ], [ 14.416369, 50.059177 ], [ 14.415807, 50.061804 ], [ 14.414792, 50.063367 ], [ 14.413434, 50.067093 ], [ 14.410891, 50.078675 ], [ 14.409823, 50.079066 ], [ 14.409108, 50.081278 ], [ 14.404531, 50.081177 ], [ 14.404566, 50.080806 ], [ 14.401915, 50.080748 ], [ 14.401895, 50.08059 ], [ 14.401593, 50.080591 ], [ 14.401579, 50.080743 ], [ 14.400457, 50.080639 ], [ 14.399668, 50.080728 ], [ 14.399666, 50.080559 ], [ 14.398842, 50.080651 ], [ 14.398735, 50.080251 ], [ 14.396541, 50.079608 ], [ 14.395008, 50.078974 ], [ 14.393766, 50.078785 ], [ 14.392388, 50.078296 ], [ 14.392497, 50.078083 ], [ 14.390199, 50.077857 ], [ 14.387748, 50.077883 ], [ 14.387824, 50.078386 ], [ 14.379689, 50.079377 ], [ 14.379734, 50.078885 ], [ 14.378027, 50.078697 ], [ 14.377154, 50.078076 ], [ 14.374933, 50.078041 ], [ 14.374278, 50.077757 ], [ 14.374119, 50.077867 ], [ 14.371094, 50.078044 ], [ 14.372324, 50.078309 ], [ 14.37402, 50.079217 ], [ 14.373286, 50.079365 ], [ 14.367789, 50.078867 ], [ 14.367035, 50.078945 ], [ 14.363884, 50.078713 ], [ 14.359937, 50.078249 ], [ 14.356881, 50.078143 ] ] ] } },
{ "type": "Feature", "properties": { "id": "500178", "name": "Praha 6", "district_short_name": "Praha 6", "population_est": 12631 }, "geometry": { "type": "Polygon", "coordinates": [ [ [ 14.393783, 50.138276 ], [ 14.392122, 50.138664 ], [ 14.390686, 50.137741 ], [ 14.390681, 50.136954 ], [ 14.390114, 50.136978 ], [ 14.389684, 50.136759 ], [ 14.389347, 50.13639 ], [ 14.389166, 50.135748 ], [ 14.388575, 50.13542 ], [ 14.388387, 50.135037 ], [ 14.388684, 50.134329 ], [ 14.389099, 50.134216 ], [ 14.389663, 50.133401 ], [ 14.390125, 50.133113 ], [ 14.3906, 50.131845 ], [ 14.391954, 50.129886 ], [ 14.39217, 50.129883 ], [ 14.392491, 50.13023 ], [ 14.392933, 50.130164 ], [ 14.3927, 50.129692 ], [ 14.391974, 50.129407 ], [ 14.392229, 50.12891 ], [ 14.392858, 50.128987 ], [ 14.392687, 50.128686 ], [ 14.393161, 50.128701 ], [ 14.394677, 50.129214 ], [ 14.394972, 50.128969 ], [ 14.395082, 50.128286 ], [ 14.395339, 50.128179 ], [ 14.39504, 50.127603 ], [ 14.394526, 50.127192 ], [ 14.395005, 50.125677 ], [ 14.395924, 50.125544 ], [ 14.396392, 50.125023 ], [ 14.396437, 50.12472 ], [ 14.396002, 50.124199 ], [ 14.395645, 50.123897 ], [ 14.39475, 50.12374 ], [ 14.393896, 50.123209 ], [ 14.393718, 50.122915 ], [ 14.393874, 50.122667 ], [ 14.393627, 50.122525 ], [ 14.393409, 50.122538 ], [ 14.392214, 50.123638 ], [ 14.391145, 50.124075 ], [ 14.389872, 50.124141 ], [ 14.38867, 50.124541 ], [ 14.388522, 50.12393 ], [ 14.388354, 50.123928 ], [ 14.387637, 50.124459 ], [ 14.387117, 50.124631 ], [ 14.386899, 50.124392 ], [ 14.386681, 50.124441 ], [ 14.385844, 50.123363 ], [ 14.386492, 50.122874 ], [ 14.386231, 50.122754 ], [ 14.385926, 50.122908 ], [ 14.384634, 50.12193 ], [ 14.381869, 50.121159 ], [ 14.379166, 50.120617 ], [ 14.375395, 50.120154 ], [ 14.374277, 50.119841 ], [ 14.373435, 50.11982 ], [ 14.370344, 50.118962 ], [ 14.370309, 50.11831 ], [ 14.369403, 50.117691 ], [ 14.369436, 50.117023 ], [ 14.368716, 50.117094 ], [ 14.368511, 50.115977 ], [ 14.36873, 50.115514 ], [ 14.368434, 50.113417 ], [ 14.368558, 50.112733 ], [ 14.368036, 50.112806 ], [ 14.367787, 50.112994 ], [ 14.367381, 50.112908 ], [ 14.367653, 50.112848 ], [ 14.366994, 50.112326 ], [ 14.366908, 50.111962 ], [ 14.366482, 50.111885 ], [ 14.366308, 50.112268 ], [ 14.364593, 50.113182 ], [ 14.363919, 50.113962 ], [ 14.36243, 50.115086 ], [ 14.361578, 50.116241 ], [ 14.360785, 50.116019 ], [ 14.359799, 50.116005 ], [ 14.354592, 50.116238 ], [ 14.354199, 50.116119 ], [ 14.35479, 50.116033 ], [ 14.355204, 50.115676 ], [ 14.355363, 50.11534 ], [ 14.355221, 50.114999 ], [ 14.352551, 50.114697 ], [ 14.351869, 50.114472 ], [ 14.351873, 50.113483 ], [ 14.352176, 50.112915 ], [ 14.354417, 50.112278 ], [ 14.353973, 50.111927 ], [ 14.353357, 50.110362 ], [ 14.352606, 50.109597 ], [ 14.352622, 50.109118 ], [ 14.349301, 50.108994 ], [ 14.348016, 50.109352 ], [ 14.347612, 50.109126 ], [ 14.347464, 50.109227 ], [ 14.346482, 50.108965 ], [ 14.344581, 50.10953 ], [ 14.344041, 50.109082 ], [ 14.343529, 50.109204 ], [ 14.342589, 50.109092 ], [ 14.341663, 50.108461 ], [ 14.340125, 50.108643 ], [ 14.339627, 50.108962 ], [ 14.339684, 50.109183 ], [ 14.335918, 50.109694 ], [ 14.335774, 50.108909 ], [ 14.33417, 50.109418 ], [ 14.331307, 50.10968 ], [ 14.331018, 50.10921 ], [ 14.331286, 50.108915 ], [ 14.329898, 50.108705 ], [ 14.327503, 50.107421 ], [ 14.325132, 50.106688 ], [ 14.324623, 50.106587 ], [ 14.324207, 50.107069 ], [ 14.322405, 50.106774 ], [ 14.321003, 50.106324 ], [ 14.316623, 50.105507 ], [ 14.307771, 50.103376 ], [ 14.301051, 50.102835 ], [ 14.29518, 50.106848 ], [ 14.293625, 50.106272 ], [ 14.291496, 50.109536 ], [ 14.290057, 50.1112 ], [ 14.289018, 50.112081 ], [ 14.288783, 50.11277 ], [ 14.288565, 50.112828 ], [ 14.2887, 50.112956 ], [ 14.288225, 50.113303 ], [ 14.287838, 50.113195 ], [ 14.288152, 50.113351 ], [ 14.286844, 50.114248 ], [ 14.287187, 50.114868 ], [ 14.285561, 50.115627 ], [ 14.285278, 50.115674 ], [ 14.284664, 50.11547 ], [ 14.27884, 50.119081 ], [ 14.260046, 50.113444 ], [ 14.259052, 50.113967 ], [ 14.257162, 50.114564 ], [ 14.256041, 50.113281 ], [ 14.256363, 50.113158 ], [ 14.256078, 50.112539 ], [ 14.254064, 50.111758 ], [ 14.250033, 50.110791 ], [ 14.245112, 50.109977 ], [ 14.242384, 50.111172 ], [ 14.240493, 50.111298 ], [ 14.238807, 50.111799 ], [ 14.238295, 50.111488 ], [ 14.238015, 50.111503 ], [ 14.238155, 50.111439 ], [ 14.237057, 50.110509 ], [ 14.237015, 50.110221 ], [ 14.237611, 50.108796 ], [ 14.238992, 50.108009 ], [ 14.239401, 50.107505 ], [ 14.239324, 50.107282 ], [ 14.237425, 50.106737 ], [ 14.23678, 50.107303 ], [ 14.236415, 50.10736 ], [ 14.23275, 50.106276 ], [ 14.230938, 50.105713 ], [ 14.230759, 50.105234 ], [ 14.230502, 50.105089 ], [ 14.228058, 50.104385 ], [ 14.225467, 50.104002 ], [ 14.224531, 50.10315 ], [ 14.224481, 50.102837 ], [ 14.226107, 50.100589 ], [ 14.226528, 50.100392 ], [ 14.232888, 50.102264 ], [ 14.233553, 50.102213 ], [ 14.236043, 50.101157 ], [ 14.236954, 50.101026 ], [ 14.237723, 50.101231 ], [ 14.238877, 50.102028 ], [ 14.246077, 50.10291 ], [ 14.247176, 50.102783 ], [ 14.246911, 50.103104 ], [ 14.24984, 50.103469 ], [ 14.258346, 50.099384 ], [ 14.254664, 50.098661 ], [ 14.254183, 50.098269 ], [ 14.253997, 50.097781 ], [ 14.25444, 50.097063 ], [ 14.255351, 50.096716 ], [ 14.260266, 50.096607 ], [ 14.261001, 50.096291 ], [ 14.261096, 50.087095 ], [ 14.265152, 50.087288 ], [ 14.268273, 50.085747 ], [ 14.268728, 50.086045 ], [ 14.270961, 50.086137 ], [ 14.272631, 50.087578 ], [ 14.273348, 50.087619 ], [ 14.274478, 50.085781 ], [ 14.274498, 50.084539 ], [ 14.275255, 50.081072 ], [ 14.277496, 50.081112 ], [ 14.28261, 50.081663 ], [ 14.283928, 50.081586 ], [ 14.285335, 50.081209 ], [ 14.285011, 50.078261 ], [ 14.287921, 50.077665 ], [ 14.287931, 50.07721 ], [ 14.289375, 50.077137 ], [ 14.289336, 50.076927 ], [ 14.289874, 50.076912 ], [ 14.289851, 50.077138 ], [ 14.292572, 50.077294 ], [ 14.293294, 50.077562 ], [ 14.293645, 50.077235 ], [ 14.295136, 50.077496 ], [ 14.295792, 50.077314 ], [ 14.29626, 50.076949 ], [ 14.300245, 50.076848 ], [ 14.304245, 50.077142 ], [ 14.31381, 50.075766 ], [ 14.314871, 50.075854 ], [ 14.3149, 50.07601 ], [ 14.318478, 50.075872 ], [ 14.318836, 50.076047 ], [ 14.320029, 50.075772 ], [ 14.31999, 50.076199 ], [ 14.321768, 50.076299 ], [ 14.323884, 50.076144 ], [ 14.325705, 50.076208 ], [ 14.32539, 50.07447 ], [ 14.334354, 50.075397 ], [ 14.334625, 50.074456 ], [ 14.336052, 50.074589 ], [ 14.338531, 50.075127 ], [ 14.338538, 50.075501 ], [ 14.339831, 50.075796 ], [ 14.340409, 50.07526 ], [ 14.341226, 50.075602 ], [ 14.341771, 50.075337 ], [ 14.343586, 50.075753 ], [ 14.34543, 50.075971 ], [ 14.345363, 50.075759 ], [ 14.34568, 50.075596 ], [ 14.347019, 50.075548 ], [ 14.3489, 50.075818 ], [ 14.350273, 50.076562 ], [ 14.354252, 50.077209 ], [ 14.356516, 50.077038 ], [ 14.356826, 50.078142 ], [ 14.359937, 50.078249 ], [ 14.363884, 50.078713 ], [ 14.367035, 50.078945 ], [ 14.367789, 50.078867 ], [ 14.373286, 50.079365 ], [ 14.37402, 50.079217 ], [ 14.372324, 50.078309 ], [ 14.371094, 50.078044 ], [ 14.374119, 50.077867 ], [ 14.374108, 50.077749 ], [ 14.374933, 50.078041 ], [ 14.377154, 50.078076 ], [ 14.378027, 50.078697 ], [ 14.379734, 50.078885 ], [ 14.379689, 50.079377 ], [ 14.387824, 50.078386 ], [ 14.387748, 50.077883 ], [ 14.389463, 50.077819 ], [ 14.392497, 50.078083 ], [ 14.392388, 50.078296 ], [ 14.393766, 50.078785 ], [ 14.395008, 50.078974 ], [ 14.39758, 50.079925 ], [ 14.397064, 50.080646 ], [ 14.397342, 50.08102 ], [ 14.395747, 50.081483 ], [ 14.395491, 50.081113 ], [ 14.394333, 50.080823 ], [ 14.39391, 50.081563 ], [ 14.394136, 50.081939 ], [ 14.392515, 50.082352 ], [ 14.392286, 50.081981 ], [ 14.391052, 50.081767 ], [ 14.390717, 50.08256 ], [ 14.391024, 50.082905 ], [ 14.389534, 50.08341 ], [ 14.389249, 50.08305 ], [ 14.388024, 50.082975 ], [ 14.387864, 50.083797 ], [ 14.388362, 50.084031 ], [ 14.387242, 50.084997 ], [ 14.386749, 50.084749 ], [ 14.384842, 50.085312 ], [ 14.385549, 50.086365 ], [ 14.387267, 50.086769 ], [ 14.388232, 50.08729 ], [ 14.387966, 50.089338 ], [ 14.388781, 50.091025 ], [ 14.389096, 50.092528 ], [ 14.389437, 50.092763 ], [ 14.396852, 50.093586 ], [ 14.398348, 50.093303 ], [ 14.405927, 50.094392 ], [ 14.409156, 50.095028 ], [ 14.407582, 50.097657 ], [ 14.411518, 50.098243 ], [ 14.411262, 50.098731 ], [ 14.412491, 50.099279 ], [ 14.418161, 50.10314 ], [ 14.417766, 50.103364 ], [ 14.417867, 50.10361 ], [ 14.415457, 50.104232 ], [ 14.414925, 50.104165 ], [ 14.414774, 50.103996 ], [ 14.413295, 50.104276 ], [ 14.411545, 50.103909 ], [ 14.411123, 50.104407 ], [ 14.410632, 50.104345 ], [ 14.407471, 50.104643 ], [ 14.405639, 50.106673 ], [ 14.40571, 50.106768 ], [ 14.406292, 50.106541 ], [ 14.406495, 50.106727 ], [ 14.406654, 50.106659 ], [ 14.406565, 50.107609 ], [ 14.405766, 50.108388 ], [ 14.406669, 50.108641 ], [ 14.406602, 50.109168 ], [ 14.407989, 50.109897 ], [ 14.408165, 50.110737 ], [ 14.408366, 50.110789 ], [ 14.408263, 50.111008 ], [ 14.406971, 50.111086 ], [ 14.407007, 50.11127 ], [ 14.405479, 50.111397 ], [ 14.405803, 50.112836 ], [ 14.405482, 50.112996 ], [ 14.405346, 50.113868 ], [ 14.403509, 50.114351 ], [ 14.400619, 50.116134 ], [ 14.397041, 50.119473 ], [ 14.395962, 50.121138 ], [ 14.395828, 50.121975 ], [ 14.394951, 50.121798 ], [ 14.398934, 50.125129 ], [ 14.400782, 50.12714 ], [ 14.400874, 50.129388 ], [ 14.400496, 50.130452 ], [ 14.399561, 50.1312 ], [ 14.394793, 50.133574 ], [ 14.393519, 50.134381 ], [ 14.392494, 50.135483 ], [ 14.392297, 50.136231 ], [ 14.392651, 50.137242 ], [ 14.393783, 50.138276 ] ] ] } },
{ "type": "Feature", "properties": { "id": "500186", "name": "Praha 7", "district_short_name": "Praha 7", "population_est": 2161 }, "geometry": { "type": "Polygon", "coordinates": [ [ [ 14.407503, 50.113453 ], [ 14.405346, 50.113868 ], [ 14.405482, 50.112996 ], [ 14.405803, 50.112836 ], [ 14.405479, 50.111397 ], [ 14.407007, 50.11127 ], [ 14.406971, 50.111086 ], [ 14.408263, 50.111008 ], [ 14.408366, 50.110789 ], [ 14.408165, 50.110737 ], [ 14.407989, 50.109897 ], [ 14.406602, 50.109168 ], [ 14.406669, 50.108641 ], [ 14.405766, 50.108388 ], [ 14.406565, 50.107609 ], [ 14.406534, 50.106861 ], [ 14.406704, 50.10682 ], [ 14.406292, 50.106541 ], [ 14.40571, 50.106768 ], [ 14.405639, 50.106673 ], [ 14.407471, 50.104643 ], [ 14.410632, 50.104345 ], [ 14.411123, 50.104407 ], [ 14.411545, 50.103909 ], [ 14.413295, 50.104276 ], [ 14.414774, 50.103996 ], [ 14.414925, 50.104165 ], [ 14.415457, 50.104232 ], [ 14.417867, 50.10361 ], [ 14.417766, 50.103364 ], [ 14.418161, 50.10314 ], [ 14.412491, 50.099279 ], [ 14.411262, 50.098731 ], [ 14.411518, 50.098243 ], [ 14.407582, 50.097657 ], [ 14.409073, 50.095155 ], [ 14.409417, 50.095127 ], [ 14.409637, 50.095412 ], [ 14.411107, 50.095423 ], [ 14.410942, 50.094492 ], [ 14.41055, 50.094413 ], [ 14.410907, 50.093715 ], [ 14.411299, 50.0938 ], [ 14.412142, 50.093217 ], [ 14.411431, 50.092218 ], [ 14.41351, 50.093167 ], [ 14.414771, 50.093371 ], [ 14.416492, 50.093894 ], [ 14.417045, 50.093047 ], [ 14.418641, 50.093457 ], [ 14.422397, 50.093997 ], [ 14.429273, 50.094501 ], [ 14.431877, 50.094022 ], [ 14.433897, 50.094272 ], [ 14.435557, 50.094213 ], [ 14.441523, 50.0947 ], [ 14.444522, 50.09528 ], [ 14.446728, 50.096155 ], [ 14.44882, 50.096751 ], [ 14.450619, 50.09795 ], [ 14.455244, 50.099481 ], [ 14.457489, 50.100671 ], [ 14.458861, 50.101748 ], [ 14.459883, 50.103131 ], [ 14.46051, 50.104728 ], [ 14.460525, 50.106142 ], [ 14.460149, 50.107595 ], [ 14.458982, 50.109326 ], [ 14.457826, 50.110472 ], [ 14.45626, 50.111568 ], [ 14.453108, 50.11288 ], [ 14.44532, 50.113418 ], [ 14.445378, 50.114863 ], [ 14.441771, 50.115814 ], [ 14.440725, 50.115968 ], [ 14.437633, 50.115785 ], [ 14.437515, 50.115454 ], [ 14.437273, 50.11549 ], [ 14.437452, 50.114067 ], [ 14.438097, 50.11265 ], [ 14.432996, 50.111811 ], [ 14.430512, 50.111662 ], [ 14.426157, 50.112155 ], [ 14.423805, 50.112655 ], [ 14.420633, 50.113819 ], [ 14.418661, 50.11434 ], [ 14.416653, 50.114517 ], [ 14.414198, 50.114272 ], [ 14.411567, 50.113755 ], [ 14.407503, 50.113453 ] ] ] } },
{ "type": "Feature", "properties": { "id": "500208", "name": "Praha 8", "district_short_name": "Praha 8", "population_est": 7949 }, "geometry": { "type": "Polygon", "coordinates": [ [ [ 14.436448, 50.15191 ], [ 14.431016, 50.151419 ], [ 14.429524, 50.1509 ], [ 14.428695, 50.151052 ], [ 14.426113, 50.150894 ], [ 14.42451, 50.150321 ], [ 14.423752, 50.149818 ], [ 14.421888, 50.14975 ], [ 14.42154, 50.149558 ], [ 14.421117, 50.149573 ], [ 14.421112, 50.149382 ], [ 14.419127, 50.149407 ], [ 14.417433, 50.14903 ], [ 14.417167, 50.148572 ], [ 14.416187, 50.148316 ], [ 14.415418, 50.148387 ], [ 14.414574, 50.148141 ], [ 14.412573, 50.148229 ], [ 14.411758, 50.148041 ], [ 14.411387, 50.148106 ], [ 14.410992, 50.147831 ], [ 14.410201, 50.147823 ], [ 14.409154, 50.147578 ], [ 14.407721, 50.147605 ], [ 14.407121, 50.146977 ], [ 14.405014, 50.147153 ], [ 14.403333, 50.147592 ], [ 14.402413, 50.147543 ], [ 14.399974, 50.147906 ], [ 14.399965, 50.147057 ], [ 14.399148, 50.143374 ], [ 14.398092, 50.143448 ], [ 14.396793, 50.140796 ], [ 14.395556, 50.139573 ], [ 14.392651, 50.137242 ], [ 14.392297, 50.136231 ], [ 14.392494, 50.135483 ], [ 14.393519, 50.134381 ], [ 14.394793, 50.133574 ], [ 14.399561, 50.1312 ], [ 14.400496, 50.130452 ], [ 14.400874, 50.129388 ], [ 14.402047, 50.129556 ], [ 14.403203, 50.130231 ], [ 14.404306, 50.129849 ], [ 14.404716, 50.129987 ], [ 14.405113, 50.129915 ], [ 14.405189, 50.130154 ], [ 14.405401, 50.130197 ], [ 14.405726, 50.130081 ], [ 14.406419, 50.130226 ], [ 14.406598, 50.129335 ], [ 14.406143, 50.129284 ], [ 14.406029, 50.129083 ], [ 14.406869, 50.128024 ], [ 14.406873, 50.127067 ], [ 14.407109, 50.126902 ], [ 14.408169, 50.126957 ], [ 14.408526, 50.125935 ], [ 14.408912, 50.125656 ], [ 14.412098, 50.124713 ], [ 14.412703, 50.124866 ], [ 14.413119, 50.125276 ], [ 14.413417, 50.125099 ], [ 14.413939, 50.125293 ], [ 14.413976, 50.125006 ], [ 14.416124, 50.125205 ], [ 14.415351, 50.1245 ], [ 14.419499, 50.124272 ], [ 14.421206, 50.124317 ], [ 14.423649, 50.12378 ], [ 14.42395, 50.123567 ], [ 14.425117, 50.121634 ], [ 14.423796, 50.120389 ], [ 14.426846, 50.120806 ], [ 14.434088, 50.123348 ], [ 14.434617, 50.122302 ], [ 14.434674, 50.121735 ], [ 14.433837, 50.120881 ], [ 14.433341, 50.120039 ], [ 14.4341, 50.119025 ], [ 14.434575, 50.118737 ], [ 14.433369, 50.117674 ], [ 14.433324, 50.116759 ], [ 14.433586, 50.116155 ], [ 14.437515, 50.115454 ], [ 14.437633, 50.115785 ], [ 14.440725, 50.115968 ], [ 14.441771, 50.115814 ], [ 14.445378, 50.114863 ], [ 14.44532, 50.113418 ], [ 14.453108, 50.11288 ], [ 14.45626, 50.111568 ], [ 14.457826, 50.110472 ], [ 14.458982, 50.109326 ], [ 14.460149, 50.107595 ], [ 14.460525, 50.106142 ], [ 14.46051, 50.104728 ], [ 14.459883, 50.103131 ], [ 14.458861, 50.101748 ], [ 14.457489, 50.100671 ], [ 14.455244, 50.099481 ], [ 14.450619, 50.09795 ], [ 14.44882, 50.096751 ], [ 14.446728, 50.096155 ], [ 14.444522, 50.09528 ], [ 14.441523, 50.0947 ], [ 14.436614, 50.094295 ], [ 14.436866, 50.092324 ], [ 14.436397, 50.09135 ], [ 14.437372, 50.089886 ], [ 14.437338, 50.089367 ], [ 14.437935, 50.089497 ], [ 14.437977, 50.088111 ], [ 14.437457, 50.086504 ], [ 14.438057, 50.086305 ], [ 14.438351, 50.086673 ], [ 14.439685, 50.087138 ], [ 14.441844, 50.087441 ], [ 14.443235, 50.087412 ], [ 14.443253, 50.088829 ], [ 14.448392, 50.089883 ], [ 14.44855, 50.089589 ], [ 14.44936, 50.08967 ], [ 14.452304, 50.090361 ], [ 14.452553, 50.09028 ], [ 14.455373, 50.090849 ], [ 14.455325, 50.090957 ], [ 14.458007, 50.091547 ], [ 14.465813, 50.092684 ], [ 14.467743, 50.093345 ], [ 14.469108, 50.093021 ], [ 14.469722, 50.093116 ], [ 14.472144, 50.094115 ], [ 14.475934, 50.096582 ], [ 14.476221, 50.096429 ], [ 14.480284, 50.098794 ], [ 14.481142, 50.099774 ], [ 14.481289, 50.100303 ], [ 14.481976, 50.101217 ], [ 14.482686, 50.101722 ], [ 14.483675, 50.102134 ], [ 14.481712, 50.101643 ], [ 14.480788, 50.101246 ], [ 14.480956, 50.101793 ], [ 14.48087, 50.103385 ], [ 14.480516, 50.103669 ], [ 14.480512, 50.103993 ], [ 14.480808, 50.104104 ], [ 14.480832, 50.104296 ], [ 14.480465, 50.107444 ], [ 14.481152, 50.108692 ], [ 14.481654, 50.108782 ], [ 14.482274, 50.109672 ], [ 14.485463, 50.110903 ], [ 14.4892, 50.111913 ], [ 14.492242, 50.112116 ], [ 14.492228, 50.112347 ], [ 14.491734, 50.112258 ], [ 14.491542, 50.112929 ], [ 14.4905, 50.113081 ], [ 14.489825, 50.113692 ], [ 14.488919, 50.113836 ], [ 14.488513, 50.114053 ], [ 14.488841, 50.115022 ], [ 14.489731, 50.115283 ], [ 14.489329, 50.115998 ], [ 14.488687, 50.116334 ], [ 14.482674, 50.117889 ], [ 14.481709, 50.117633 ], [ 14.475776, 50.117331 ], [ 14.475783, 50.11793 ], [ 14.476618, 50.117935 ], [ 14.476518, 50.119027 ], [ 14.476189, 50.119188 ], [ 14.478177, 50.119859 ], [ 14.479189, 50.120455 ], [ 14.480189, 50.120708 ], [ 14.480115, 50.121078 ], [ 14.480465, 50.121695 ], [ 14.480788, 50.12147 ], [ 14.483461, 50.122713 ], [ 14.483276, 50.123004 ], [ 14.485076, 50.12461 ], [ 14.484644, 50.125052 ], [ 14.484256, 50.124872 ], [ 14.483953, 50.124946 ], [ 14.483786, 50.125173 ], [ 14.484002, 50.125258 ], [ 14.48365, 50.125146 ], [ 14.483538, 50.125316 ], [ 14.482622, 50.125241 ], [ 14.482333, 50.125627 ], [ 14.482327, 50.126076 ], [ 14.488609, 50.130741 ], [ 14.491815, 50.131146 ], [ 14.495557, 50.131376 ], [ 14.495564, 50.131673 ], [ 14.494639, 50.136089 ], [ 14.488726, 50.13535 ], [ 14.487879, 50.137694 ], [ 14.487403, 50.138204 ], [ 14.484168, 50.138053 ], [ 14.480331, 50.138086 ], [ 14.478892, 50.138362 ], [ 14.478572, 50.138229 ], [ 14.479213, 50.138743 ], [ 14.47979, 50.139695 ], [ 14.477657, 50.139835 ], [ 14.477554, 50.139632 ], [ 14.476751, 50.14029 ], [ 14.475501, 50.139671 ], [ 14.47323, 50.138181 ], [ 14.474222, 50.137026 ], [ 14.468296, 50.134879 ], [ 14.46136, 50.132729 ], [ 14.459554, 50.134039 ], [ 14.456427, 50.137023 ], [ 14.453502, 50.136115 ], [ 14.452634, 50.135709 ], [ 14.452686, 50.135523 ], [ 14.452309, 50.135416 ], [ 14.452339, 50.135302 ], [ 14.449753, 50.135345 ], [ 14.448739, 50.136809 ], [ 14.446528, 50.136361 ], [ 14.445467, 50.137889 ], [ 14.444739, 50.13947 ], [ 14.440974, 50.139136 ], [ 14.43738, 50.14056 ], [ 14.435983, 50.142589 ], [ 14.43891, 50.143896 ], [ 14.438737, 50.145018 ], [ 14.43825, 50.144989 ], [ 14.438195, 50.145336 ], [ 14.433592, 50.145028 ], [ 14.433514, 50.145115 ], [ 14.433778, 50.146142 ], [ 14.435597, 50.148692 ], [ 14.435465, 50.150222 ], [ 14.435776, 50.150948 ], [ 14.435608, 50.15097 ], [ 14.436218, 50.151517 ], [ 14.436762, 50.151489 ], [ 14.436448, 50.15191 ] ] ] } },
{ "type": "Feature", "properties": { "id": "500216", "name": "Praha 9", "district_short_name": "Praha 9", "population_est": 3587 }, "geometry": { "type": "Polygon", "coordinates": [ [ [ 14.497872, 50.131309 ], [ 14.491815, 50.131146 ], [ 14.488609, 50.130741 ], [ 14.482327, 50.126076 ], [ 14.482333, 50.125627 ], [ 14.482622, 50.125241 ], [ 14.483538, 50.125316 ], [ 14.48365, 50.125146 ], [ 14.484002, 50.125258 ], [ 14.483786, 50.125173 ], [ 14.483953, 50.124946 ], [ 14.484256, 50.124872 ], [ 14.484644, 50.125052 ], [ 14.485076, 50.12461 ], [ 14.483276, 50.123004 ], [ 14.483461, 50.122713 ], [ 14.480788, 50.12147 ], [ 14.480465, 50.121695 ], [ 14.480115, 50.121078 ], [ 14.480189, 50.120708 ], [ 14.479189, 50.120455 ], [ 14.478177, 50.119859 ], [ 14.476189, 50.119188 ], [ 14.476518, 50.119027 ], [ 14.476618, 50.117935 ], [ 14.475783, 50.11793 ], [ 14.475776, 50.117331 ], [ 14.481709, 50.117633 ], [ 14.482674, 50.117889 ], [ 14.488687, 50.116334 ], [ 14.489329, 50.115998 ], [ 14.489731, 50.115283 ], [ 14.488841, 50.115022 ], [ 14.488513, 50.114053 ], [ 14.488919, 50.113836 ], [ 14.489825, 50.113692 ], [ 14.4905, 50.113081 ], [ 14.491542, 50.112929 ], [ 14.491734, 50.112258 ], [ 14.492228, 50.112347 ], [ 14.492242, 50.112116 ], [ 14.4892, 50.111913 ], [ 14.485463, 50.110903 ], [ 14.482274, 50.109672 ], [ 14.481654, 50.108782 ], [ 14.481152, 50.108692 ], [ 14.480465, 50.107444 ], [ 14.480832, 50.104296 ], [ 14.480808, 50.104104 ], [ 14.480512, 50.103993 ], [ 14.480516, 50.103669 ], [ 14.48087, 50.103385 ], [ 14.480956, 50.101793 ], [ 14.480788, 50.101246 ], [ 14.481712, 50.101643 ], [ 14.483675, 50.102134 ], [ 14.482686, 50.101722 ], [ 14.481976, 50.101217 ], [ 14.480681, 50.099185 ], [ 14.479809, 50.098438 ], [ 14.478485, 50.097706 ], [ 14.479159, 50.096571 ], [ 14.482099, 50.097346 ], [ 14.482228, 50.097152 ], [ 14.491489, 50.098729 ], [ 14.49147, 50.098628 ], [ 14.492195, 50.098531 ], [ 14.492968, 50.098187 ], [ 14.493883, 50.098888 ], [ 14.495731, 50.096954 ], [ 14.496268, 50.09445 ], [ 14.496857, 50.09346 ], [ 14.498289, 50.091774 ], [ 14.500982, 50.090879 ], [ 14.502326, 50.090635 ], [ 14.501422, 50.090345 ], [ 14.501635, 50.090005 ], [ 14.505537, 50.089358 ], [ 14.512885, 50.088603 ], [ 14.513311, 50.088734 ], [ 14.516288, 50.087454 ], [ 14.517359, 50.087103 ], [ 14.518318, 50.087006 ], [ 14.518392, 50.086504 ], [ 14.520667, 50.087211 ], [ 14.520628, 50.087381 ], [ 14.524474, 50.088191 ], [ 14.532999, 50.090537 ], [ 14.532658, 50.09149 ], [ 14.533308, 50.091619 ], [ 14.530914, 50.094276 ], [ 14.530392, 50.095495 ], [ 14.530225, 50.096778 ], [ 14.530931, 50.099121 ], [ 14.53292, 50.101213 ], [ 14.533089, 50.102307 ], [ 14.531483, 50.104093 ], [ 14.531233, 50.104907 ], [ 14.529412, 50.104485 ], [ 14.529029, 50.106285 ], [ 14.529454, 50.10618 ], [ 14.530063, 50.106351 ], [ 14.531451, 50.106364 ], [ 14.531575, 50.107957 ], [ 14.531082, 50.110552 ], [ 14.531407, 50.11173 ], [ 14.530728, 50.112461 ], [ 14.528177, 50.113471 ], [ 14.528514, 50.113607 ], [ 14.529088, 50.114629 ], [ 14.529531, 50.115001 ], [ 14.529634, 50.115958 ], [ 14.530724, 50.115939 ], [ 14.531122, 50.117372 ], [ 14.526477, 50.117924 ], [ 14.52659, 50.118798 ], [ 14.527571, 50.121346 ], [ 14.525208, 50.121616 ], [ 14.525446, 50.122973 ], [ 14.523826, 50.123032 ], [ 14.523647, 50.124374 ], [ 14.524418, 50.124778 ], [ 14.524553, 50.125969 ], [ 14.521771, 50.126176 ], [ 14.520845, 50.124575 ], [ 14.520303, 50.124746 ], [ 14.518379, 50.123212 ], [ 14.518778, 50.122956 ], [ 14.518427, 50.1228 ], [ 14.516601, 50.123671 ], [ 14.514235, 50.124304 ], [ 14.513896, 50.124156 ], [ 14.510425, 50.125442 ], [ 14.50995, 50.125581 ], [ 14.509731, 50.12544 ], [ 14.508411, 50.125856 ], [ 14.506694, 50.126582 ], [ 14.50741, 50.127067 ], [ 14.500633, 50.126576 ], [ 14.500656, 50.126696 ], [ 14.501118, 50.126632 ], [ 14.50127, 50.126751 ], [ 14.500311, 50.127525 ], [ 14.499248, 50.12803 ], [ 14.498941, 50.128142 ], [ 14.498841, 50.1276 ], [ 14.498515, 50.127735 ], [ 14.49844, 50.127478 ], [ 14.497872, 50.131309 ] ] ] } },
{ "type": "Feature", "properties": { "id": "538078", "name": "Praha-Benice", "district_short_name": "Benice", "population_est": 316 }, "geometry": { "type": "Polygon", "coordinates": [ [ [ 14.596296, 50.024131 ], [ 14.592774, 50.026129 ], [ 14.59004, 50.024092 ], [ 14.59167, 50.023125 ], [ 14.591842, 50.023271 ], [ 14.592589, 50.022909 ], [ 14.59112, 50.021455 ], [ 14.593336, 50.020972 ], [ 14.593462, 50.021236 ], [ 14.59419, 50.021125 ], [ 14.594312, 50.021046 ], [ 14.594021, 50.020679 ], [ 14.594533, 50.020375 ], [ 14.595055, 50.020116 ], [ 14.596009, 50.020495 ], [ 14.596362, 50.020234 ], [ 14.596086, 50.019711 ], [ 14.597309, 50.019562 ], [ 14.59709, 50.019073 ], [ 14.59622, 50.019475 ], [ 14.595866, 50.019207 ], [ 14.596014, 50.018884 ], [ 14.596458, 50.018799 ], [ 14.596633, 50.018288 ], [ 14.595881, 50.01778 ], [ 14.594897, 50.01907 ], [ 14.593556, 50.019026 ], [ 14.593135, 50.018908 ], [ 14.594032, 50.017804 ], [ 14.59255, 50.017483 ], [ 14.592461, 50.017286 ], [ 14.590109, 50.016764 ], [ 14.590787, 50.01518 ], [ 14.59346, 50.015828 ], [ 14.593603, 50.015644 ], [ 14.593922, 50.015709 ], [ 14.5949, 50.014647 ], [ 14.590818, 50.013609 ], [ 14.591661, 50.012391 ], [ 14.588919, 50.011795 ], [ 14.589159, 50.010277 ], [ 14.587868, 50.010026 ], [ 14.588428, 50.009168 ], [ 14.589164, 50.008657 ], [ 14.591752, 50.009739 ], [ 14.592879, 50.009374 ], [ 14.593854, 50.009668 ], [ 14.59441, 50.010051 ], [ 14.594965, 50.009348 ], [ 14.594627, 50.008104 ], [ 14.594973, 50.007143 ], [ 14.5957, 50.007378 ], [ 14.596642, 50.008078 ], [ 14.602265, 50.009431 ], [ 14.602346, 50.007928 ], [ 14.602946, 50.006293 ], [ 14.603902, 50.001926 ], [ 14.605633, 50.002515 ], [ 14.607832, 50.002937 ], [ 14.607951, 50.00239 ], [ 14.609244, 50.001832 ], [ 14.609883, 50.002154 ], [ 14.609033, 50.002918 ], [ 14.612297, 50.003222 ], [ 14.613868, 50.003908 ], [ 14.61358, 50.005167 ], [ 14.613623, 50.006508 ], [ 14.613274, 50.007616 ], [ 14.614065, 50.007597 ], [ 14.614159, 50.00967 ], [ 14.614781, 50.009627 ], [ 14.616293, 50.010594 ], [ 14.615116, 50.011307 ], [ 14.616274, 50.012244 ], [ 14.615599, 50.01269 ], [ 14.615987, 50.013102 ], [ 14.613465, 50.014198 ], [ 14.614382, 50.015297 ], [ 14.614259, 50.015502 ], [ 14.613021, 50.015644 ], [ 14.611617, 50.016171 ], [ 14.611635, 50.016447 ], [ 14.612212, 50.016745 ], [ 14.611883, 50.01699 ], [ 14.611613, 50.018162 ], [ 14.611055, 50.018638 ], [ 14.611684, 50.018883 ], [ 14.610769, 50.019032 ], [ 14.610381, 50.019349 ], [ 14.610181, 50.019168 ], [ 14.608938, 50.019511 ], [ 14.608644, 50.01972 ], [ 14.608735, 50.020292 ], [ 14.609654, 50.02083 ], [ 14.608672, 50.021199 ], [ 14.608218, 50.020349 ], [ 14.60419, 50.020585 ], [ 14.602739, 50.020987 ], [ 14.601617, 50.021626 ], [ 14.600367, 50.020981 ], [ 14.596296, 50.024131 ] ] ] } },
{ "type": "Feature", "properties": { "id": "538060", "name": "Praha-Běchovice", "district_short_name": "Běchovice", "population_est": 622 }, "geometry": { "type": "Polygon", "coordinates": [ [ [ 14.625965, 50.095187 ], [ 14.624435, 50.095636 ], [ 14.623307, 50.093646 ], [ 14.622559, 50.093518 ], [ 14.620538, 50.093584 ], [ 14.619012, 50.093469 ], [ 14.618867, 50.093304 ], [ 14.614334, 50.09323 ], [ 14.61085, 50.092931 ], [ 14.609737, 50.092649 ], [ 14.60653, 50.092548 ], [ 14.604108, 50.092174 ], [ 14.603922, 50.089195 ], [ 14.604651, 50.08916 ], [ 14.604693, 50.087999 ], [ 14.605135, 50.086768 ], [ 14.602332, 50.086306 ], [ 14.60135, 50.085942 ], [ 14.601251, 50.083993 ], [ 14.601584, 50.083811 ], [ 14.601578, 50.083439 ], [ 14.595857, 50.082696 ], [ 14.595592, 50.08234 ], [ 14.594038, 50.081566 ], [ 14.593059, 50.081481 ], [ 14.590788, 50.08165 ], [ 14.585503, 50.082492 ], [ 14.589023, 50.077568 ], [ 14.589495, 50.076118 ], [ 14.590659, 50.074808 ], [ 14.592093, 50.07157 ], [ 14.596148, 50.072579 ], [ 14.596789, 50.074035 ], [ 14.597744, 50.074941 ], [ 14.602703, 50.07547 ], [ 14.605694, 50.076224 ], [ 14.606613, 50.077016 ], [ 14.60762, 50.077213 ], [ 14.608258, 50.075875 ], [ 14.609203, 50.074807 ], [ 14.609806, 50.073733 ], [ 14.609679, 50.073148 ], [ 14.611273, 50.073404 ], [ 14.611641, 50.07304 ], [ 14.612203, 50.071337 ], [ 14.611341, 50.070778 ], [ 14.61152, 50.070273 ], [ 14.612348, 50.069393 ], [ 14.612779, 50.068021 ], [ 14.613885, 50.067581 ], [ 14.613304, 50.06735 ], [ 14.613659, 50.066764 ], [ 14.617691, 50.067885 ], [ 14.617423, 50.068361 ], [ 14.624359, 50.07042 ], [ 14.62333, 50.07155 ], [ 14.623022, 50.072223 ], [ 14.623873, 50.072579 ], [ 14.622899, 50.073923 ], [ 14.6219, 50.074429 ], [ 14.622681, 50.074782 ], [ 14.624325, 50.074083 ], [ 14.625244, 50.074588 ], [ 14.62612, 50.07357 ], [ 14.625793, 50.073419 ], [ 14.626358, 50.072753 ], [ 14.625562, 50.07246 ], [ 14.62589, 50.072354 ], [ 14.62641, 50.071732 ], [ 14.629069, 50.072633 ], [ 14.631455, 50.070402 ], [ 14.636493, 50.072185 ], [ 14.636556, 50.072652 ], [ 14.638132, 50.072506 ], [ 14.639156, 50.07224 ], [ 14.639767, 50.073083 ], [ 14.641073, 50.072675 ], [ 14.641429, 50.073027 ], [ 14.641848, 50.074025 ], [ 14.641256, 50.075185 ], [ 14.641401, 50.07605 ], [ 14.641164, 50.079126 ], [ 14.640712, 50.079323 ], [ 14.63499, 50.080018 ], [ 14.634926, 50.081101 ], [ 14.634463, 50.082554 ], [ 14.636907, 50.083889 ], [ 14.636829, 50.084072 ], [ 14.637462, 50.084178 ], [ 14.637042, 50.084474 ], [ 14.636116, 50.086048 ], [ 14.635489, 50.086719 ], [ 14.635569, 50.087396 ], [ 14.634904, 50.089005 ], [ 14.635399, 50.089206 ], [ 14.634646, 50.091164 ], [ 14.633418, 50.090969 ], [ 14.632918, 50.09213 ], [ 14.632338, 50.092069 ], [ 14.630429, 50.093004 ], [ 14.628064, 50.093776 ], [ 14.625915, 50.094803 ], [ 14.625965, 50.095187 ] ] ] } },
{ "type": "Feature", "properties": { "id": "538124", "name": "Praha-Březiněves", "district_short_name": "Březiněves", "population_est": 657 }, "geometry": { "type": "Polygon", "coordinates": [ [ [ 14.487397, 50.172261 ], [ 14.479523, 50.172294 ], [ 14.479999, 50.171835 ], [ 14.480151, 50.169878 ], [ 14.478123, 50.169752 ], [ 14.469043, 50.169807 ], [ 14.466914, 50.169543 ], [ 14.467009, 50.167818 ], [ 14.46677, 50.165426 ], [ 14.464451, 50.165117 ], [ 14.463845, 50.164878 ], [ 14.46372, 50.161228 ], [ 14.464124, 50.159923 ], [ 14.460438, 50.158993 ], [ 14.461014, 50.154589 ], [ 14.466975, 50.15461 ], [ 14.46701, 50.153506 ], [ 14.468846, 50.153496 ], [ 14.469538, 50.156725 ], [ 14.469624, 50.158087 ], [ 14.470003, 50.158085 ], [ 14.469608, 50.160565 ], [ 14.4791, 50.161437 ], [ 14.488929, 50.161549 ], [ 14.489077, 50.163929 ], [ 14.495748, 50.162013 ], [ 14.499473, 50.164363 ], [ 14.505287, 50.163793 ], [ 14.507067, 50.17141 ], [ 14.492188, 50.17235 ], [ 14.487397, 50.172261 ] ] ] } },
{ "type": "Feature", "properties": { "id": "547301", "name": "Praha-Dolní Chabry", "district_short_name": "Dolní Chabry", "population_est": 1313 }, "geometry": { "type": "Polygon", "coordinates": [ [ [ 14.436026, 50.159089 ], [ 14.428138, 50.157667 ], [ 14.429183, 50.154005 ], [ 14.428964, 50.153972 ], [ 14.428978, 50.153511 ], [ 14.427633, 50.153318 ], [ 14.427677, 50.153146 ], [ 14.426222, 50.153042 ], [ 14.426143, 50.153148 ], [ 14.423132, 50.152795 ], [ 14.42005, 50.15299 ], [ 14.420692, 50.150333 ], [ 14.422503, 50.149833 ], [ 14.423752, 50.149818 ], [ 14.42451, 50.150321 ], [ 14.426113, 50.150894 ], [ 14.428695, 50.151052 ], [ 14.429524, 50.1509 ], [ 14.431016, 50.151419 ], [ 14.436448, 50.15191 ], [ 14.436762, 50.151489 ], [ 14.436218, 50.151517 ], [ 14.435608, 50.15097 ], [ 14.435776, 50.150948 ], [ 14.435465, 50.150222 ], [ 14.435597, 50.148692 ], [ 14.433778, 50.146142 ], [ 14.433514, 50.145115 ], [ 14.433592, 50.145028 ], [ 14.438195, 50.145336 ], [ 14.43825, 50.144989 ], [ 14.438737, 50.145018 ], [ 14.43891, 50.143896 ], [ 14.435983, 50.142589 ], [ 14.43738, 50.14056 ], [ 14.440974, 50.139136 ], [ 14.444739, 50.13947 ], [ 14.445467, 50.137889 ], [ 14.446528, 50.136361 ], [ 14.448739, 50.136809 ], [ 14.449753, 50.135345 ], [ 14.452339, 50.135302 ], [ 14.452309, 50.135416 ], [ 14.452686, 50.135523 ], [ 14.452634, 50.135709 ], [ 14.453502, 50.136115 ], [ 14.456427, 50.137023 ], [ 14.455995, 50.140884 ], [ 14.457844, 50.141659 ], [ 14.461472, 50.142733 ], [ 14.465363, 50.143745 ], [ 14.466251, 50.144108 ], [ 14.467864, 50.144315 ], [ 14.467034, 50.149687 ], [ 14.466975, 50.15461 ], [ 14.461014, 50.154589 ], [ 14.460438, 50.158993 ], [ 14.452146, 50.158367 ], [ 14.451866, 50.157831 ], [ 14.436685, 50.157507 ], [ 14.436026, 50.159089 ] ] ] } },
{ "type": "Feature", "properties": { "id": "547379", "name": "Praha-Dolní Měcholupy", "district_short_name": "Dolní Měcholupy", "population_est": 707 }, "geometry": { "type": "Polygon", "coordinates": [ [ [ 14.559492, 50.071257 ], [ 14.557982, 50.070528 ], [ 14.558599, 50.069096 ], [ 14.557042, 50.068554 ], [ 14.547804, 50.066937 ], [ 14.547264, 50.066963 ], [ 14.539897, 50.065128 ], [ 14.540049, 50.063657 ], [ 14.540958, 50.063121 ], [ 14.541479, 50.06253 ], [ 14.540924, 50.062528 ], [ 14.540965, 50.061947 ], [ 14.541327, 50.061869 ], [ 14.542462, 50.059039 ], [ 14.545331, 50.059178 ], [ 14.545962, 50.057968 ], [ 14.546331, 50.057634 ], [ 14.547438, 50.057975 ], [ 14.548148, 50.056864 ], [ 14.550456, 50.057233 ], [ 14.550676, 50.056804 ], [ 14.549404, 50.056592 ], [ 14.549802, 50.055927 ], [ 14.549164, 50.055774 ], [ 14.54865, 50.056435 ], [ 14.547667, 50.056095 ], [ 14.5471, 50.056527 ], [ 14.546861, 50.056494 ], [ 14.547525, 50.055446 ], [ 14.546933, 50.055085 ], [ 14.54591, 50.054943 ], [ 14.546246, 50.054401 ], [ 14.544861, 50.054136 ], [ 14.545142, 50.053509 ], [ 14.547263, 50.053986 ], [ 14.548351, 50.054492 ], [ 14.548846, 50.054161 ], [ 14.549798, 50.05449 ], [ 14.550873, 50.054468 ], [ 14.552013, 50.053268 ], [ 14.552833, 50.051819 ], [ 14.556327, 50.052107 ], [ 14.556189, 50.051459 ], [ 14.557118, 50.049846 ], [ 14.560838, 50.050471 ], [ 14.560526, 50.051068 ], [ 14.56071, 50.051286 ], [ 14.562903, 50.05169 ], [ 14.562855, 50.051881 ], [ 14.563201, 50.0519 ], [ 14.563633, 50.050822 ], [ 14.566735, 50.05151 ], [ 14.567566, 50.05054 ], [ 14.570977, 50.047455 ], [ 14.570339, 50.047038 ], [ 14.568504, 50.046297 ], [ 14.568791, 50.045795 ], [ 14.575565, 50.041934 ], [ 14.576835, 50.042573 ], [ 14.575763, 50.043493 ], [ 14.579028, 50.045999 ], [ 14.580789, 50.047785 ], [ 14.58062, 50.047991 ], [ 14.580922, 50.048196 ], [ 14.580073, 50.048811 ], [ 14.580114, 50.049315 ], [ 14.57951, 50.049921 ], [ 14.575911, 50.051008 ], [ 14.575447, 50.051758 ], [ 14.57622, 50.05285 ], [ 14.577599, 50.053325 ], [ 14.577415, 50.053854 ], [ 14.576563, 50.054185 ], [ 14.577132, 50.054353 ], [ 14.577842, 50.055544 ], [ 14.577512, 50.056061 ], [ 14.575811, 50.056652 ], [ 14.575839, 50.057709 ], [ 14.577812, 50.058019 ], [ 14.578227, 50.057293 ], [ 14.578904, 50.057223 ], [ 14.57821, 50.060693 ], [ 14.577213, 50.060639 ], [ 14.576866, 50.061787 ], [ 14.573453, 50.060995 ], [ 14.571592, 50.060946 ], [ 14.571152, 50.062656 ], [ 14.570395, 50.063952 ], [ 14.570168, 50.064825 ], [ 14.568755, 50.067181 ], [ 14.567657, 50.0697 ], [ 14.568078, 50.071062 ], [ 14.564998, 50.070664 ], [ 14.562733, 50.07069 ], [ 14.559492, 50.071257 ] ] ] } },
{ "type": "Feature", "properties": { "id": "538175", "name": "Praha-Dolní Počernice", "district_short_name": "Dolní Počernice", "population_est": 979 }, "geometry": { "type": "Polygon", "coordinates": [ [ [ 14.576757, 50.101015 ], [ 14.57297, 50.100727 ], [ 14.57445, 50.098571 ], [ 14.572839, 50.098092 ], [ 14.574344, 50.095858 ], [ 14.573019, 50.095461 ], [ 14.573262, 50.094623 ], [ 14.572228, 50.094268 ], [ 14.570575, 50.093414 ], [ 14.569632, 50.093381 ], [ 14.571893, 50.092171 ], [ 14.572595, 50.091526 ], [ 14.571576, 50.09064 ], [ 14.572407, 50.09021 ], [ 14.572715, 50.090305 ], [ 14.570795, 50.088932 ], [ 14.570414, 50.088972 ], [ 14.570216, 50.088826 ], [ 14.57002, 50.088919 ], [ 14.56933, 50.088498 ], [ 14.566956, 50.089659 ], [ 14.566503, 50.089197 ], [ 14.566701, 50.088776 ], [ 14.566086, 50.088635 ], [ 14.565318, 50.087575 ], [ 14.564777, 50.087617 ], [ 14.564024, 50.08224 ], [ 14.56507, 50.080309 ], [ 14.564691, 50.079392 ], [ 14.564892, 50.079128 ], [ 14.56504, 50.076398 ], [ 14.56425, 50.075961 ], [ 14.564688, 50.076062 ], [ 14.56554, 50.073983 ], [ 14.571888, 50.075427 ], [ 14.577249, 50.075975 ], [ 14.576782, 50.08052 ], [ 14.578338, 50.080756 ], [ 14.584389, 50.08082 ], [ 14.585536, 50.081086 ], [ 14.585367, 50.082527 ], [ 14.590788, 50.08165 ], [ 14.593059, 50.081481 ], [ 14.594038, 50.081566 ], [ 14.595592, 50.08234 ], [ 14.595857, 50.082696 ], [ 14.601578, 50.083439 ], [ 14.601584, 50.083811 ], [ 14.601251, 50.083993 ], [ 14.60135, 50.085942 ], [ 14.602332, 50.086306 ], [ 14.605135, 50.086768 ], [ 14.604693, 50.087999 ], [ 14.604651, 50.08916 ], [ 14.603922, 50.089195 ], [ 14.604108, 50.092174 ], [ 14.60653, 50.092548 ], [ 14.609737, 50.092649 ], [ 14.61085, 50.092931 ], [ 14.614334, 50.09323 ], [ 14.618867, 50.093304 ], [ 14.619012, 50.093469 ], [ 14.620538, 50.093584 ], [ 14.622559, 50.093518 ], [ 14.623307, 50.093646 ], [ 14.624402, 50.095583 ], [ 14.62229, 50.096131 ], [ 14.620642, 50.097484 ], [ 14.618741, 50.098479 ], [ 14.617433, 50.098454 ], [ 14.61487, 50.098001 ], [ 14.611149, 50.097653 ], [ 14.606716, 50.096839 ], [ 14.600766, 50.096602 ], [ 14.596445, 50.096149 ], [ 14.59382, 50.094964 ], [ 14.592361, 50.094575 ], [ 14.5892, 50.099286 ], [ 14.582238, 50.097342 ], [ 14.579393, 50.101055 ], [ 14.576757, 50.101015 ] ] ] } },
{ "type": "Feature", "properties": { "id": "538205", "name": "Praha-Dubeč", "district_short_name": "Dubeč", "population_est": 1094 }, "geometry": { "type": "Polygon", "coordinates": [ [ [ 14.585424, 50.082513 ], [ 14.585667, 50.081128 ], [ 14.584389, 50.08082 ], [ 14.578338, 50.080756 ], [ 14.576782, 50.08052 ], [ 14.577249, 50.075975 ], [ 14.571888, 50.075427 ], [ 14.56696, 50.074299 ], [ 14.568078, 50.071062 ], [ 14.567657, 50.0697 ], [ 14.568755, 50.067181 ], [ 14.570168, 50.064825 ], [ 14.570395, 50.063952 ], [ 14.571152, 50.062656 ], [ 14.571592, 50.060946 ], [ 14.573453, 50.060995 ], [ 14.576866, 50.061787 ], [ 14.577213, 50.060639 ], [ 14.57821, 50.060693 ], [ 14.578904, 50.057223 ], [ 14.578227, 50.057293 ], [ 14.577812, 50.058019 ], [ 14.575839, 50.057709 ], [ 14.575811, 50.056652 ], [ 14.577512, 50.056061 ], [ 14.577842, 50.055544 ], [ 14.577132, 50.054353 ], [ 14.576563, 50.054185 ], [ 14.577415, 50.053854 ], [ 14.577599, 50.053325 ], [ 14.57622, 50.05285 ], [ 14.575482, 50.051878 ], [ 14.575577, 50.051521 ], [ 14.575911, 50.051008 ], [ 14.57951, 50.049921 ], [ 14.580187, 50.049082 ], [ 14.581925, 50.049334 ], [ 14.582111, 50.049116 ], [ 14.583336, 50.048774 ], [ 14.583727, 50.04837 ], [ 14.58434, 50.046995 ], [ 14.584959, 50.04719 ], [ 14.586387, 50.048229 ], [ 14.587196, 50.048407 ], [ 14.590814, 50.048626 ], [ 14.592734, 50.048937 ], [ 14.593078, 50.048641 ], [ 14.594485, 50.048902 ], [ 14.59555, 50.048783 ], [ 14.596265, 50.04848 ], [ 14.596438, 50.048984 ], [ 14.596119, 50.04949 ], [ 14.596696, 50.050439 ], [ 14.596485, 50.05154 ], [ 14.595943, 50.052093 ], [ 14.595742, 50.05357 ], [ 14.598974, 50.054032 ], [ 14.599767, 50.053091 ], [ 14.601737, 50.053406 ], [ 14.602602, 50.053316 ], [ 14.603116, 50.053599 ], [ 14.602111, 50.055211 ], [ 14.608188, 50.056136 ], [ 14.611785, 50.056402 ], [ 14.615713, 50.055656 ], [ 14.61573, 50.05754 ], [ 14.617254, 50.057192 ], [ 14.621229, 50.056842 ], [ 14.620784, 50.061157 ], [ 14.619905, 50.062881 ], [ 14.622062, 50.062909 ], [ 14.622513, 50.064329 ], [ 14.622301, 50.064367 ], [ 14.622204, 50.064631 ], [ 14.621534, 50.064767 ], [ 14.620076, 50.064884 ], [ 14.619077, 50.064762 ], [ 14.618007, 50.066024 ], [ 14.617691, 50.067885 ], [ 14.613659, 50.066764 ], [ 14.613484, 50.066894 ], [ 14.613304, 50.06735 ], [ 14.613885, 50.067581 ], [ 14.612779, 50.068021 ], [ 14.612348, 50.069393 ], [ 14.61152, 50.070273 ], [ 14.611341, 50.070778 ], [ 14.612203, 50.071337 ], [ 14.611943, 50.072512 ], [ 14.611273, 50.073404 ], [ 14.609679, 50.073148 ], [ 14.609806, 50.073733 ], [ 14.609203, 50.074807 ], [ 14.608258, 50.075875 ], [ 14.60762, 50.077213 ], [ 14.606613, 50.077016 ], [ 14.605694, 50.076224 ], [ 14.602703, 50.07547 ], [ 14.597744, 50.074941 ], [ 14.596789, 50.074035 ], [ 14.596148, 50.072579 ], [ 14.592093, 50.07157 ], [ 14.590659, 50.074808 ], [ 14.589495, 50.076118 ], [ 14.589023, 50.077568 ], [ 14.585424, 50.082513 ] ] ] } },
{ "type": "Feature", "properties": { "id": "538302", "name": "Praha-Klánovice", "district_short_name": "Klánovice", "population_est": 1248 }, "geometry": { "type": "Polygon", "coordinates": [ [ [ 14.660622, 50.106534 ], [ 14.657437, 50.1065 ], [ 14.655833, 50.104335 ], [ 14.658302, 50.10338 ], [ 14.654526, 50.101158 ], [ 14.649837, 50.100344 ], [ 14.649773, 50.0985 ], [ 14.648709, 50.096969 ], [ 14.643522, 50.097734 ], [ 14.642797, 50.092373 ], [ 14.642531, 50.092259 ], [ 14.642514, 50.092054 ], [ 14.637687, 50.090074 ], [ 14.637922, 50.092416 ], [ 14.633163, 50.091592 ], [ 14.633418, 50.090969 ], [ 14.634646, 50.091164 ], [ 14.635399, 50.089206 ], [ 14.634904, 50.089005 ], [ 14.635569, 50.087396 ], [ 14.635489, 50.086719 ], [ 14.636762, 50.084961 ], [ 14.66962, 50.087452 ], [ 14.673292, 50.087289 ], [ 14.685796, 50.085363 ], [ 14.685971, 50.085877 ], [ 14.685727, 50.085977 ], [ 14.689722, 50.096021 ], [ 14.688642, 50.096401 ], [ 14.688647, 50.098843 ], [ 14.691197, 50.099894 ], [ 14.690329, 50.100627 ], [ 14.676804, 50.101645 ], [ 14.67189, 50.103108 ], [ 14.671805, 50.102978 ], [ 14.670762, 50.103192 ], [ 14.66898, 50.103271 ], [ 14.668595, 50.103971 ], [ 14.665885, 50.102652 ], [ 14.664646, 50.103712 ], [ 14.664441, 50.103588 ], [ 14.661554, 50.105152 ], [ 14.660622, 50.106534 ] ] ] } },
{ "type": "Feature", "properties": { "id": "538353", "name": "Praha-Koloděje", "district_short_name": "Koloděje", "population_est": 568 }, "geometry": { "type": "Polygon", "coordinates": [ [ [ 14.624325, 50.074083 ], [ 14.622681, 50.074782 ], [ 14.6219, 50.074429 ], [ 14.622899, 50.073923 ], [ 14.623873, 50.072579 ], [ 14.623022, 50.072223 ], [ 14.62333, 50.07155 ], [ 14.624359, 50.07042 ], [ 14.617423, 50.068361 ], [ 14.617938, 50.067107 ], [ 14.618007, 50.066024 ], [ 14.619077, 50.064762 ], [ 14.620076, 50.064884 ], [ 14.622204, 50.064631 ], [ 14.622301, 50.064367 ], [ 14.622513, 50.064329 ], [ 14.622035, 50.062815 ], [ 14.624373, 50.06269 ], [ 14.623372, 50.060917 ], [ 14.627248, 50.060572 ], [ 14.626391, 50.059334 ], [ 14.624522, 50.05911 ], [ 14.625335, 50.057772 ], [ 14.625066, 50.057292 ], [ 14.625392, 50.055561 ], [ 14.627953, 50.05496 ], [ 14.631243, 50.053519 ], [ 14.632885, 50.054929 ], [ 14.637601, 50.056113 ], [ 14.637829, 50.057097 ], [ 14.638683, 50.057019 ], [ 14.638552, 50.057294 ], [ 14.639584, 50.057396 ], [ 14.640193, 50.056894 ], [ 14.64305, 50.057555 ], [ 14.644014, 50.058259 ], [ 14.645828, 50.058735 ], [ 14.644838, 50.060056 ], [ 14.652136, 50.059538 ], [ 14.651452, 50.061953 ], [ 14.654525, 50.06136 ], [ 14.657875, 50.061277 ], [ 14.658103, 50.061066 ], [ 14.658316, 50.061463 ], [ 14.658791, 50.061427 ], [ 14.658945, 50.06174 ], [ 14.658416, 50.06169 ], [ 14.658436, 50.061957 ], [ 14.658022, 50.061926 ], [ 14.657797, 50.062121 ], [ 14.660622, 50.062742 ], [ 14.658525, 50.064124 ], [ 14.657486, 50.065261 ], [ 14.655956, 50.066494 ], [ 14.655429, 50.066683 ], [ 14.65461, 50.067552 ], [ 14.652706, 50.068433 ], [ 14.65015, 50.070127 ], [ 14.645769, 50.070178 ], [ 14.641593, 50.071852 ], [ 14.640504, 50.072013 ], [ 14.639338, 50.072482 ], [ 14.639156, 50.07224 ], [ 14.638132, 50.072506 ], [ 14.636556, 50.072652 ], [ 14.636493, 50.072185 ], [ 14.631455, 50.070402 ], [ 14.629069, 50.072633 ], [ 14.62641, 50.071732 ], [ 14.62589, 50.072354 ], [ 14.625562, 50.07246 ], [ 14.626358, 50.072753 ], [ 14.625793, 50.073419 ], [ 14.62612, 50.07357 ], [ 14.625244, 50.074588 ], [ 14.624325, 50.074083 ] ] ] } },
{ "type": "Feature", "properties": { "id": "538361", "name": "Praha-Kolovraty", "district_short_name": "Kolovraty", "population_est": 1061 }, "geometry": { "type": "Polygon", "coordinates": [ [ [ 14.632526, 50.026874 ], [ 14.630001, 50.026514 ], [ 14.629463, 50.02475 ], [ 14.626982, 50.025139 ], [ 14.624742, 50.024936 ], [ 14.621331, 50.024963 ], [ 14.621079, 50.024814 ], [ 14.618561, 50.02491 ], [ 14.621506, 50.021944 ], [ 14.618172, 50.021522 ], [ 14.61245, 50.021493 ], [ 14.610729, 50.021249 ], [ 14.609862, 50.021284 ], [ 14.60965, 50.020796 ], [ 14.608735, 50.020292 ], [ 14.608644, 50.01972 ], [ 14.608938, 50.019511 ], [ 14.610181, 50.019168 ], [ 14.610381, 50.019349 ], [ 14.610769, 50.019032 ], [ 14.611684, 50.018883 ], [ 14.611055, 50.018638 ], [ 14.611613, 50.018162 ], [ 14.611883, 50.01699 ], [ 14.612212, 50.016745 ], [ 14.611635, 50.016447 ], [ 14.611617, 50.016171 ], [ 14.612214, 50.015857 ], [ 14.614382, 50.015412 ], [ 14.613465, 50.014198 ], [ 14.615987, 50.013102 ], [ 14.615599, 50.01269 ], [ 14.616274, 50.012244 ], [ 14.615116, 50.011307 ], [ 14.616293, 50.010594 ], [ 14.614781, 50.009627 ], [ 14.614159, 50.00967 ], [ 14.614065, 50.007597 ], [ 14.613274, 50.007616 ], [ 14.613623, 50.006508 ], [ 14.61358, 50.005167 ], [ 14.613868, 50.003908 ], [ 14.612297, 50.003222 ], [ 14.609033, 50.002918 ], [ 14.609883, 50.002154 ], [ 14.609244, 50.001832 ], [ 14.60933, 50.001573 ], [ 14.608254, 50.000986 ], [ 14.60826, 50.000697 ], [ 14.608591, 50.000106 ], [ 14.609481, 49.999553 ], [ 14.610086, 49.998776 ], [ 14.610831, 49.998493 ], [ 14.612268, 49.998902 ], [ 14.611352, 49.999753 ], [ 14.613012, 50.000064 ], [ 14.613857, 49.999856 ], [ 14.615534, 49.998625 ], [ 14.61683, 49.998251 ], [ 14.616984, 49.998519 ], [ 14.619195, 49.997524 ], [ 14.619492, 49.998615 ], [ 14.621325, 49.998392 ], [ 14.62141, 49.9987 ], [ 14.622348, 49.998615 ], [ 14.628185, 49.996182 ], [ 14.629162, 49.995537 ], [ 14.633997, 49.99613 ], [ 14.636623, 49.995418 ], [ 14.638707, 49.995224 ], [ 14.640153, 49.994441 ], [ 14.646924, 49.998754 ], [ 14.643208, 50.001282 ], [ 14.639219, 50.005294 ], [ 14.63829, 50.005782 ], [ 14.639656, 50.006357 ], [ 14.642417, 50.006065 ], [ 14.642942, 50.006127 ], [ 14.642697, 50.006481 ], [ 14.643815, 50.006539 ], [ 14.645106, 50.005545 ], [ 14.645358, 50.005156 ], [ 14.645201, 50.004783 ], [ 14.645497, 50.004734 ], [ 14.645805, 50.005303 ], [ 14.646811, 50.005902 ], [ 14.648776, 50.007807 ], [ 14.647053, 50.008685 ], [ 14.645068, 50.009967 ], [ 14.643102, 50.010701 ], [ 14.644213, 50.012765 ], [ 14.643084, 50.012885 ], [ 14.643095, 50.014225 ], [ 14.639084, 50.014283 ], [ 14.638418, 50.015699 ], [ 14.638846, 50.015758 ], [ 14.638255, 50.018266 ], [ 14.639519, 50.018335 ], [ 14.639485, 50.019913 ], [ 14.639444, 50.020086 ], [ 14.63907, 50.020059 ], [ 14.63887, 50.020814 ], [ 14.637938, 50.020691 ], [ 14.637855, 50.021628 ], [ 14.638102, 50.022457 ], [ 14.641315, 50.022949 ], [ 14.640862, 50.023755 ], [ 14.638657, 50.023456 ], [ 14.638045, 50.023573 ], [ 14.637152, 50.024438 ], [ 14.636574, 50.025999 ], [ 14.635993, 50.025983 ], [ 14.635865, 50.027025 ], [ 14.632526, 50.026874 ] ] ] } },
{ "type": "Feature", "properties": { "id": "538388", "name": "Praha-Královice", "district_short_name": "Královice", "population_est": 199 }, "geometry": { "type": "Polygon", "coordinates": [ [ [ 14.637963, 50.048279 ], [ 14.637455, 50.047277 ], [ 14.634867, 50.046657 ], [ 14.633709, 50.045837 ], [ 14.631515, 50.046252 ], [ 14.631098, 50.045105 ], [ 14.628399, 50.044181 ], [ 14.627388, 50.044162 ], [ 14.628071, 50.043183 ], [ 14.628173, 50.042485 ], [ 14.628009, 50.041844 ], [ 14.627517, 50.041296 ], [ 14.625931, 50.042187 ], [ 14.624647, 50.041634 ], [ 14.622132, 50.040924 ], [ 14.622327, 50.039797 ], [ 14.622663, 50.039717 ], [ 14.622278, 50.03958 ], [ 14.62295, 50.037954 ], [ 14.624783, 50.038429 ], [ 14.624992, 50.037783 ], [ 14.624594, 50.036388 ], [ 14.628802, 50.035594 ], [ 14.628944, 50.035403 ], [ 14.629011, 50.035155 ], [ 14.628659, 50.034734 ], [ 14.628739, 50.034364 ], [ 14.629691, 50.032297 ], [ 14.630335, 50.028365 ], [ 14.630863, 50.026607 ], [ 14.632708, 50.02689 ], [ 14.635865, 50.027025 ], [ 14.636046, 50.025982 ], [ 14.637147, 50.026101 ], [ 14.640694, 50.026904 ], [ 14.640839, 50.026448 ], [ 14.643322, 50.02671 ], [ 14.642849, 50.027595 ], [ 14.644024, 50.027855 ], [ 14.645812, 50.028619 ], [ 14.64664, 50.027223 ], [ 14.64827, 50.027605 ], [ 14.649048, 50.027221 ], [ 14.650421, 50.026923 ], [ 14.65113, 50.026505 ], [ 14.651174, 50.026248 ], [ 14.65539, 50.0262 ], [ 14.655531, 50.025872 ], [ 14.657861, 50.025961 ], [ 14.65803, 50.025409 ], [ 14.659555, 50.025686 ], [ 14.661349, 50.025758 ], [ 14.656128, 50.030955 ], [ 14.656703, 50.034047 ], [ 14.656958, 50.037817 ], [ 14.660825, 50.037802 ], [ 14.666852, 50.038527 ], [ 14.666684, 50.038699 ], [ 14.663079, 50.041392 ], [ 14.661481, 50.043018 ], [ 14.660148, 50.044958 ], [ 14.657001, 50.046874 ], [ 14.653869, 50.049254 ], [ 14.653042, 50.04867 ], [ 14.651978, 50.047375 ], [ 14.649608, 50.045651 ], [ 14.647948, 50.043668 ], [ 14.646364, 50.042868 ], [ 14.64404, 50.042183 ], [ 14.643709, 50.0432 ], [ 14.643686, 50.044167 ], [ 14.640221, 50.048413 ], [ 14.637963, 50.048279 ] ] ] } },
{ "type": "Feature", "properties": { "id": "547042", "name": "Praha-Kunratice", "district_short_name": "Kunratice", "population_est": 1981 }, "geometry": { "type": "Polygon", "coordinates": [ [ [ 14.464115, 50.030896 ], [ 14.463481, 50.030803 ], [ 14.463128, 50.030088 ], [ 14.462436, 50.029783 ], [ 14.461976, 50.029812 ], [ 14.461544, 50.029323 ], [ 14.460926, 50.029107 ], [ 14.461406, 50.028475 ], [ 14.45996, 50.027409 ], [ 14.459579, 50.026438 ], [ 14.460147, 50.025643 ], [ 14.460509, 50.025471 ], [ 14.462883, 50.024804 ], [ 14.463009, 50.024606 ], [ 14.466193, 50.023416 ], [ 14.464901, 50.022717 ], [ 14.464099, 50.022461 ], [ 14.463516, 50.022441 ], [ 14.461782, 50.021464 ], [ 14.462789, 50.021062 ], [ 14.462939, 50.021162 ], [ 14.463679, 50.020678 ], [ 14.463815, 50.020772 ], [ 14.466781, 50.019154 ], [ 14.468045, 50.017886 ], [ 14.468283, 50.017264 ], [ 14.468408, 50.0169 ], [ 14.468096, 50.016725 ], [ 14.464362, 50.01598 ], [ 14.465046, 50.014345 ], [ 14.46435, 50.014234 ], [ 14.466375, 50.013588 ], [ 14.470805, 50.004285 ], [ 14.471342, 50.004397 ], [ 14.471796, 50.003672 ], [ 14.473934, 50.00383 ], [ 14.473865, 50.004215 ], [ 14.475835, 50.004365 ], [ 14.476283, 50.001837 ], [ 14.473504, 50.001629 ], [ 14.475336, 49.999363 ], [ 14.475839, 49.998348 ], [ 14.476351, 49.997969 ], [ 14.476554, 49.996917 ], [ 14.47681, 49.99658 ], [ 14.478157, 49.995317 ], [ 14.481394, 49.995343 ], [ 14.482149, 49.994975 ], [ 14.482311, 49.994713 ], [ 14.483086, 49.994808 ], [ 14.484185, 49.992783 ], [ 14.483823, 49.992669 ], [ 14.483935, 49.992419 ], [ 14.496918, 49.995265 ], [ 14.496722, 49.997716 ], [ 14.497157, 49.997425 ], [ 14.496065, 49.998504 ], [ 14.496663, 49.998635 ], [ 14.497045, 49.997935 ], [ 14.497166, 49.997812 ], [ 14.496767, 49.998447 ], [ 14.49757, 49.998459 ], [ 14.496766, 49.999025 ], [ 14.497368, 49.999089 ], [ 14.497405, 49.999122 ], [ 14.496464, 49.99913 ], [ 14.496574, 49.999342 ], [ 14.496798, 49.999292 ], [ 14.49728, 50.000167 ], [ 14.497127, 50.000142 ], [ 14.497143, 50.000373 ], [ 14.498021, 50.000456 ], [ 14.497679, 50.001046 ], [ 14.496213, 50.000926 ], [ 14.494362, 50.001081 ], [ 14.498425, 50.002441 ], [ 14.499252, 50.002945 ], [ 14.500498, 50.005427 ], [ 14.500359, 50.005581 ], [ 14.50078, 50.005832 ], [ 14.502662, 50.009334 ], [ 14.503156, 50.010735 ], [ 14.503014, 50.010893 ], [ 14.503395, 50.011146 ], [ 14.503428, 50.011389 ], [ 14.503221, 50.012342 ], [ 14.50206, 50.013839 ], [ 14.501608, 50.01476 ], [ 14.500298, 50.020165 ], [ 14.496544, 50.021094 ], [ 14.491106, 50.021741 ], [ 14.490219, 50.021987 ], [ 14.48914, 50.022543 ], [ 14.488478, 50.023134 ], [ 14.488124, 50.023859 ], [ 14.487693, 50.027159 ], [ 14.487698, 50.028949 ], [ 14.483072, 50.028674 ], [ 14.481111, 50.029 ], [ 14.479684, 50.029502 ], [ 14.478168, 50.029562 ], [ 14.477235, 50.029755 ], [ 14.472414, 50.029749 ], [ 14.471062, 50.030137 ], [ 14.465305, 50.030571 ], [ 14.464115, 50.030896 ] ] ] } },
{ "type": "Feature", "properties": { "id": "538400", "name": "Praha-Křeslice", "district_short_name": "Křeslice", "population_est": 487 }, "geometry": { "type": "Polygon", "coordinates": [ [ [ 14.575713, 50.034103 ], [ 14.574902, 50.033621 ], [ 14.574806, 50.033253 ], [ 14.571556, 50.032029 ], [ 14.570326, 50.032063 ], [ 14.569813, 50.032479 ], [ 14.568143, 50.032209 ], [ 14.5653, 50.031318 ], [ 14.563909, 50.03116 ], [ 14.56341, 50.030961 ], [ 14.562026, 50.031073 ], [ 14.560401, 50.03099 ], [ 14.559842, 50.030707 ], [ 14.560689, 50.030422 ], [ 14.56067, 50.030237 ], [ 14.559545, 50.02995 ], [ 14.558352, 50.02942 ], [ 14.556344, 50.029403 ], [ 14.556144, 50.028977 ], [ 14.555564, 50.029261 ], [ 14.551976, 50.029929 ], [ 14.551518, 50.030253 ], [ 14.551222, 50.029612 ], [ 14.549281, 50.027521 ], [ 14.549153, 50.026617 ], [ 14.548258, 50.026218 ], [ 14.546646, 50.02589 ], [ 14.551147, 50.021896 ], [ 14.551299, 50.021569 ], [ 14.551123, 50.021255 ], [ 14.550513, 50.020967 ], [ 14.549774, 50.020262 ], [ 14.550708, 50.019115 ], [ 14.55188, 50.018701 ], [ 14.552567, 50.018966 ], [ 14.552716, 50.018878 ], [ 14.553111, 50.019168 ], [ 14.553848, 50.019376 ], [ 14.554949, 50.018794 ], [ 14.555468, 50.018072 ], [ 14.555592, 50.017091 ], [ 14.554984, 50.01681 ], [ 14.554857, 50.016334 ], [ 14.555312, 50.015004 ], [ 14.554945, 50.014221 ], [ 14.554081, 50.013295 ], [ 14.553974, 50.012858 ], [ 14.554233, 50.012156 ], [ 14.554777, 50.011954 ], [ 14.555332, 50.012031 ], [ 14.557809, 50.011781 ], [ 14.559092, 50.011848 ], [ 14.562969, 50.011552 ], [ 14.563559, 50.011228 ], [ 14.564081, 50.009736 ], [ 14.56647, 50.009452 ], [ 14.567528, 50.009489 ], [ 14.567939, 50.008517 ], [ 14.568021, 50.007598 ], [ 14.568319, 50.007351 ], [ 14.568856, 50.007806 ], [ 14.571648, 50.008968 ], [ 14.572323, 50.00998 ], [ 14.574288, 50.011496 ], [ 14.574544, 50.012051 ], [ 14.575177, 50.012604 ], [ 14.573916, 50.012374 ], [ 14.573307, 50.013189 ], [ 14.573311, 50.013699 ], [ 14.573494, 50.013718 ], [ 14.573094, 50.014702 ], [ 14.573422, 50.014754 ], [ 14.573758, 50.015043 ], [ 14.574148, 50.016104 ], [ 14.574164, 50.016285 ], [ 14.57388, 50.016304 ], [ 14.573884, 50.017571 ], [ 14.571332, 50.017861 ], [ 14.57197, 50.022215 ], [ 14.572148, 50.0225 ], [ 14.573413, 50.022054 ], [ 14.573629, 50.022939 ], [ 14.571903, 50.023038 ], [ 14.571089, 50.023289 ], [ 14.570731, 50.023931 ], [ 14.571439, 50.024446 ], [ 14.571327, 50.024622 ], [ 14.572038, 50.024553 ], [ 14.572419, 50.024963 ], [ 14.572268, 50.025156 ], [ 14.572647, 50.02512 ], [ 14.572838, 50.025482 ], [ 14.572555, 50.02572 ], [ 14.572699, 50.025911 ], [ 14.572551, 50.026013 ], [ 14.57108, 50.026002 ], [ 14.570854, 50.027472 ], [ 14.570083, 50.029275 ], [ 14.572688, 50.029925 ], [ 14.572847, 50.029755 ], [ 14.575153, 50.030638 ], [ 14.57651, 50.031817 ], [ 14.577393, 50.03221 ], [ 14.577743, 50.031635 ], [ 14.579374, 50.032486 ], [ 14.575713, 50.034103 ] ] ] } },
{ "type": "Feature", "properties": { "id": "547051", "name": "Praha-Libuš", "district_short_name": "Libuš", "population_est": 1737 }, "geometry": { "type": "Polygon", "coordinates": [ [ [ 14.448773, 50.014856 ], [ 14.447945, 50.013518 ], [ 14.447561, 50.013659 ], [ 14.447215, 50.013422 ], [ 14.442763, 50.011941 ], [ 14.443368, 50.011619 ], [ 14.444903, 50.011226 ], [ 14.445866, 50.011177 ], [ 14.445935, 50.01135 ], [ 14.447661, 50.011356 ], [ 14.448256, 50.011147 ], [ 14.451153, 50.011325 ], [ 14.454032, 50.01225 ], [ 14.454925, 50.011149 ], [ 14.455769, 50.009659 ], [ 14.456297, 50.008125 ], [ 14.456021, 50.006251 ], [ 14.456567, 50.006051 ], [ 14.456011, 50.005871 ], [ 14.455391, 50.005901 ], [ 14.449447, 50.006269 ], [ 14.44686, 50.006622 ], [ 14.449725, 50.00614 ], [ 14.449507, 50.004457 ], [ 14.449804, 50.004398 ], [ 14.449968, 50.004025 ], [ 14.449667, 50.003659 ], [ 14.449035, 50.003566 ], [ 14.448751, 50.00287 ], [ 14.449008, 50.002524 ], [ 14.451325, 50.002429 ], [ 14.452212, 50.002654 ], [ 14.45309, 50.002458 ], [ 14.452991, 50.002224 ], [ 14.45182, 50.001783 ], [ 14.451251, 50.001357 ], [ 14.451243, 50.000538 ], [ 14.451432, 50.000315 ], [ 14.451621, 50.000196 ], [ 14.452134, 50.000247 ], [ 14.452963, 49.999616 ], [ 14.454477, 49.999399 ], [ 14.455014, 49.999512 ], [ 14.455948, 49.999326 ], [ 14.455454, 49.999048 ], [ 14.455498, 49.998932 ], [ 14.455256, 49.998954 ], [ 14.455193, 49.998584 ], [ 14.455846, 49.99851 ], [ 14.455769, 49.99828 ], [ 14.456787, 49.998133 ], [ 14.458253, 49.99746 ], [ 14.457258, 49.996975 ], [ 14.45733, 49.99675 ], [ 14.456837, 49.996184 ], [ 14.457032, 49.995148 ], [ 14.456385, 49.994964 ], [ 14.455385, 49.994262 ], [ 14.4545, 49.993973 ], [ 14.45422, 49.993545 ], [ 14.457114, 49.991229 ], [ 14.460221, 49.99191 ], [ 14.460597, 49.991209 ], [ 14.460456, 49.991122 ], [ 14.461202, 49.990037 ], [ 14.463588, 49.99078 ], [ 14.463947, 49.990223 ], [ 14.462517, 49.990135 ], [ 14.46336, 49.988844 ], [ 14.462719, 49.988606 ], [ 14.462905, 49.988339 ], [ 14.463112, 49.988203 ], [ 14.46562, 49.98818 ], [ 14.465886, 49.987901 ], [ 14.466371, 49.986794 ], [ 14.463739, 49.986791 ], [ 14.463916, 49.985606 ], [ 14.461768, 49.985617 ], [ 14.461561, 49.985267 ], [ 14.461631, 49.985074 ], [ 14.467074, 49.984888 ], [ 14.466672, 49.984438 ], [ 14.466053, 49.982245 ], [ 14.466305, 49.981036 ], [ 14.469477, 49.980109 ], [ 14.469453, 49.979878 ], [ 14.473994, 49.980403 ], [ 14.473705, 49.983752 ], [ 14.473997, 49.983773 ], [ 14.474505, 49.98321 ], [ 14.475949, 49.984109 ], [ 14.476221, 49.983954 ], [ 14.47765, 49.984472 ], [ 14.480755, 49.98519 ], [ 14.482769, 49.985254 ], [ 14.486986, 49.985687 ], [ 14.48673, 49.986389 ], [ 14.487039, 49.987584 ], [ 14.484585, 49.987415 ], [ 14.484237, 49.989391 ], [ 14.484847, 49.990064 ], [ 14.484889, 49.990706 ], [ 14.484519, 49.99174 ], [ 14.484136, 49.991665 ], [ 14.483823, 49.992669 ], [ 14.484185, 49.992783 ], [ 14.483086, 49.994808 ], [ 14.482311, 49.994713 ], [ 14.482149, 49.994975 ], [ 14.481394, 49.995343 ], [ 14.478157, 49.995317 ], [ 14.47681, 49.99658 ], [ 14.476554, 49.996917 ], [ 14.476351, 49.997969 ], [ 14.475839, 49.998348 ], [ 14.475336, 49.999363 ], [ 14.473504, 50.001629 ], [ 14.476283, 50.001837 ], [ 14.475835, 50.004365 ], [ 14.473865, 50.004215 ], [ 14.473934, 50.00383 ], [ 14.471796, 50.003672 ], [ 14.471342, 50.004397 ], [ 14.470805, 50.004285 ], [ 14.466375, 50.013588 ], [ 14.46435, 50.014234 ], [ 14.465046, 50.014345 ], [ 14.464362, 50.01598 ], [ 14.46134, 50.015061 ], [ 14.458941, 50.014884 ], [ 14.456495, 50.014371 ], [ 14.452708, 50.013104 ], [ 14.451371, 50.014707 ], [ 14.450736, 50.014511 ], [ 14.448773, 50.014856 ] ] ] } },
{ "type": "Feature", "properties": { "id": "539449", "name": "Praha-Lipence", "district_short_name": "Lipence", "population_est": 1630 }, "geometry": { "type": "Polygon", "coordinates": [ [ [ 14.362508, 49.980346 ], [ 14.36232, 49.980918 ], [ 14.361553, 49.980023 ], [ 14.361329, 49.978567 ], [ 14.360588, 49.97652 ], [ 14.358906, 49.974225 ], [ 14.357019, 49.97271 ], [ 14.35507, 49.971832 ], [ 14.353989, 49.971704 ], [ 14.353151, 49.97176 ], [ 14.352167, 49.972159 ], [ 14.349215, 49.972841 ], [ 14.347395, 49.972621 ], [ 14.346583, 49.972252 ], [ 14.345841, 49.971672 ], [ 14.3454, 49.969953 ], [ 14.345317, 49.968561 ], [ 14.344917, 49.967628 ], [ 14.343393, 49.966354 ], [ 14.341488, 49.965729 ], [ 14.340995, 49.96574 ], [ 14.336638, 49.967244 ], [ 14.3347, 49.96753 ], [ 14.330742, 49.965453 ], [ 14.329233, 49.96485 ], [ 14.328122, 49.964203 ], [ 14.3273, 49.963298 ], [ 14.326096, 49.959848 ], [ 14.32509, 49.958786 ], [ 14.32504, 49.957935 ], [ 14.32544, 49.957208 ], [ 14.326769, 49.956173 ], [ 14.329217, 49.955684 ], [ 14.330826, 49.955099 ], [ 14.334313, 49.953049 ], [ 14.33497, 49.952566 ], [ 14.336629, 49.950668 ], [ 14.337179, 49.949787 ], [ 14.337635, 49.948383 ], [ 14.340802, 49.948663 ], [ 14.341202, 49.948555 ], [ 14.341435, 49.948073 ], [ 14.343205, 49.947554 ], [ 14.344082, 49.947597 ], [ 14.346594, 49.948245 ], [ 14.348425, 49.948124 ], [ 14.351664, 49.948209 ], [ 14.35367, 49.947783 ], [ 14.358737, 49.948683 ], [ 14.360394, 49.947454 ], [ 14.365359, 49.949442 ], [ 14.365608, 49.949377 ], [ 14.366093, 49.949531 ], [ 14.366991, 49.950263 ], [ 14.367093, 49.951296 ], [ 14.368377, 49.951323 ], [ 14.369445, 49.951164 ], [ 14.371514, 49.950471 ], [ 14.372112, 49.949814 ], [ 14.372215, 49.948999 ], [ 14.373271, 49.947201 ], [ 14.373661, 49.947796 ], [ 14.37422, 49.949832 ], [ 14.374123, 49.950858 ], [ 14.373632, 49.95137 ], [ 14.374995, 49.952308 ], [ 14.374738, 49.95388 ], [ 14.374515, 49.95411 ], [ 14.378372, 49.955956 ], [ 14.378051, 49.95627 ], [ 14.379021, 49.956609 ], [ 14.379391, 49.958258 ], [ 14.379331, 49.959145 ], [ 14.378877, 49.960409 ], [ 14.377101, 49.963303 ], [ 14.375513, 49.963167 ], [ 14.371322, 49.964402 ], [ 14.369987, 49.964655 ], [ 14.369932, 49.965571 ], [ 14.369642, 49.965856 ], [ 14.369867, 49.966038 ], [ 14.369761, 49.966157 ], [ 14.370501, 49.966545 ], [ 14.370382, 49.966766 ], [ 14.371311, 49.967068 ], [ 14.370744, 49.968747 ], [ 14.370816, 49.969532 ], [ 14.371866, 49.971716 ], [ 14.372276, 49.972093 ], [ 14.371313, 49.974445 ], [ 14.370005, 49.975491 ], [ 14.367879, 49.976668 ], [ 14.366541, 49.978168 ], [ 14.363807, 49.979464 ], [ 14.362508, 49.980346 ] ] ] } },
{ "type": "Feature", "properties": { "id": "539465", "name": "Praha-Lochkov", "district_short_name": "Lochkov", "population_est": 316 }, "geometry": { "type": "Polygon", "coordinates": [ [ [ 14.356915, 50.009013 ], [ 14.343856, 50.007006 ], [ 14.342757, 50.007778 ], [ 14.340779, 50.006711 ], [ 14.338802, 50.005338 ], [ 14.33828, 50.00459 ], [ 14.337937, 50.002757 ], [ 14.338052, 50.002214 ], [ 14.339369, 50.001613 ], [ 14.340187, 50.001497 ], [ 14.341525, 50.000311 ], [ 14.340599, 49.99896 ], [ 14.3412, 49.998157 ], [ 14.341785, 49.998419 ], [ 14.342717, 49.998571 ], [ 14.344461, 49.998262 ], [ 14.346536, 49.998549 ], [ 14.347213, 49.998147 ], [ 14.346894, 49.997758 ], [ 14.34742, 49.997782 ], [ 14.347687, 49.997612 ], [ 14.348488, 49.997962 ], [ 14.349908, 49.9982 ], [ 14.349904, 49.997687 ], [ 14.349674, 49.997619 ], [ 14.348895, 49.99566 ], [ 14.348235, 49.995407 ], [ 14.347709, 49.994951 ], [ 14.347887, 49.994782 ], [ 14.347318, 49.99442 ], [ 14.347743, 49.994005 ], [ 14.348383, 49.99396 ], [ 14.348375, 49.993754 ], [ 14.348876, 49.993612 ], [ 14.348822, 49.992976 ], [ 14.349539, 49.992695 ], [ 14.350987, 49.992443 ], [ 14.353225, 49.992487 ], [ 14.3534, 49.99306 ], [ 14.353768, 49.993247 ], [ 14.355809, 49.993682 ], [ 14.357047, 49.994308 ], [ 14.35867, 49.994767 ], [ 14.360459, 49.994783 ], [ 14.363455, 49.996519 ], [ 14.365969, 49.997065 ], [ 14.37168, 50.002814 ], [ 14.369825, 50.004602 ], [ 14.368506, 50.00455 ], [ 14.368112, 50.00554 ], [ 14.369156, 50.005896 ], [ 14.368987, 50.007482 ], [ 14.360108, 50.006213 ], [ 14.356535, 50.006329 ], [ 14.356868, 50.007679 ], [ 14.356915, 50.009013 ] ] ] } },
{ "type": "Feature", "properties": { "id": "547140", "name": "Praha-Lysolaje", "district_short_name": "Lysolaje", "population_est": 466 }, "geometry": { "type": "Polygon", "coordinates": [ [ [ 14.35928, 50.131088 ], [ 14.357087, 50.131278 ], [ 14.357445, 50.129647 ], [ 14.360044, 50.129521 ], [ 14.357658, 50.127315 ], [ 14.355665, 50.124473 ], [ 14.358813, 50.121311 ], [ 14.360405, 50.118746 ], [ 14.361245, 50.117897 ], [ 14.360404, 50.117506 ], [ 14.36243, 50.115086 ], [ 14.363919, 50.113962 ], [ 14.364593, 50.113182 ], [ 14.366308, 50.112268 ], [ 14.366482, 50.111885 ], [ 14.367019, 50.112069 ], [ 14.366994, 50.112326 ], [ 14.367653, 50.112848 ], [ 14.367381, 50.112908 ], [ 14.367787, 50.112994 ], [ 14.368036, 50.112806 ], [ 14.368558, 50.112733 ], [ 14.368434, 50.113417 ], [ 14.36873, 50.115514 ], [ 14.368511, 50.115977 ], [ 14.368716, 50.117094 ], [ 14.369436, 50.117023 ], [ 14.369403, 50.117691 ], [ 14.370309, 50.11831 ], [ 14.370344, 50.118962 ], [ 14.373435, 50.11982 ], [ 14.374277, 50.119841 ], [ 14.375395, 50.120154 ], [ 14.379166, 50.120617 ], [ 14.381869, 50.121159 ], [ 14.384634, 50.12193 ], [ 14.385926, 50.122908 ], [ 14.386231, 50.122754 ], [ 14.386492, 50.122874 ], [ 14.385844, 50.123363 ], [ 14.386681, 50.124441 ], [ 14.386899, 50.124392 ], [ 14.387117, 50.124631 ], [ 14.387324, 50.124577 ], [ 14.388522, 50.12393 ], [ 14.388505, 50.124414 ], [ 14.389869, 50.125621 ], [ 14.38975, 50.126166 ], [ 14.388423, 50.127586 ], [ 14.387123, 50.127759 ], [ 14.385309, 50.128315 ], [ 14.383293, 50.12902 ], [ 14.381744, 50.129878 ], [ 14.379565, 50.128202 ], [ 14.378294, 50.126519 ], [ 14.378027, 50.126668 ], [ 14.37749, 50.126192 ], [ 14.376382, 50.125811 ], [ 14.375607, 50.126046 ], [ 14.375516, 50.126726 ], [ 14.371666, 50.126963 ], [ 14.37174, 50.127808 ], [ 14.369692, 50.127961 ], [ 14.369775, 50.128956 ], [ 14.368535, 50.129054 ], [ 14.367211, 50.128908 ], [ 14.366713, 50.130947 ], [ 14.366775, 50.131522 ], [ 14.365599, 50.131568 ], [ 14.362452, 50.13123 ], [ 14.35928, 50.131088 ] ] ] } },
{ "type": "Feature", "properties": { "id": "547158", "name": "Praha-Nebušice", "district_short_name": "Nebušice", "population_est": 950 }, "geometry": { "type": "Polygon", "coordinates": [ [ [ 14.320347, 50.116653 ], [ 14.317977, 50.118903 ], [ 14.317666, 50.118775 ], [ 14.317572, 50.118863 ], [ 14.316632, 50.118409 ], [ 14.311908, 50.115535 ], [ 14.309797, 50.113537 ], [ 14.306891, 50.111639 ], [ 14.304123, 50.108992 ], [ 14.300055, 50.107867 ], [ 14.29518, 50.106848 ], [ 14.301051, 50.102835 ], [ 14.307771, 50.103376 ], [ 14.316623, 50.105507 ], [ 14.321003, 50.106324 ], [ 14.322405, 50.106774 ], [ 14.324207, 50.107069 ], [ 14.324623, 50.106587 ], [ 14.325132, 50.106688 ], [ 14.327503, 50.107421 ], [ 14.329898, 50.108705 ], [ 14.331286, 50.108915 ], [ 14.331018, 50.10921 ], [ 14.331307, 50.10968 ], [ 14.33417, 50.109418 ], [ 14.335774, 50.108909 ], [ 14.335918, 50.109694 ], [ 14.339684, 50.109183 ], [ 14.339627, 50.108962 ], [ 14.340125, 50.108643 ], [ 14.341663, 50.108461 ], [ 14.342589, 50.109092 ], [ 14.343529, 50.109204 ], [ 14.344041, 50.109082 ], [ 14.344581, 50.10953 ], [ 14.346482, 50.108965 ], [ 14.347464, 50.109227 ], [ 14.347612, 50.109126 ], [ 14.348016, 50.109352 ], [ 14.349301, 50.108994 ], [ 14.352622, 50.109118 ], [ 14.352606, 50.109597 ], [ 14.353357, 50.110362 ], [ 14.353973, 50.111927 ], [ 14.354417, 50.112278 ], [ 14.352326, 50.112827 ], [ 14.352019, 50.113115 ], [ 14.351834, 50.113751 ], [ 14.351869, 50.114472 ], [ 14.352263, 50.11464 ], [ 14.355221, 50.114999 ], [ 14.355363, 50.11534 ], [ 14.355204, 50.115676 ], [ 14.35479, 50.116033 ], [ 14.3542, 50.11615 ], [ 14.353152, 50.116107 ], [ 14.350166, 50.11642 ], [ 14.347037, 50.116437 ], [ 14.343199, 50.11671 ], [ 14.341136, 50.116542 ], [ 14.339372, 50.116898 ], [ 14.333189, 50.116512 ], [ 14.327645, 50.116752 ], [ 14.320609, 50.115241 ], [ 14.320347, 50.116653 ] ] ] } },
{ "type": "Feature", "properties": { "id": "538531", "name": "Praha-Nedvězí", "district_short_name": "Nedvězí", "population_est": 140 }, "geometry": { "type": "Polygon", "coordinates": [ [ [ 14.64664, 50.027223 ], [ 14.645812, 50.028619 ], [ 14.644024, 50.027855 ], [ 14.642849, 50.027595 ], [ 14.643322, 50.02671 ], [ 14.640839, 50.026448 ], [ 14.640694, 50.026904 ], [ 14.636574, 50.025999 ], [ 14.637152, 50.024438 ], [ 14.638199, 50.023473 ], [ 14.640862, 50.023755 ], [ 14.641315, 50.022949 ], [ 14.638102, 50.022457 ], [ 14.637897, 50.021847 ], [ 14.637938, 50.020691 ], [ 14.63887, 50.020814 ], [ 14.63907, 50.020059 ], [ 14.639444, 50.020086 ], [ 14.639485, 50.019913 ], [ 14.639519, 50.018335 ], [ 14.638255, 50.018266 ], [ 14.638846, 50.015758 ], [ 14.638418, 50.015699 ], [ 14.639084, 50.014283 ], [ 14.643095, 50.014225 ], [ 14.643084, 50.012885 ], [ 14.644213, 50.012765 ], [ 14.643102, 50.010701 ], [ 14.645068, 50.009967 ], [ 14.647053, 50.008685 ], [ 14.648776, 50.007807 ], [ 14.649805, 50.008793 ], [ 14.657786, 50.004349 ], [ 14.660522, 50.006607 ], [ 14.661812, 50.007301 ], [ 14.662616, 50.008403 ], [ 14.661963, 50.008571 ], [ 14.66162, 50.0093 ], [ 14.662865, 50.010509 ], [ 14.66267, 50.010866 ], [ 14.662879, 50.011212 ], [ 14.662785, 50.011641 ], [ 14.6622, 50.012053 ], [ 14.661278, 50.012399 ], [ 14.661586, 50.012783 ], [ 14.662538, 50.012947 ], [ 14.662705, 50.013173 ], [ 14.663039, 50.013161 ], [ 14.663194, 50.013589 ], [ 14.664196, 50.013607 ], [ 14.665304, 50.01341 ], [ 14.666011, 50.012819 ], [ 14.666725, 50.013212 ], [ 14.667079, 50.013203 ], [ 14.667277, 50.013572 ], [ 14.668549, 50.013434 ], [ 14.669018, 50.017239 ], [ 14.669538, 50.01884 ], [ 14.668035, 50.018949 ], [ 14.661349, 50.025758 ], [ 14.659555, 50.025686 ], [ 14.65803, 50.025409 ], [ 14.657861, 50.025961 ], [ 14.655531, 50.025872 ], [ 14.65539, 50.0262 ], [ 14.651174, 50.026248 ], [ 14.65113, 50.026505 ], [ 14.650421, 50.026923 ], [ 14.649048, 50.027221 ], [ 14.64827, 50.027605 ], [ 14.64664, 50.027223 ] ] ] } },
{ "type": "Feature", "properties": { "id": "547395", "name": "Praha-Petrovice", "district_short_name": "Petrovice", "population_est": 431 }, "geometry": { "type": "Polygon", "coordinates": [ [ [ 14.558283, 50.040224 ], [ 14.554993, 50.040085 ], [ 14.555062, 50.039439 ], [ 14.55473, 50.039431 ], [ 14.554863, 50.039207 ], [ 14.552444, 50.038998 ], [ 14.551035, 50.038316 ], [ 14.550129, 50.037273 ], [ 14.549737, 50.03719 ], [ 14.549686, 50.036979 ], [ 14.548655, 50.036296 ], [ 14.547793, 50.036332 ], [ 14.547396, 50.035826 ], [ 14.546552, 50.035893 ], [ 14.544552, 50.036488 ], [ 14.543165, 50.03594 ], [ 14.544113, 50.035358 ], [ 14.544041, 50.035105 ], [ 14.543693, 50.035055 ], [ 14.544082, 50.034488 ], [ 14.543867, 50.034272 ], [ 14.543129, 50.034141 ], [ 14.543175, 50.033942 ], [ 14.542276, 50.033315 ], [ 14.543203, 50.033296 ], [ 14.54365, 50.03193 ], [ 14.544707, 50.031984 ], [ 14.544948, 50.030825 ], [ 14.545265, 50.03035 ], [ 14.546036, 50.030925 ], [ 14.549549, 50.029437 ], [ 14.548797, 50.02843 ], [ 14.549395, 50.027954 ], [ 14.549287, 50.027446 ], [ 14.551222, 50.029612 ], [ 14.551518, 50.030253 ], [ 14.551976, 50.029929 ], [ 14.555564, 50.029261 ], [ 14.556144, 50.028977 ], [ 14.556344, 50.029403 ], [ 14.558352, 50.02942 ], [ 14.559545, 50.02995 ], [ 14.56067, 50.030237 ], [ 14.560689, 50.030422 ], [ 14.559842, 50.030707 ], [ 14.560401, 50.03099 ], [ 14.562026, 50.031073 ], [ 14.56341, 50.030961 ], [ 14.563909, 50.03116 ], [ 14.5653, 50.031318 ], [ 14.568143, 50.032209 ], [ 14.569813, 50.032479 ], [ 14.570326, 50.032063 ], [ 14.571556, 50.032029 ], [ 14.574806, 50.033253 ], [ 14.574902, 50.033621 ], [ 14.575699, 50.034112 ], [ 14.575395, 50.034309 ], [ 14.574388, 50.033918 ], [ 14.573268, 50.034967 ], [ 14.573921, 50.035245 ], [ 14.571948, 50.036614 ], [ 14.572043, 50.036683 ], [ 14.57006, 50.037732 ], [ 14.567345, 50.038704 ], [ 14.566999, 50.038548 ], [ 14.56689, 50.038198 ], [ 14.566874, 50.036986 ], [ 14.566187, 50.036934 ], [ 14.565382, 50.037397 ], [ 14.563899, 50.037743 ], [ 14.563438, 50.038361 ], [ 14.561075, 50.039879 ], [ 14.558283, 50.040224 ] ] ] } },
{ "type": "Feature", "properties": { "id": "539589", "name": "Praha-Přední Kopanina", "district_short_name": "Přední Kopanina", "population_est": 280 }, "geometry": { "type": "Polygon", "coordinates": [ [ [ 14.304287, 50.129375 ], [ 14.302435, 50.130077 ], [ 14.302164, 50.129575 ], [ 14.301332, 50.129645 ], [ 14.300721, 50.129033 ], [ 14.300467, 50.12866 ], [ 14.30075, 50.128432 ], [ 14.300317, 50.12774 ], [ 14.301046, 50.127378 ], [ 14.300204, 50.126643 ], [ 14.29974, 50.126508 ], [ 14.299475, 50.126337 ], [ 14.299617, 50.126291 ], [ 14.298891, 50.12624 ], [ 14.294687, 50.124784 ], [ 14.295126, 50.124653 ], [ 14.295754, 50.122386 ], [ 14.297451, 50.120964 ], [ 14.297001, 50.120431 ], [ 14.294325, 50.119055 ], [ 14.292599, 50.118357 ], [ 14.292067, 50.118306 ], [ 14.291914, 50.118081 ], [ 14.288808, 50.116402 ], [ 14.287881, 50.116069 ], [ 14.285278, 50.115674 ], [ 14.287187, 50.114868 ], [ 14.286844, 50.114248 ], [ 14.288152, 50.113351 ], [ 14.287838, 50.113195 ], [ 14.288225, 50.113303 ], [ 14.2887, 50.112956 ], [ 14.288565, 50.112828 ], [ 14.288783, 50.11277 ], [ 14.289018, 50.112081 ], [ 14.290057, 50.1112 ], [ 14.291496, 50.109536 ], [ 14.293625, 50.106272 ], [ 14.29518, 50.106848 ], [ 14.300055, 50.107867 ], [ 14.304123, 50.108992 ], [ 14.306891, 50.111639 ], [ 14.309797, 50.113537 ], [ 14.311908, 50.115535 ], [ 14.317616, 50.118955 ], [ 14.317099, 50.121005 ], [ 14.315698, 50.122945 ], [ 14.315808, 50.124896 ], [ 14.315579, 50.127102 ], [ 14.31588, 50.128616 ], [ 14.310654, 50.128037 ], [ 14.310327, 50.127772 ], [ 14.309985, 50.128021 ], [ 14.308248, 50.12824 ], [ 14.306164, 50.129167 ], [ 14.306194, 50.129477 ], [ 14.30564, 50.13014 ], [ 14.304663, 50.129631 ], [ 14.304418, 50.129666 ], [ 14.304287, 50.129375 ] ] ] } },
{ "type": "Feature", "properties": { "id": "538736", "name": "Praha-Satalice", "district_short_name": "Satalice", "population_est": 782 }, "geometry": { "type": "Polygon", "coordinates": [ [ [ 14.575979, 50.134546 ], [ 14.574846, 50.136097 ], [ 14.574048, 50.135147 ], [ 14.572126, 50.135019 ], [ 14.571303, 50.134772 ], [ 14.568336, 50.134434 ], [ 14.567626, 50.134027 ], [ 14.568013, 50.133808 ], [ 14.567535, 50.133205 ], [ 14.566888, 50.133283 ], [ 14.563578, 50.132967 ], [ 14.56334, 50.129612 ], [ 14.563875, 50.129538 ], [ 14.563738, 50.128973 ], [ 14.563018, 50.126411 ], [ 14.56194, 50.126493 ], [ 14.561884, 50.126136 ], [ 14.56255, 50.126084 ], [ 14.562261, 50.125264 ], [ 14.564089, 50.124736 ], [ 14.562774, 50.12179 ], [ 14.562564, 50.120579 ], [ 14.563778, 50.120694 ], [ 14.57583, 50.117454 ], [ 14.576568, 50.11822 ], [ 14.579712, 50.118733 ], [ 14.579876, 50.117215 ], [ 14.587082, 50.117177 ], [ 14.587125, 50.120728 ], [ 14.59284, 50.120696 ], [ 14.592247, 50.122219 ], [ 14.591784, 50.1228 ], [ 14.594746, 50.122837 ], [ 14.596901, 50.122659 ], [ 14.602789, 50.12139 ], [ 14.604006, 50.126839 ], [ 14.604569, 50.128413 ], [ 14.600875, 50.129306 ], [ 14.60078, 50.129214 ], [ 14.59911, 50.129349 ], [ 14.59822, 50.12932 ], [ 14.597924, 50.12779 ], [ 14.595184, 50.128001 ], [ 14.595268, 50.128847 ], [ 14.58994, 50.12849 ], [ 14.588738, 50.129653 ], [ 14.588358, 50.129528 ], [ 14.587426, 50.130823 ], [ 14.58408, 50.12997 ], [ 14.583639, 50.130946 ], [ 14.583565, 50.133237 ], [ 14.580492, 50.133349 ], [ 14.575979, 50.134546 ] ] ] } },
{ "type": "Feature", "properties": { "id": "539678", "name": "Praha-Slivenec", "district_short_name": "Slivenec", "population_est": 1484 }, "geometry": { "type": "Polygon", "coordinates": [ [ [ 14.352942, 50.035517 ], [ 14.351556, 50.035301 ], [ 14.350571, 50.034829 ], [ 14.350145, 50.034447 ], [ 14.348738, 50.034292 ], [ 14.34671, 50.033666 ], [ 14.345505, 50.033146 ], [ 14.344211, 50.032196 ], [ 14.342688, 50.031772 ], [ 14.342332, 50.032481 ], [ 14.341536, 50.032137 ], [ 14.34048, 50.032083 ], [ 14.338437, 50.032719 ], [ 14.337882, 50.032619 ], [ 14.338386, 50.032281 ], [ 14.338442, 50.031774 ], [ 14.33714, 50.031566 ], [ 14.335834, 50.031727 ], [ 14.33377, 50.030787 ], [ 14.334014, 50.029333 ], [ 14.334931, 50.029067 ], [ 14.334202, 50.027889 ], [ 14.332738, 50.027268 ], [ 14.33229, 50.026843 ], [ 14.332246, 50.026627 ], [ 14.33275, 50.025921 ], [ 14.331658, 50.023455 ], [ 14.330948, 50.023399 ], [ 14.330827, 50.022824 ], [ 14.330111, 50.022083 ], [ 14.328795, 50.02208 ], [ 14.328445, 50.021318 ], [ 14.326359, 50.021549 ], [ 14.323946, 50.021564 ], [ 14.327152, 50.018096 ], [ 14.328037, 50.01739 ], [ 14.327166, 50.017392 ], [ 14.327159, 50.016324 ], [ 14.328096, 50.016322 ], [ 14.328094, 50.013969 ], [ 14.32958, 50.013963 ], [ 14.328798, 50.013578 ], [ 14.327973, 50.012668 ], [ 14.325269, 50.009088 ], [ 14.325708, 50.009159 ], [ 14.324847, 50.008026 ], [ 14.329768, 50.004573 ], [ 14.335211, 50.006431 ], [ 14.337094, 50.006071 ], [ 14.337828, 50.005707 ], [ 14.33902, 50.005455 ], [ 14.340779, 50.006711 ], [ 14.342757, 50.007778 ], [ 14.343856, 50.007006 ], [ 14.356285, 50.009017 ], [ 14.356915, 50.009013 ], [ 14.356868, 50.007679 ], [ 14.356535, 50.006329 ], [ 14.360108, 50.006213 ], [ 14.366884, 50.007175 ], [ 14.367013, 50.00837 ], [ 14.366841, 50.010481 ], [ 14.368157, 50.011874 ], [ 14.367872, 50.012279 ], [ 14.368461, 50.013561 ], [ 14.367855, 50.014994 ], [ 14.368621, 50.017385 ], [ 14.369398, 50.018094 ], [ 14.371024, 50.01909 ], [ 14.371914, 50.019539 ], [ 14.373426, 50.019994 ], [ 14.371559, 50.021366 ], [ 14.373066, 50.021609 ], [ 14.37485, 50.022299 ], [ 14.375963, 50.023323 ], [ 14.376479, 50.024164 ], [ 14.374427, 50.026999 ], [ 14.371623, 50.02609 ], [ 14.368069, 50.023524 ], [ 14.365758, 50.022254 ], [ 14.363101, 50.026185 ], [ 14.35969, 50.025222 ], [ 14.359786, 50.025096 ], [ 14.359438, 50.02481 ], [ 14.356579, 50.024646 ], [ 14.356205, 50.024799 ], [ 14.35586, 50.025067 ], [ 14.355329, 50.027097 ], [ 14.356036, 50.027133 ], [ 14.356021, 50.027259 ], [ 14.355345, 50.027261 ], [ 14.355398, 50.02833 ], [ 14.356151, 50.028324 ], [ 14.356142, 50.029076 ], [ 14.357285, 50.02929 ], [ 14.357099, 50.029871 ], [ 14.357387, 50.030003 ], [ 14.357163, 50.03078 ], [ 14.355055, 50.031508 ], [ 14.355113, 50.033235 ], [ 14.35399, 50.034926 ], [ 14.35401, 50.035242 ], [ 14.354326, 50.03554 ], [ 14.352942, 50.035517 ] ] ] } },
{ "type": "Feature", "properties": { "id": "547271", "name": "Praha-Suchdol", "district_short_name": "Suchdol", "population_est": 1478 }, "geometry": { "type": "Polygon", "coordinates": [ [ [ 14.3668, 50.147463 ], [ 14.365705, 50.148032 ], [ 14.364948, 50.147615 ], [ 14.362128, 50.146606 ], [ 14.360065, 50.14404 ], [ 14.35872, 50.143435 ], [ 14.357759, 50.142274 ], [ 14.356618, 50.141394 ], [ 14.356562, 50.141081 ], [ 14.356091, 50.141172 ], [ 14.356047, 50.140629 ], [ 14.357789, 50.140571 ], [ 14.357432, 50.139287 ], [ 14.356004, 50.138989 ], [ 14.355349, 50.138662 ], [ 14.354961, 50.137886 ], [ 14.354125, 50.137526 ], [ 14.354421, 50.136256 ], [ 14.356156, 50.136634 ], [ 14.356875, 50.131404 ], [ 14.357087, 50.131278 ], [ 14.359919, 50.131052 ], [ 14.365599, 50.131568 ], [ 14.366775, 50.131522 ], [ 14.366713, 50.130947 ], [ 14.367211, 50.128908 ], [ 14.368535, 50.129054 ], [ 14.369775, 50.128956 ], [ 14.369692, 50.127961 ], [ 14.37174, 50.127808 ], [ 14.371666, 50.126963 ], [ 14.375516, 50.126726 ], [ 14.375607, 50.126046 ], [ 14.376382, 50.125811 ], [ 14.37749, 50.126192 ], [ 14.378027, 50.126668 ], [ 14.378294, 50.126519 ], [ 14.379565, 50.128202 ], [ 14.381744, 50.129878 ], [ 14.383293, 50.12902 ], [ 14.385309, 50.128315 ], [ 14.387123, 50.127759 ], [ 14.388423, 50.127586 ], [ 14.38975, 50.126166 ], [ 14.389869, 50.125621 ], [ 14.38867, 50.124541 ], [ 14.389872, 50.124141 ], [ 14.39142, 50.123968 ], [ 14.392214, 50.123638 ], [ 14.393409, 50.122538 ], [ 14.393689, 50.122546 ], [ 14.393874, 50.122667 ], [ 14.393718, 50.122915 ], [ 14.393896, 50.123209 ], [ 14.39475, 50.12374 ], [ 14.395645, 50.123897 ], [ 14.396437, 50.12472 ], [ 14.395924, 50.125544 ], [ 14.395005, 50.125677 ], [ 14.394763, 50.126353 ], [ 14.394526, 50.127192 ], [ 14.39504, 50.127603 ], [ 14.395339, 50.128179 ], [ 14.395082, 50.128286 ], [ 14.394972, 50.128969 ], [ 14.394677, 50.129214 ], [ 14.393161, 50.128701 ], [ 14.392687, 50.128686 ], [ 14.392858, 50.128987 ], [ 14.392229, 50.12891 ], [ 14.391974, 50.129407 ], [ 14.3927, 50.129692 ], [ 14.392933, 50.130164 ], [ 14.392491, 50.13023 ], [ 14.39217, 50.129883 ], [ 14.391954, 50.129886 ], [ 14.3906, 50.131845 ], [ 14.390125, 50.133113 ], [ 14.389663, 50.133401 ], [ 14.389099, 50.134216 ], [ 14.388684, 50.134329 ], [ 14.388387, 50.135037 ], [ 14.388575, 50.13542 ], [ 14.389166, 50.135748 ], [ 14.389347, 50.13639 ], [ 14.389684, 50.136759 ], [ 14.390114, 50.136978 ], [ 14.390681, 50.136954 ], [ 14.390686, 50.137741 ], [ 14.391543, 50.138394 ], [ 14.392122, 50.138664 ], [ 14.393783, 50.138276 ], [ 14.395556, 50.139573 ], [ 14.396793, 50.140796 ], [ 14.398092, 50.143448 ], [ 14.397036, 50.143522 ], [ 14.3967, 50.142445 ], [ 14.396354, 50.142314 ], [ 14.395658, 50.142331 ], [ 14.395713, 50.142051 ], [ 14.394903, 50.141429 ], [ 14.393681, 50.14125 ], [ 14.393068, 50.14134 ], [ 14.392051, 50.141784 ], [ 14.392196, 50.141998 ], [ 14.3912, 50.14345 ], [ 14.391116, 50.14396 ], [ 14.388825, 50.145029 ], [ 14.387426, 50.145433 ], [ 14.387702, 50.145784 ], [ 14.386769, 50.146238 ], [ 14.386202, 50.146409 ], [ 14.385797, 50.145946 ], [ 14.384879, 50.146926 ], [ 14.381764, 50.146954 ], [ 14.380895, 50.146515 ], [ 14.37937, 50.146401 ], [ 14.37844, 50.146492 ], [ 14.377252, 50.146865 ], [ 14.375748, 50.146955 ], [ 14.375039, 50.14729 ], [ 14.373679, 50.147273 ], [ 14.372383, 50.147493 ], [ 14.372412, 50.147705 ], [ 14.371759, 50.147984 ], [ 14.367948, 50.147354 ], [ 14.3668, 50.147463 ] ] ] } },
{ "type": "Feature", "properties": { "id": "547328", "name": "Praha-Troja", "district_short_name": "Troja", "population_est": 424 }, "geometry": { "type": "Polygon", "coordinates": [ [ [ 14.404306, 50.129849 ], [ 14.403203, 50.130231 ], [ 14.402047, 50.129556 ], [ 14.400874, 50.129388 ], [ 14.400782, 50.12714 ], [ 14.398934, 50.125129 ], [ 14.394951, 50.121798 ], [ 14.395828, 50.121975 ], [ 14.396347, 50.1204 ], [ 14.397859, 50.118614 ], [ 14.400619, 50.116134 ], [ 14.403509, 50.114351 ], [ 14.407503, 50.113453 ], [ 14.411567, 50.113755 ], [ 14.414198, 50.114272 ], [ 14.416653, 50.114517 ], [ 14.418661, 50.11434 ], [ 14.420633, 50.113819 ], [ 14.423805, 50.112655 ], [ 14.426157, 50.112155 ], [ 14.430512, 50.111662 ], [ 14.432996, 50.111811 ], [ 14.438097, 50.11265 ], [ 14.437452, 50.114067 ], [ 14.43726, 50.115586 ], [ 14.43375, 50.116097 ], [ 14.433378, 50.116407 ], [ 14.433369, 50.117674 ], [ 14.434575, 50.118737 ], [ 14.4341, 50.119025 ], [ 14.433341, 50.120039 ], [ 14.433837, 50.120881 ], [ 14.434674, 50.121735 ], [ 14.434617, 50.122302 ], [ 14.434088, 50.123348 ], [ 14.426846, 50.120806 ], [ 14.423796, 50.120389 ], [ 14.425117, 50.121634 ], [ 14.42395, 50.123567 ], [ 14.423649, 50.12378 ], [ 14.421206, 50.124317 ], [ 14.419499, 50.124272 ], [ 14.415351, 50.1245 ], [ 14.416124, 50.125205 ], [ 14.413976, 50.125006 ], [ 14.413939, 50.125293 ], [ 14.413417, 50.125099 ], [ 14.413119, 50.125276 ], [ 14.412703, 50.124866 ], [ 14.412098, 50.124713 ], [ 14.41046, 50.125148 ], [ 14.40868, 50.125777 ], [ 14.408169, 50.126957 ], [ 14.407109, 50.126902 ], [ 14.406873, 50.127067 ], [ 14.406869, 50.128024 ], [ 14.406029, 50.129083 ], [ 14.406143, 50.129284 ], [ 14.406598, 50.129335 ], [ 14.406419, 50.130226 ], [ 14.405726, 50.130081 ], [ 14.405401, 50.130197 ], [ 14.405189, 50.130154 ], [ 14.405113, 50.129915 ], [ 14.404716, 50.129987 ], [ 14.404306, 50.129849 ] ] ] } },
{ "type": "Feature", "properties": { "id": "547115", "name": "Praha-Velká Chuchle", "district_short_name": "Velká Chuchle", "population_est": 1128 }, "geometry": { "type": "Polygon", "coordinates": [ [ [ 14.398913, 50.031371 ], [ 14.397022, 50.030553 ], [ 14.394941, 50.029937 ], [ 14.394408, 50.029538 ], [ 14.393335, 50.029352 ], [ 14.393109, 50.029127 ], [ 14.393247, 50.028951 ], [ 14.390615, 50.027615 ], [ 14.390257, 50.027078 ], [ 14.389821, 50.026962 ], [ 14.389365, 50.027031 ], [ 14.38875, 50.027435 ], [ 14.385772, 50.027077 ], [ 14.383851, 50.026675 ], [ 14.382494, 50.026612 ], [ 14.379862, 50.029169 ], [ 14.379159, 50.02905 ], [ 14.376577, 50.027704 ], [ 14.374427, 50.026999 ], [ 14.376479, 50.024164 ], [ 14.375963, 50.023323 ], [ 14.37485, 50.022299 ], [ 14.373066, 50.021609 ], [ 14.371559, 50.021366 ], [ 14.373426, 50.019994 ], [ 14.371914, 50.019539 ], [ 14.371024, 50.01909 ], [ 14.369398, 50.018094 ], [ 14.368621, 50.017385 ], [ 14.367855, 50.014994 ], [ 14.368461, 50.013561 ], [ 14.367872, 50.012279 ], [ 14.368157, 50.011874 ], [ 14.366841, 50.010481 ], [ 14.367013, 50.00837 ], [ 14.366884, 50.007175 ], [ 14.368987, 50.007482 ], [ 14.369156, 50.005896 ], [ 14.368112, 50.00554 ], [ 14.368506, 50.00455 ], [ 14.369825, 50.004602 ], [ 14.37168, 50.002814 ], [ 14.369029, 50.000106 ], [ 14.370703, 49.999237 ], [ 14.37468, 49.995928 ], [ 14.374849, 49.995553 ], [ 14.376217, 49.994891 ], [ 14.378058, 49.996622 ], [ 14.381087, 50.000562 ], [ 14.386359, 49.998799 ], [ 14.389575, 50.002205 ], [ 14.391204, 50.001825 ], [ 14.391189, 50.002205 ], [ 14.39637, 50.002225 ], [ 14.39612, 50.002705 ], [ 14.397829, 50.003411 ], [ 14.397076, 50.004032 ], [ 14.396695, 50.003872 ], [ 14.395967, 50.003852 ], [ 14.395573, 50.00429 ], [ 14.395758, 50.004644 ], [ 14.396129, 50.004756 ], [ 14.395967, 50.00604 ], [ 14.398635, 50.006147 ], [ 14.396961, 50.008021 ], [ 14.39714, 50.008026 ], [ 14.396815, 50.008559 ], [ 14.398367, 50.008893 ], [ 14.396425, 50.015062 ], [ 14.396231, 50.016399 ], [ 14.39644, 50.016391 ], [ 14.395892, 50.017668 ], [ 14.395884, 50.02023 ], [ 14.396363, 50.023129 ], [ 14.397919, 50.028449 ], [ 14.399994, 50.030962 ], [ 14.398913, 50.031371 ] ] ] } },
{ "type": "Feature", "properties": { "id": "539007", "name": "Praha-Vinoř", "district_short_name": "Vinoř", "population_est": 964 }, "geometry": { "type": "Polygon", "coordinates": [ [ [ 14.563231, 50.15017 ], [ 14.560484, 50.155364 ], [ 14.558691, 50.154773 ], [ 14.553895, 50.152798 ], [ 14.547484, 50.150546 ], [ 14.544303, 50.148978 ], [ 14.545438, 50.148066 ], [ 14.546495, 50.145856 ], [ 14.546686, 50.144961 ], [ 14.555624, 50.143801 ], [ 14.558649, 50.14377 ], [ 14.559468, 50.140333 ], [ 14.559846, 50.137242 ], [ 14.560865, 50.13548 ], [ 14.561666, 50.133132 ], [ 14.567207, 50.135829 ], [ 14.567626, 50.134027 ], [ 14.568679, 50.13451 ], [ 14.571303, 50.134772 ], [ 14.572126, 50.135019 ], [ 14.574048, 50.135147 ], [ 14.574846, 50.136097 ], [ 14.575979, 50.134546 ], [ 14.580492, 50.133349 ], [ 14.583565, 50.133237 ], [ 14.583639, 50.130946 ], [ 14.58408, 50.12997 ], [ 14.587426, 50.130823 ], [ 14.588358, 50.129528 ], [ 14.588738, 50.129653 ], [ 14.58994, 50.12849 ], [ 14.595268, 50.128847 ], [ 14.595184, 50.128001 ], [ 14.597924, 50.12779 ], [ 14.59822, 50.12932 ], [ 14.60078, 50.129214 ], [ 14.600875, 50.129306 ], [ 14.59824, 50.131187 ], [ 14.595214, 50.133921 ], [ 14.593874, 50.135751 ], [ 14.592334, 50.138741 ], [ 14.591386, 50.139428 ], [ 14.589735, 50.139672 ], [ 14.59136, 50.142691 ], [ 14.591272, 50.14288 ], [ 14.588627, 50.143951 ], [ 14.588009, 50.1444 ], [ 14.588059, 50.14483 ], [ 14.58773, 50.145243 ], [ 14.58832, 50.146051 ], [ 14.58819, 50.146513 ], [ 14.588432, 50.147154 ], [ 14.590508, 50.147171 ], [ 14.59224, 50.147349 ], [ 14.593179, 50.14763 ], [ 14.592519, 50.147903 ], [ 14.592901, 50.148397 ], [ 14.592559, 50.148449 ], [ 14.593498, 50.150071 ], [ 14.594738, 50.15084 ], [ 14.595347, 50.151722 ], [ 14.596214, 50.152388 ], [ 14.597079, 50.153445 ], [ 14.597695, 50.15385 ], [ 14.598346, 50.154032 ], [ 14.599052, 50.153897 ], [ 14.599004, 50.154132 ], [ 14.593588, 50.153787 ], [ 14.589325, 50.154294 ], [ 14.589289, 50.154148 ], [ 14.587345, 50.154094 ], [ 14.584353, 50.153643 ], [ 14.583705, 50.152681 ], [ 14.58184, 50.151426 ], [ 14.578534, 50.150201 ], [ 14.578328, 50.150813 ], [ 14.573599, 50.149934 ], [ 14.568786, 50.150037 ], [ 14.568591, 50.150849 ], [ 14.56755, 50.150775 ], [ 14.56712, 50.150995 ], [ 14.567332, 50.151232 ], [ 14.566157, 50.151649 ], [ 14.565927, 50.151205 ], [ 14.565204, 50.150698 ], [ 14.563231, 50.15017 ] ] ] } },
{ "type": "Feature", "properties": { "id": "539864", "name": "Praha-Zbraslav", "district_short_name": "Zbraslav", "population_est": 1990 }, "geometry": { "type": "Polygon", "coordinates": [ [ [ 14.401794, 50.00336 ], [ 14.398367, 50.008893 ], [ 14.396815, 50.008559 ], [ 14.39714, 50.008026 ], [ 14.396961, 50.008021 ], [ 14.398635, 50.006147 ], [ 14.395967, 50.00604 ], [ 14.396129, 50.004756 ], [ 14.395673, 50.004559 ], [ 14.395631, 50.004144 ], [ 14.395967, 50.003852 ], [ 14.396695, 50.003872 ], [ 14.397076, 50.004032 ], [ 14.397829, 50.003411 ], [ 14.39612, 50.002705 ], [ 14.396393, 50.002236 ], [ 14.391189, 50.002205 ], [ 14.391204, 50.001825 ], [ 14.389575, 50.002205 ], [ 14.386359, 49.998799 ], [ 14.392229, 49.995379 ], [ 14.394066, 49.995628 ], [ 14.394474, 49.994872 ], [ 14.392499, 49.994164 ], [ 14.392595, 49.99394 ], [ 14.39279, 49.993998 ], [ 14.392712, 49.993222 ], [ 14.39247, 49.992927 ], [ 14.390938, 49.992749 ], [ 14.389457, 49.992376 ], [ 14.388044, 49.991603 ], [ 14.385279, 49.988865 ], [ 14.382285, 49.986418 ], [ 14.383643, 49.986094 ], [ 14.382932, 49.985493 ], [ 14.381773, 49.984866 ], [ 14.380034, 49.98441 ], [ 14.375258, 49.985107 ], [ 14.372239, 49.98516 ], [ 14.370362, 49.984926 ], [ 14.369361, 49.984539 ], [ 14.368441, 49.98335 ], [ 14.367138, 49.982424 ], [ 14.363519, 49.981518 ], [ 14.36232, 49.980918 ], [ 14.362552, 49.980308 ], [ 14.363807, 49.979464 ], [ 14.366541, 49.978168 ], [ 14.367879, 49.976668 ], [ 14.370005, 49.975491 ], [ 14.371313, 49.974445 ], [ 14.372276, 49.972093 ], [ 14.371866, 49.971716 ], [ 14.370816, 49.969532 ], [ 14.370744, 49.968747 ], [ 14.371311, 49.967068 ], [ 14.370382, 49.966766 ], [ 14.370501, 49.966545 ], [ 14.369761, 49.966157 ], [ 14.369867, 49.966038 ], [ 14.369642, 49.965856 ], [ 14.369932, 49.965571 ], [ 14.369987, 49.964655 ], [ 14.371322, 49.964402 ], [ 14.375513, 49.963167 ], [ 14.377101, 49.963303 ], [ 14.378877, 49.960409 ], [ 14.379331, 49.959145 ], [ 14.379391, 49.958258 ], [ 14.379021, 49.956609 ], [ 14.378051, 49.95627 ], [ 14.378372, 49.955956 ], [ 14.374515, 49.95411 ], [ 14.374738, 49.95388 ], [ 14.374995, 49.952308 ], [ 14.373632, 49.95137 ], [ 14.374123, 49.950858 ], [ 14.37422, 49.949832 ], [ 14.373661, 49.947796 ], [ 14.373209, 49.947122 ], [ 14.374131, 49.946765 ], [ 14.375083, 49.947494 ], [ 14.376813, 49.94662 ], [ 14.37703, 49.946665 ], [ 14.378467, 49.948401 ], [ 14.379759, 49.949214 ], [ 14.385397, 49.949242 ], [ 14.38598, 49.949579 ], [ 14.387166, 49.949796 ], [ 14.387972, 49.949783 ], [ 14.388977, 49.948012 ], [ 14.388666, 49.947588 ], [ 14.389034, 49.94662 ], [ 14.389051, 49.945174 ], [ 14.390844, 49.944484 ], [ 14.390846, 49.944045 ], [ 14.391333, 49.943934 ], [ 14.395563, 49.9419 ], [ 14.39658, 49.942912 ], [ 14.396866, 49.944415 ], [ 14.395064, 49.948806 ], [ 14.394658, 49.950576 ], [ 14.394424, 49.953831 ], [ 14.394231, 49.953897 ], [ 14.395159, 49.957314 ], [ 14.397733, 49.961896 ], [ 14.399127, 49.967816 ], [ 14.399885, 49.967832 ], [ 14.40036, 49.970327 ], [ 14.400648, 49.970669 ], [ 14.401288, 49.970922 ], [ 14.401424, 49.970465 ], [ 14.401667, 49.97033 ], [ 14.402476, 49.970563 ], [ 14.402147, 49.970877 ], [ 14.403013, 49.972286 ], [ 14.402756, 49.972509 ], [ 14.403115, 49.972653 ], [ 14.405693, 49.972139 ], [ 14.405898, 49.974591 ], [ 14.405444, 49.975132 ], [ 14.407291, 49.975538 ], [ 14.4068, 49.975689 ], [ 14.406571, 49.97612 ], [ 14.406878, 49.976806 ], [ 14.406634, 49.977252 ], [ 14.405837, 49.977504 ], [ 14.401601, 49.976146 ], [ 14.399522, 49.976194 ], [ 14.399538, 49.975333 ], [ 14.398248, 49.975259 ], [ 14.397221, 49.974931 ], [ 14.39732, 49.980325 ], [ 14.397591, 49.982116 ], [ 14.399578, 49.986421 ], [ 14.399909, 49.988202 ], [ 14.399869, 49.990002 ], [ 14.400393, 49.990255 ], [ 14.400623, 49.992751 ], [ 14.402769, 49.998482 ], [ 14.402397, 49.998539 ], [ 14.401794, 50.00336 ] ] ] } },
{ "type": "Feature", "properties": { "id": "539899", "name": "Praha-Zličín", "district_short_name": "Zličín", "population_est": 779 }, "geometry": { "type": "Polygon", "coordinates": [ [ [ 14.29325, 50.077474 ], [ 14.292572, 50.077294 ], [ 14.289851, 50.077138 ], [ 14.289874, 50.076912 ], [ 14.289336, 50.076927 ], [ 14.289217, 50.076756 ], [ 14.289644, 50.07649 ], [ 14.289974, 50.075946 ], [ 14.29012, 50.07494 ], [ 14.290374, 50.074935 ], [ 14.290193, 50.073178 ], [ 14.288308, 50.073412 ], [ 14.284484, 50.073589 ], [ 14.282434, 50.074305 ], [ 14.281095, 50.073276 ], [ 14.279046, 50.072982 ], [ 14.277263, 50.072986 ], [ 14.278028, 50.072283 ], [ 14.277583, 50.072116 ], [ 14.277894, 50.072001 ], [ 14.27855, 50.070918 ], [ 14.27825, 50.070872 ], [ 14.277789, 50.071391 ], [ 14.276302, 50.07223 ], [ 14.275302, 50.073087 ], [ 14.266755, 50.072628 ], [ 14.258053, 50.071517 ], [ 14.2578, 50.070832 ], [ 14.258229, 50.069045 ], [ 14.258259, 50.067825 ], [ 14.259111, 50.067522 ], [ 14.258716, 50.064424 ], [ 14.256847, 50.06404 ], [ 14.254151, 50.063148 ], [ 14.253309, 50.062565 ], [ 14.24756, 50.062224 ], [ 14.247823, 50.061099 ], [ 14.24774, 50.059722 ], [ 14.248087, 50.058308 ], [ 14.250105, 50.057623 ], [ 14.250848, 50.056769 ], [ 14.25357, 50.057133 ], [ 14.255598, 50.057087 ], [ 14.255895, 50.056263 ], [ 14.257231, 50.054423 ], [ 14.262305, 50.05553 ], [ 14.264308, 50.052332 ], [ 14.267356, 50.053054 ], [ 14.270117, 50.054204 ], [ 14.271633, 50.054319 ], [ 14.271499, 50.05308 ], [ 14.272642, 50.050601 ], [ 14.273535, 50.050946 ], [ 14.274203, 50.050925 ], [ 14.274721, 50.050698 ], [ 14.275076, 50.050147 ], [ 14.274666, 50.049285 ], [ 14.275518, 50.049476 ], [ 14.276163, 50.049362 ], [ 14.27639, 50.049547 ], [ 14.277361, 50.049657 ], [ 14.277417, 50.049835 ], [ 14.278279, 50.049785 ], [ 14.27958, 50.049941 ], [ 14.290191, 50.051523 ], [ 14.298259, 50.052289 ], [ 14.297989, 50.054067 ], [ 14.29715, 50.054984 ], [ 14.304698, 50.057303 ], [ 14.30444, 50.060852 ], [ 14.303048, 50.061531 ], [ 14.302863, 50.062026 ], [ 14.302129, 50.062025 ], [ 14.30082, 50.062706 ], [ 14.300959, 50.062892 ], [ 14.300742, 50.062879 ], [ 14.299322, 50.063714 ], [ 14.298037, 50.064628 ], [ 14.297222, 50.064936 ], [ 14.29714, 50.065337 ], [ 14.296441, 50.065209 ], [ 14.294956, 50.065953 ], [ 14.294738, 50.065807 ], [ 14.293031, 50.066641 ], [ 14.291747, 50.070166 ], [ 14.29191, 50.070171 ], [ 14.291296, 50.074516 ], [ 14.291346, 50.074938 ], [ 14.292004, 50.075886 ], [ 14.293516, 50.077138 ], [ 14.29325, 50.077474 ] ] ] } },
{ "type": "Feature", "properties": { "id": "539791", "name": "Praha-Újezd", "district_short_name": "Újezd", "population_est": 737 }, "geometry": { "type": "Polygon", "coordinates": [ [ [ 14.548159, 50.028992 ], [ 14.547379, 50.02932 ], [ 14.546488, 50.028433 ], [ 14.545684, 50.02876 ], [ 14.544839, 50.027396 ], [ 14.544233, 50.027538 ], [ 14.543329, 50.026737 ], [ 14.541196, 50.026661 ], [ 14.540508, 50.027675 ], [ 14.533972, 50.025929 ], [ 14.532304, 50.025801 ], [ 14.527312, 50.024271 ], [ 14.527017, 50.023985 ], [ 14.525564, 50.02385 ], [ 14.524206, 50.023525 ], [ 14.516697, 50.020915 ], [ 14.513922, 50.020234 ], [ 14.519805, 50.017889 ], [ 14.520204, 50.017554 ], [ 14.520271, 50.017239 ], [ 14.52084, 50.017281 ], [ 14.5219, 50.017079 ], [ 14.535486, 50.011751 ], [ 14.540933, 50.009892 ], [ 14.542106, 50.00878 ], [ 14.544538, 50.008398 ], [ 14.546206, 50.008768 ], [ 14.550853, 50.007987 ], [ 14.551541, 50.008613 ], [ 14.553468, 50.009463 ], [ 14.553726, 50.009799 ], [ 14.553017, 50.010998 ], [ 14.553693, 50.011294 ], [ 14.553964, 50.011056 ], [ 14.554535, 50.010985 ], [ 14.554023, 50.011628 ], [ 14.554267, 50.01204 ], [ 14.553974, 50.012858 ], [ 14.554188, 50.013522 ], [ 14.555216, 50.014705 ], [ 14.555244, 50.015436 ], [ 14.554857, 50.016334 ], [ 14.554984, 50.01681 ], [ 14.555592, 50.017091 ], [ 14.555605, 50.017721 ], [ 14.554949, 50.018794 ], [ 14.553848, 50.019376 ], [ 14.553111, 50.019168 ], [ 14.552716, 50.018878 ], [ 14.552567, 50.018966 ], [ 14.55169, 50.018714 ], [ 14.550708, 50.019115 ], [ 14.549774, 50.020262 ], [ 14.550513, 50.020967 ], [ 14.550952, 50.021106 ], [ 14.551299, 50.021569 ], [ 14.550958, 50.022117 ], [ 14.546646, 50.02589 ], [ 14.548258, 50.026218 ], [ 14.549206, 50.02671 ], [ 14.549395, 50.027954 ], [ 14.548159, 50.028992 ] ] ] } },
{ "type": "Feature", "properties": { "id": "547310", "name": "Praha-Čakovice", "district_short_name": "Čakovice", "population_est": 1940 }, "geometry": { "type": "Polygon", "coordinates": [ [ [ 14.529577, 50.17716 ], [ 14.526856, 50.17743 ], [ 14.52659, 50.176516 ], [ 14.519582, 50.174876 ], [ 14.518923, 50.17476 ], [ 14.518718, 50.175155 ], [ 14.516599, 50.174634 ], [ 14.516419, 50.175064 ], [ 14.509073, 50.17416 ], [ 14.506905, 50.171436 ], [ 14.507067, 50.17141 ], [ 14.505287, 50.163793 ], [ 14.502378, 50.164013 ], [ 14.502739, 50.159206 ], [ 14.503557, 50.15927 ], [ 14.505545, 50.158676 ], [ 14.50642, 50.155738 ], [ 14.503538, 50.155437 ], [ 14.504037, 50.153744 ], [ 14.504576, 50.153209 ], [ 14.503375, 50.153038 ], [ 14.50343, 50.15178 ], [ 14.499564, 50.150909 ], [ 14.497712, 50.150072 ], [ 14.497304, 50.14977 ], [ 14.497181, 50.148102 ], [ 14.497412, 50.147846 ], [ 14.499166, 50.147106 ], [ 14.499998, 50.146823 ], [ 14.501951, 50.146545 ], [ 14.503334, 50.145857 ], [ 14.504294, 50.144396 ], [ 14.506036, 50.14444 ], [ 14.506518, 50.147141 ], [ 14.507089, 50.147127 ], [ 14.508831, 50.147481 ], [ 14.509608, 50.149637 ], [ 14.513391, 50.149082 ], [ 14.513654, 50.148368 ], [ 14.517332, 50.149473 ], [ 14.521791, 50.146945 ], [ 14.523459, 50.146231 ], [ 14.523886, 50.145849 ], [ 14.527444, 50.143901 ], [ 14.529474, 50.141559 ], [ 14.530344, 50.139598 ], [ 14.537397, 50.140379 ], [ 14.540479, 50.140333 ], [ 14.540535, 50.142874 ], [ 14.541758, 50.142813 ], [ 14.543992, 50.142342 ], [ 14.543675, 50.14698 ], [ 14.545906, 50.147178 ], [ 14.545438, 50.148066 ], [ 14.544303, 50.148978 ], [ 14.546385, 50.150084 ], [ 14.548221, 50.150836 ], [ 14.553895, 50.152798 ], [ 14.559218, 50.154966 ], [ 14.562749, 50.156027 ], [ 14.560995, 50.161575 ], [ 14.560627, 50.161575 ], [ 14.560625, 50.162008 ], [ 14.553075, 50.163719 ], [ 14.553585, 50.164245 ], [ 14.550449, 50.164824 ], [ 14.550541, 50.166122 ], [ 14.54941, 50.165945 ], [ 14.548951, 50.165634 ], [ 14.54784, 50.165377 ], [ 14.547394, 50.165171 ], [ 14.547201, 50.164876 ], [ 14.545462, 50.164329 ], [ 14.544927, 50.163987 ], [ 14.543899, 50.164004 ], [ 14.542382, 50.162576 ], [ 14.542348, 50.162847 ], [ 14.541206, 50.164259 ], [ 14.540532, 50.165074 ], [ 14.540336, 50.165087 ], [ 14.539451, 50.163828 ], [ 14.53884, 50.163344 ], [ 14.535429, 50.162166 ], [ 14.534237, 50.161565 ], [ 14.531578, 50.1653 ], [ 14.531714, 50.165379 ], [ 14.530513, 50.16619 ], [ 14.530693, 50.166588 ], [ 14.532618, 50.167473 ], [ 14.531476, 50.170929 ], [ 14.531302, 50.172503 ], [ 14.531641, 50.173271 ], [ 14.532485, 50.177183 ], [ 14.529577, 50.17716 ] ] ] } },
{ "type": "Feature", "properties": { "id": "547298", "name": "Praha-Ďáblice", "district_short_name": "Ďáblice", "population_est": 1240 }, "geometry": { "type": "Polygon", "coordinates": [ [ [ 14.495748, 50.162013 ], [ 14.489077, 50.163929 ], [ 14.488929, 50.161549 ], [ 14.4791, 50.161437 ], [ 14.469608, 50.160565 ], [ 14.470003, 50.158085 ], [ 14.469624, 50.158087 ], [ 14.469538, 50.156725 ], [ 14.468846, 50.153496 ], [ 14.46701, 50.153506 ], [ 14.467034, 50.149687 ], [ 14.467864, 50.144315 ], [ 14.466251, 50.144108 ], [ 14.465363, 50.143745 ], [ 14.461472, 50.142733 ], [ 14.457844, 50.141659 ], [ 14.455995, 50.140884 ], [ 14.456427, 50.137023 ], [ 14.459554, 50.134039 ], [ 14.46136, 50.132729 ], [ 14.468296, 50.134879 ], [ 14.474222, 50.137026 ], [ 14.47323, 50.138181 ], [ 14.475501, 50.139671 ], [ 14.476751, 50.14029 ], [ 14.477554, 50.139632 ], [ 14.477657, 50.139835 ], [ 14.47979, 50.139695 ], [ 14.479213, 50.138743 ], [ 14.478572, 50.138229 ], [ 14.478892, 50.138362 ], [ 14.480331, 50.138086 ], [ 14.484168, 50.138053 ], [ 14.487403, 50.138204 ], [ 14.487879, 50.137694 ], [ 14.488726, 50.13535 ], [ 14.497675, 50.136371 ], [ 14.497121, 50.140099 ], [ 14.496485, 50.142332 ], [ 14.501169, 50.142283 ], [ 14.504302, 50.142401 ], [ 14.504351, 50.144298 ], [ 14.503451, 50.145782 ], [ 14.501951, 50.146545 ], [ 14.499998, 50.146823 ], [ 14.498873, 50.147223 ], [ 14.49733, 50.147895 ], [ 14.497123, 50.148429 ], [ 14.497304, 50.14977 ], [ 14.497712, 50.150072 ], [ 14.499564, 50.150909 ], [ 14.50343, 50.15178 ], [ 14.503375, 50.153038 ], [ 14.504576, 50.153209 ], [ 14.504037, 50.153744 ], [ 14.503538, 50.155437 ], [ 14.50642, 50.155738 ], [ 14.505545, 50.158676 ], [ 14.503557, 50.15927 ], [ 14.502739, 50.159206 ], [ 14.502379, 50.164026 ], [ 14.499473, 50.164363 ], [ 14.495748, 50.162013 ] ] ] } },
{ "type": "Feature", "properties": { "id": "539635", "name": "Praha-Řeporyje", "district_short_name": "Řeporyje", "population_est": 1444 }, "geometry": { "type": "Polygon", "coordinates": [ [ [ 14.308024, 50.045544 ], [ 14.30765, 50.045495 ], [ 14.307457, 50.044523 ], [ 14.306429, 50.043386 ], [ 14.305312, 50.042436 ], [ 14.304918, 50.042381 ], [ 14.304584, 50.042099 ], [ 14.304761, 50.041956 ], [ 14.302448, 50.039996 ], [ 14.301235, 50.03928 ], [ 14.301149, 50.039042 ], [ 14.299019, 50.03831 ], [ 14.290818, 50.036838 ], [ 14.288849, 50.036254 ], [ 14.287345, 50.035423 ], [ 14.282065, 50.031892 ], [ 14.285089, 50.029386 ], [ 14.287222, 50.02796 ], [ 14.289335, 50.026967 ], [ 14.292829, 50.025761 ], [ 14.294379, 50.025309 ], [ 14.296317, 50.025033 ], [ 14.297594, 50.024586 ], [ 14.297573, 50.023556 ], [ 14.297824, 50.02352 ], [ 14.298053, 50.023934 ], [ 14.298869, 50.024038 ], [ 14.299155, 50.024418 ], [ 14.299806, 50.024391 ], [ 14.30032, 50.024649 ], [ 14.304731, 50.024525 ], [ 14.315872, 50.023595 ], [ 14.315625, 50.023263 ], [ 14.316056, 50.02287 ], [ 14.316669, 50.021156 ], [ 14.316537, 50.019913 ], [ 14.315443, 50.017202 ], [ 14.314906, 50.014373 ], [ 14.314698, 50.014046 ], [ 14.313283, 50.013483 ], [ 14.312609, 50.012944 ], [ 14.313177, 50.012044 ], [ 14.311724, 50.00921 ], [ 14.311381, 50.008011 ], [ 14.311459, 50.006978 ], [ 14.309142, 50.007046 ], [ 14.306429, 50.007953 ], [ 14.305397, 50.008667 ], [ 14.30294, 50.011216 ], [ 14.300794, 50.011814 ], [ 14.300411, 50.01093 ], [ 14.300138, 50.008171 ], [ 14.300531, 50.00438 ], [ 14.299106, 50.00404 ], [ 14.298776, 50.003512 ], [ 14.298044, 50.002985 ], [ 14.296508, 50.002756 ], [ 14.294839, 50.00221 ], [ 14.295402, 50.002092 ], [ 14.297451, 50.000622 ], [ 14.299376, 50.000351 ], [ 14.299771, 49.999991 ], [ 14.301196, 50.000062 ], [ 14.301839, 49.999948 ], [ 14.301435, 49.999289 ], [ 14.300526, 49.998583 ], [ 14.300565, 49.998205 ], [ 14.301037, 49.997789 ], [ 14.302559, 49.997506 ], [ 14.305449, 49.997678 ], [ 14.306244, 49.997556 ], [ 14.30639, 49.997199 ], [ 14.306789, 49.997017 ], [ 14.307389, 49.996258 ], [ 14.307702, 49.996239 ], [ 14.307228, 49.995468 ], [ 14.308293, 49.994818 ], [ 14.30952, 49.994465 ], [ 14.310104, 49.993838 ], [ 14.311835, 49.994392 ], [ 14.313962, 49.994783 ], [ 14.31512, 49.992227 ], [ 14.317213, 49.990546 ], [ 14.317236, 49.990057 ], [ 14.317772, 49.989711 ], [ 14.318102, 49.988893 ], [ 14.32154, 49.98989 ], [ 14.326473, 49.991617 ], [ 14.326765, 49.991006 ], [ 14.327672, 49.991547 ], [ 14.333141, 49.993292 ], [ 14.332821, 49.994381 ], [ 14.3326, 49.994337 ], [ 14.332535, 49.994458 ], [ 14.331637, 49.994188 ], [ 14.331125, 49.994585 ], [ 14.331215, 49.994885 ], [ 14.330673, 49.994919 ], [ 14.329121, 49.994048 ], [ 14.328034, 49.993951 ], [ 14.326643, 49.993498 ], [ 14.326302, 49.994175 ], [ 14.32574, 49.994681 ], [ 14.324541, 49.995345 ], [ 14.324203, 49.995407 ], [ 14.323605, 49.995259 ], [ 14.322889, 49.995891 ], [ 14.322072, 49.995842 ], [ 14.31995, 49.995247 ], [ 14.317837, 49.995436 ], [ 14.318478, 49.996892 ], [ 14.318334, 49.997859 ], [ 14.318698, 49.998516 ], [ 14.318931, 49.999973 ], [ 14.319367, 50.000996 ], [ 14.319459, 50.003573 ], [ 14.318995, 50.004682 ], [ 14.321672, 50.005093 ], [ 14.322346, 50.005605 ], [ 14.323131, 50.006671 ], [ 14.323019, 50.008945 ], [ 14.325269, 50.009088 ], [ 14.328543, 50.013341 ], [ 14.32958, 50.013963 ], [ 14.328094, 50.013969 ], [ 14.328096, 50.016322 ], [ 14.327159, 50.016324 ], [ 14.327166, 50.017392 ], [ 14.328037, 50.01739 ], [ 14.327152, 50.018096 ], [ 14.323946, 50.021564 ], [ 14.326359, 50.021549 ], [ 14.328445, 50.021318 ], [ 14.328795, 50.02208 ], [ 14.330111, 50.022083 ], [ 14.330827, 50.022824 ], [ 14.330948, 50.023399 ], [ 14.331658, 50.023455 ], [ 14.33275, 50.025921 ], [ 14.332246, 50.026627 ], [ 14.33229, 50.026843 ], [ 14.332738, 50.027268 ], [ 14.334202, 50.027889 ], [ 14.334931, 50.029067 ], [ 14.334014, 50.029333 ], [ 14.33377, 50.030787 ], [ 14.335619, 50.031546 ], [ 14.335778, 50.031679 ], [ 14.335638, 50.031634 ], [ 14.335115, 50.032068 ], [ 14.335898, 50.032448 ], [ 14.334853, 50.034274 ], [ 14.334792, 50.034073 ], [ 14.331521, 50.033096 ], [ 14.330926, 50.032708 ], [ 14.330597, 50.033487 ], [ 14.327667, 50.034905 ], [ 14.325753, 50.038326 ], [ 14.323745, 50.039835 ], [ 14.321386, 50.039984 ], [ 14.319386, 50.040435 ], [ 14.317926, 50.041281 ], [ 14.31658, 50.042725 ], [ 14.315597, 50.043403 ], [ 14.313829, 50.04395 ], [ 14.310773, 50.044109 ], [ 14.309815, 50.044298 ], [ 14.308675, 50.04482 ], [ 14.308024, 50.045544 ] ] ] } },
{ "type": "Feature", "properties": { "id": "539724", "name": "Praha-Šeberov", "district_short_name": "Šeberov", "population_est": 966 }, "geometry": { "type": "Polygon", "coordinates": [ [ [ 14.511086, 50.021177 ], [ 14.509631, 50.021033 ], [ 14.507425, 50.020315 ], [ 14.50447, 50.019771 ], [ 14.502442, 50.019794 ], [ 14.500298, 50.020165 ], [ 14.501608, 50.01476 ], [ 14.503348, 50.012095 ], [ 14.503395, 50.011146 ], [ 14.503014, 50.010893 ], [ 14.503156, 50.010735 ], [ 14.502662, 50.009334 ], [ 14.50078, 50.005832 ], [ 14.500359, 50.005581 ], [ 14.500498, 50.005427 ], [ 14.499252, 50.002945 ], [ 14.498425, 50.002441 ], [ 14.494362, 50.001081 ], [ 14.496213, 50.000926 ], [ 14.497679, 50.001046 ], [ 14.498021, 50.000456 ], [ 14.497143, 50.000373 ], [ 14.497127, 50.000142 ], [ 14.49728, 50.000167 ], [ 14.496798, 49.999292 ], [ 14.496574, 49.999342 ], [ 14.496464, 49.99913 ], [ 14.497405, 49.999122 ], [ 14.496766, 49.999025 ], [ 14.49757, 49.998459 ], [ 14.496767, 49.998447 ], [ 14.497166, 49.997812 ], [ 14.497045, 49.997935 ], [ 14.496663, 49.998635 ], [ 14.496065, 49.998504 ], [ 14.497157, 49.997425 ], [ 14.496722, 49.997716 ], [ 14.496878, 49.995257 ], [ 14.507255, 49.997477 ], [ 14.509358, 49.993853 ], [ 14.507516, 49.993473 ], [ 14.508186, 49.992139 ], [ 14.509811, 49.992387 ], [ 14.509776, 49.992244 ], [ 14.513748, 49.992583 ], [ 14.513423, 49.994533 ], [ 14.516154, 49.994836 ], [ 14.516092, 49.994943 ], [ 14.517518, 49.995161 ], [ 14.517953, 49.994417 ], [ 14.518922, 49.994851 ], [ 14.518194, 49.99612 ], [ 14.519333, 49.996223 ], [ 14.519135, 49.9971 ], [ 14.524324, 49.997434 ], [ 14.529197, 50.000379 ], [ 14.530021, 50.000715 ], [ 14.525606, 50.003874 ], [ 14.523035, 50.006352 ], [ 14.520995, 50.007721 ], [ 14.523088, 50.008418 ], [ 14.526676, 50.010267 ], [ 14.527474, 50.010838 ], [ 14.529475, 50.010787 ], [ 14.533558, 50.011539 ], [ 14.535486, 50.011751 ], [ 14.5219, 50.017079 ], [ 14.52084, 50.017281 ], [ 14.520271, 50.017239 ], [ 14.520204, 50.017554 ], [ 14.519805, 50.017889 ], [ 14.513844, 50.020269 ], [ 14.511086, 50.021177 ] ] ] } },
{ "type": "Feature", "properties": { "id": "547409", "name": "Praha-Štěrboholy", "district_short_name": "Štěrboholy", "population_est": 647 }, "geometry": { "type": "Polygon", "coordinates": [ [ [ 14.5442, 50.080069 ], [ 14.543157, 50.081649 ], [ 14.539021, 50.080956 ], [ 14.539344, 50.079722 ], [ 14.539355, 50.076736 ], [ 14.536479, 50.077226 ], [ 14.53647, 50.077044 ], [ 14.536272, 50.077046 ], [ 14.536283, 50.07726 ], [ 14.535566, 50.077382 ], [ 14.535233, 50.077005 ], [ 14.534182, 50.075405 ], [ 14.538159, 50.074556 ], [ 14.537597, 50.072311 ], [ 14.535851, 50.073337 ], [ 14.534883, 50.073019 ], [ 14.534372, 50.072642 ], [ 14.53412, 50.072837 ], [ 14.531321, 50.07224 ], [ 14.53321, 50.070988 ], [ 14.535657, 50.068456 ], [ 14.537247, 50.06764 ], [ 14.537552, 50.066914 ], [ 14.538059, 50.066941 ], [ 14.538175, 50.066555 ], [ 14.536717, 50.066336 ], [ 14.537103, 50.064634 ], [ 14.540013, 50.065146 ], [ 14.542481, 50.065868 ], [ 14.547264, 50.066963 ], [ 14.547804, 50.066937 ], [ 14.557042, 50.068554 ], [ 14.558599, 50.069096 ], [ 14.557982, 50.070528 ], [ 14.558956, 50.070922 ], [ 14.559399, 50.071294 ], [ 14.560299, 50.071037 ], [ 14.562733, 50.07069 ], [ 14.564998, 50.070664 ], [ 14.568078, 50.071062 ], [ 14.56696, 50.074299 ], [ 14.56554, 50.073983 ], [ 14.564688, 50.076062 ], [ 14.56425, 50.075961 ], [ 14.563079, 50.078098 ], [ 14.562526, 50.077707 ], [ 14.562169, 50.076985 ], [ 14.561542, 50.077089 ], [ 14.561788, 50.079144 ], [ 14.561629, 50.080106 ], [ 14.560135, 50.079729 ], [ 14.556726, 50.079259 ], [ 14.556172, 50.080234 ], [ 14.5543, 50.082563 ], [ 14.549678, 50.081616 ], [ 14.5442, 50.080069 ] ] ] } }
]
}
