{
"type": "FeatureCollection",
"name": "neighborhoods",
"crs": { "type": "name", "properties": { "name": "urn:ogc:def:crs:OGC:1.3:CRS84" } },
"xy_coordinate_resolution": 1e-06,
"features": [
{ "type": "Feature", "properties": { "id": "729272", "name": "Dejvice", "district_id": "500178", "population_est": 3429 }, "geometry": { "type": "Polygon", "coordinates": [ [ [ 14.38719, 50.124708 ], [ 14.388482, 50.123998 ], [ 14.388743, 50.124618 ], [ 14.389945, 50.124218 ], [ 14.391218, 50.124152 ], [ 14.392287, 50.123715 ], [ 14.393482, 50.122615 ], [ 14.393947, 50.122743 ], [ 14.393369, 50.121906 ], [ 14.394497, 50.121769 ], [ 14.395024, 50.121875 ], [ 14.393723, 50.119523 ], [ 14.393475, 50.117969 ], [ 14.393879, 50.116293 ], [ 14.392102, 50.115672 ], [ 14.391875, 50.11539 ], [ 14.392982, 50.113449 ], [ 14.394099, 50.111985 ], [ 14.395489, 50.100655 ], [ 14.399633, 50.098547 ], [ 14.407177, 50.099587 ], [ 14.407653, 50.097733 ], [ 14.404953, 50.097369 ], [ 14.398743, 50.095448 ], [ 14.396333, 50.095005 ], [ 14.396016, 50.096375 ], [ 14.393754, 50.096283 ], [ 14.392087, 50.096505 ], [ 14.390546, 50.096963 ], [ 14.388137, 50.098119 ], [ 14.386115, 50.098582 ], [ 14.383232, 50.09833 ], [ 14.380539, 50.097728 ], [ 14.374723, 50.096727 ], [ 14.373882, 50.096535 ], [ 14.37392, 50.09641 ], [ 14.369042, 50.09602 ], [ 14.368819, 50.096844 ], [ 14.36796, 50.096834 ], [ 14.367176, 50.098174 ], [ 14.365496, 50.098712 ], [ 14.363112, 50.100198 ], [ 14.36161, 50.102276 ], [ 14.360759, 50.102762 ], [ 14.358928, 50.103237 ], [ 14.354756, 50.102673 ], [ 14.354233, 50.103104 ], [ 14.354281, 50.103507 ], [ 14.352108, 50.103838 ], [ 14.349641, 50.10478 ], [ 14.348427, 50.105511 ], [ 14.34888, 50.105978 ], [ 14.348376, 50.106263 ], [ 14.343708, 50.10697 ], [ 14.343308, 50.10666 ], [ 14.342752, 50.106697 ], [ 14.342243, 50.106839 ], [ 14.341942, 50.107308 ], [ 14.34094, 50.107493 ], [ 14.340606, 50.107696 ], [ 14.340078, 50.107605 ], [ 14.339628, 50.107723 ], [ 14.339284, 50.107977 ], [ 14.337888, 50.108452 ], [ 14.336679, 50.108382 ], [ 14.335646, 50.107547 ], [ 14.335327, 50.106982 ], [ 14.335373, 50.106104 ], [ 14.335059, 50.105538 ], [ 14.335038, 50.104403 ], [ 14.335255, 50.103766 ], [ 14.334831, 50.103899 ], [ 14.333086, 50.106733 ], [ 14.333023, 50.107565 ], [ 14.331131, 50.109209 ], [ 14.331379, 50.109759 ], [ 14.334243, 50.109496 ], [ 14.335846, 50.108987 ], [ 14.33599, 50.109772 ], [ 14.339756, 50.109261 ], [ 14.339699, 50.10904 ], [ 14.340197, 50.108721 ], [ 14.341735, 50.108539 ], [ 14.342661, 50.10917 ], [ 14.343602, 50.109282 ], [ 14.344113, 50.10916 ], [ 14.344653, 50.109607 ], [ 14.346555, 50.109043 ], [ 14.347537, 50.109304 ], [ 14.347684, 50.109204 ], [ 14.348088, 50.10943 ], [ 14.349373, 50.109072 ], [ 14.352694, 50.109195 ], [ 14.352679, 50.109675 ], [ 14.35343, 50.11044 ], [ 14.354046, 50.112004 ], [ 14.35449, 50.112355 ], [ 14.352249, 50.112992 ], [ 14.351945, 50.113561 ], [ 14.351942, 50.11455 ], [ 14.352624, 50.114774 ], [ 14.355294, 50.115076 ], [ 14.355436, 50.115418 ], [ 14.355277, 50.115753 ], [ 14.354863, 50.116111 ], [ 14.354272, 50.116197 ], [ 14.354665, 50.116315 ], [ 14.359872, 50.116082 ], [ 14.360858, 50.116096 ], [ 14.361651, 50.116319 ], [ 14.362502, 50.115163 ], [ 14.363992, 50.114039 ], [ 14.364666, 50.11326 ], [ 14.36638, 50.112345 ], [ 14.366555, 50.111962 ], [ 14.366981, 50.112039 ], [ 14.367066, 50.112403 ], [ 14.367725, 50.112925 ], [ 14.367454, 50.112986 ], [ 14.367859, 50.113071 ], [ 14.368109, 50.112883 ], [ 14.36863, 50.112811 ], [ 14.368507, 50.113494 ], [ 14.368803, 50.115591 ], [ 14.368583, 50.116054 ], [ 14.368789, 50.117171 ], [ 14.369509, 50.1171 ], [ 14.369476, 50.117769 ], [ 14.370381, 50.118387 ], [ 14.370417, 50.119039 ], [ 14.373508, 50.119897 ], [ 14.37435, 50.119918 ], [ 14.375468, 50.120231 ], [ 14.379239, 50.120694 ], [ 14.381942, 50.121236 ], [ 14.384707, 50.122007 ], [ 14.385999, 50.122985 ], [ 14.386304, 50.122831 ], [ 14.386565, 50.12295 ], [ 14.385917, 50.123439 ], [ 14.386754, 50.124518 ], [ 14.386973, 50.124469 ], [ 14.38719, 50.124708 ] ] ] } },
{ "type": "Feature", "properties": { "id": "729302", "name": "Střešovice", "district_id": "500178", "population_est": 1449 }, "geometry": { "type": "Polygon", "coordinates": [ [ [ 14.385308, 50.09859 ], [ 14.387609, 50.098302 ], [ 14.390546, 50.096963 ], [ 14.392087, 50.096505 ], [ 14.393754, 50.096283 ], [ 14.396016, 50.096375 ], [ 14.396333, 50.095005 ], [ 14.390436, 50.094311 ], [ 14.38809, 50.093284 ], [ 14.385336, 50.090942 ], [ 14.386106, 50.089915 ], [ 14.386244, 50.08942 ], [ 14.385856, 50.088848 ], [ 14.384763, 50.088139 ], [ 14.384488, 50.086213 ], [ 14.382122, 50.08557 ], [ 14.381445, 50.087576 ], [ 14.379383, 50.088029 ], [ 14.379195, 50.08824 ], [ 14.379398, 50.088751 ], [ 14.379138, 50.088951 ], [ 14.373746, 50.088867 ], [ 14.370216, 50.088363 ], [ 14.36963, 50.089668 ], [ 14.36895, 50.0906 ], [ 14.3685, 50.090774 ], [ 14.368435, 50.092199 ], [ 14.367616, 50.092143 ], [ 14.36768, 50.092919 ], [ 14.366416, 50.093094 ], [ 14.366224, 50.093419 ], [ 14.366571, 50.09485 ], [ 14.366099, 50.095283 ], [ 14.369042, 50.09602 ], [ 14.37392, 50.09641 ], [ 14.373882, 50.096535 ], [ 14.374723, 50.096727 ], [ 14.380539, 50.097728 ], [ 14.383232, 50.09833 ], [ 14.385308, 50.09859 ] ] ] } },
{ "type": "Feature", "properties": { "id": "729353", "name": "Veleslavín", "district_id": "500178", "population_est": 603 }, "geometry": { "type": "Polygon", "coordinates": [ [ [ 14.353082, 50.094521 ], [ 14.354974, 50.093466 ], [ 14.356186, 50.093162 ], [ 14.357223, 50.093194 ], [ 14.362597, 50.094247 ], [ 14.366099, 50.095283 ], [ 14.366571, 50.09485 ], [ 14.366224, 50.093419 ], [ 14.366416, 50.093094 ], [ 14.36768, 50.092919 ], [ 14.367616, 50.092143 ], [ 14.358751, 50.091732 ], [ 14.340175, 50.087063 ], [ 14.340002, 50.087345 ], [ 14.340874, 50.088849 ], [ 14.339558, 50.089153 ], [ 14.337574, 50.088501 ], [ 14.336283, 50.088304 ], [ 14.335499, 50.087857 ], [ 14.335157, 50.087827 ], [ 14.334411, 50.088527 ], [ 14.335098, 50.089098 ], [ 14.335074, 50.089746 ], [ 14.33136, 50.090698 ], [ 14.329001, 50.090714 ], [ 14.328443, 50.092862 ], [ 14.333352, 50.093442 ], [ 14.345112, 50.095674 ], [ 14.347861, 50.095558 ], [ 14.352505, 50.094991 ], [ 14.353127, 50.095024 ], [ 14.353082, 50.094521 ] ] ] } },
{ "type": "Feature", "properties": { "id": "729418", "name": "Vokovice", "district_id": "500178", "population_est": 968 }, "geometry": { "type": "Polygon", "coordinates": [ [ [ 14.334831, 50.103899 ], [ 14.335255, 50.103766 ], [ 14.335038, 50.104403 ], [ 14.335059, 50.105538 ], [ 14.335373, 50.106104 ], [ 14.335327, 50.106982 ], [ 14.335646, 50.107547 ], [ 14.336679, 50.108382 ], [ 14.337888, 50.108452 ], [ 14.339284, 50.107977 ], [ 14.339628, 50.107723 ], [ 14.340078, 50.107605 ], [ 14.340606, 50.107696 ], [ 14.34094, 50.107493 ], [ 14.341942, 50.107308 ], [ 14.342243, 50.106839 ], [ 14.342752, 50.106697 ], [ 14.343308, 50.10666 ], [ 14.343708, 50.10697 ], [ 14.348376, 50.106263 ], [ 14.34888, 50.105978 ], [ 14.348427, 50.105511 ], [ 14.349641, 50.10478 ], [ 14.352108, 50.103838 ], [ 14.354281, 50.103507 ], [ 14.354233, 50.103104 ], [ 14.354756, 50.102673 ], [ 14.358928, 50.103237 ], [ 14.360759, 50.102762 ], [ 14.36161, 50.102276 ], [ 14.363112, 50.100198 ], [ 14.365496, 50.098712 ], [ 14.367176, 50.098174 ], [ 14.36796, 50.096834 ], [ 14.368819, 50.096844 ], [ 14.369042, 50.09602 ], [ 14.367656, 50.095754 ], [ 14.362597, 50.094247 ], [ 14.357223, 50.093194 ], [ 14.356186, 50.093162 ], [ 14.35482, 50.09353 ], [ 14.353089, 50.094505 ], [ 14.353127, 50.095024 ], [ 14.352505, 50.094991 ], [ 14.347861, 50.095558 ], [ 14.345112, 50.095674 ], [ 14.34428, 50.095425 ], [ 14.332444, 50.093307 ], [ 14.328069, 50.092822 ], [ 14.327645, 50.093858 ], [ 14.326128, 50.093309 ], [ 14.325217, 50.094025 ], [ 14.325217, 50.094263 ], [ 14.326122, 50.094609 ], [ 14.327318, 50.095568 ], [ 14.326528, 50.095919 ], [ 14.326719, 50.096426 ], [ 14.327675, 50.096644 ], [ 14.328057, 50.096988 ], [ 14.327565, 50.097278 ], [ 14.326442, 50.096999 ], [ 14.325999, 50.097696 ], [ 14.325833, 50.098461 ], [ 14.326037, 50.098501 ], [ 14.325865, 50.098735 ], [ 14.327849, 50.100122 ], [ 14.327277, 50.100378 ], [ 14.326882, 50.101903 ], [ 14.326324, 50.102289 ], [ 14.3259, 50.102841 ], [ 14.325738, 50.103505 ], [ 14.325314, 50.103933 ], [ 14.325467, 50.10514 ], [ 14.324696, 50.106666 ], [ 14.327575, 50.107499 ], [ 14.32997, 50.108783 ], [ 14.331358, 50.108994 ], [ 14.333023, 50.107565 ], [ 14.333086, 50.106733 ], [ 14.334831, 50.103899 ] ] ] } },
{ "type": "Feature", "properties": { "id": "729582", "name": "Břevnov", "district_id": "500178", "population_est": 2694 }, "geometry": { "type": "Polygon", "coordinates": [ [ [ 14.358751, 50.091732 ], [ 14.368435, 50.092199 ], [ 14.3685, 50.090774 ], [ 14.36895, 50.0906 ], [ 14.36963, 50.089668 ], [ 14.370216, 50.088363 ], [ 14.373746, 50.088867 ], [ 14.379138, 50.088951 ], [ 14.379398, 50.088751 ], [ 14.379195, 50.08824 ], [ 14.379383, 50.088029 ], [ 14.381445, 50.087576 ], [ 14.382122, 50.08557 ], [ 14.38562, 50.086441 ], [ 14.384913, 50.085389 ], [ 14.38682, 50.084826 ], [ 14.387313, 50.085074 ], [ 14.388433, 50.084108 ], [ 14.387935, 50.083874 ], [ 14.388095, 50.083051 ], [ 14.38932, 50.083126 ], [ 14.389605, 50.083486 ], [ 14.391095, 50.082982 ], [ 14.390788, 50.082637 ], [ 14.391123, 50.081844 ], [ 14.392357, 50.082058 ], [ 14.392586, 50.082428 ], [ 14.394207, 50.082016 ], [ 14.393981, 50.08164 ], [ 14.394403, 50.080899 ], [ 14.395562, 50.081189 ], [ 14.395818, 50.08156 ], [ 14.397413, 50.081096 ], [ 14.397135, 50.080722 ], [ 14.397651, 50.080002 ], [ 14.395079, 50.079051 ], [ 14.393836, 50.078862 ], [ 14.392459, 50.078372 ], [ 14.392568, 50.07816 ], [ 14.389534, 50.077896 ], [ 14.387818, 50.07796 ], [ 14.387895, 50.078463 ], [ 14.379759, 50.079454 ], [ 14.379805, 50.078962 ], [ 14.378097, 50.078774 ], [ 14.377225, 50.078153 ], [ 14.375004, 50.078118 ], [ 14.374349, 50.077834 ], [ 14.37419, 50.077944 ], [ 14.371085, 50.078118 ], [ 14.370956, 50.078363 ], [ 14.372415, 50.078686 ], [ 14.373488, 50.079188 ], [ 14.373557, 50.079368 ], [ 14.373357, 50.079442 ], [ 14.36786, 50.078945 ], [ 14.367106, 50.079022 ], [ 14.363955, 50.07879 ], [ 14.360008, 50.078327 ], [ 14.356897, 50.078219 ], [ 14.356586, 50.077116 ], [ 14.354323, 50.077287 ], [ 14.350343, 50.07664 ], [ 14.348971, 50.075896 ], [ 14.34709, 50.075626 ], [ 14.345751, 50.075674 ], [ 14.345433, 50.075837 ], [ 14.3455, 50.076049 ], [ 14.343657, 50.075831 ], [ 14.341842, 50.075415 ], [ 14.341296, 50.07568 ], [ 14.340479, 50.075338 ], [ 14.339902, 50.075874 ], [ 14.338608, 50.075579 ], [ 14.338601, 50.075205 ], [ 14.336123, 50.074667 ], [ 14.334696, 50.074534 ], [ 14.334424, 50.075475 ], [ 14.32546, 50.074549 ], [ 14.325775, 50.076286 ], [ 14.323769, 50.076231 ], [ 14.323726, 50.076852 ], [ 14.324732, 50.079481 ], [ 14.325038, 50.079537 ], [ 14.325307, 50.079931 ], [ 14.325463, 50.080757 ], [ 14.330644, 50.079772 ], [ 14.33424, 50.078606 ], [ 14.334654, 50.078608 ], [ 14.337427, 50.078987 ], [ 14.341742, 50.080727 ], [ 14.342541, 50.08151 ], [ 14.342724, 50.082909 ], [ 14.342507, 50.083081 ], [ 14.338211, 50.084903 ], [ 14.338951, 50.085796 ], [ 14.337839, 50.085768 ], [ 14.33729, 50.085898 ], [ 14.336617, 50.086336 ], [ 14.335047, 50.086958 ], [ 14.334187, 50.087649 ], [ 14.333212, 50.087842 ], [ 14.333901, 50.087921 ], [ 14.334712, 50.088247 ], [ 14.335157, 50.087827 ], [ 14.335499, 50.087857 ], [ 14.336283, 50.088304 ], [ 14.337574, 50.088501 ], [ 14.339558, 50.089153 ], [ 14.340874, 50.088849 ], [ 14.340002, 50.087345 ], [ 14.340175, 50.087063 ], [ 14.358751, 50.091732 ] ] ] } },
{ "type": "Feature", "properties": { "id": "729701", "name": "Řepy", "district_id": "547174", "population_est": 1448 }, "geometry": { "type": "Polygon", "coordinates": [ [ [ 14.293364, 50.077641 ], [ 14.293716, 50.077314 ], [ 14.295207, 50.077575 ], [ 14.295862, 50.077393 ], [ 14.296331, 50.077028 ], [ 14.300316, 50.076927 ], [ 14.304316, 50.077221 ], [ 14.313881, 50.075844 ], [ 14.314941, 50.075932 ], [ 14.314971, 50.076089 ], [ 14.318549, 50.075951 ], [ 14.318907, 50.076126 ], [ 14.320099, 50.075851 ], [ 14.320061, 50.076277 ], [ 14.321839, 50.076377 ], [ 14.323955, 50.076222 ], [ 14.325775, 50.076286 ], [ 14.325618, 50.074881 ], [ 14.325464, 50.07482 ], [ 14.325628, 50.074116 ], [ 14.324985, 50.073956 ], [ 14.324659, 50.073568 ], [ 14.323378, 50.073273 ], [ 14.323178, 50.073362 ], [ 14.322408, 50.07318 ], [ 14.321796, 50.073573 ], [ 14.32229, 50.071782 ], [ 14.322938, 50.070774 ], [ 14.322486, 50.068551 ], [ 14.322823, 50.067241 ], [ 14.321792, 50.065585 ], [ 14.322323, 50.065221 ], [ 14.319693, 50.064957 ], [ 14.31843, 50.064685 ], [ 14.314819, 50.063087 ], [ 14.30977, 50.061831 ], [ 14.304509, 50.060931 ], [ 14.304184, 50.061052 ], [ 14.303118, 50.06161 ], [ 14.302933, 50.062105 ], [ 14.302198, 50.062104 ], [ 14.30089, 50.062785 ], [ 14.301029, 50.062971 ], [ 14.300812, 50.062958 ], [ 14.299392, 50.063793 ], [ 14.298473, 50.064505 ], [ 14.297292, 50.065015 ], [ 14.29721, 50.065416 ], [ 14.296511, 50.065288 ], [ 14.295027, 50.066032 ], [ 14.294808, 50.065886 ], [ 14.293101, 50.06672 ], [ 14.291817, 50.070245 ], [ 14.29198, 50.07025 ], [ 14.291367, 50.074595 ], [ 14.291417, 50.075017 ], [ 14.292074, 50.075966 ], [ 14.293587, 50.077217 ], [ 14.293364, 50.077641 ] ] ] } },
{ "type": "Feature", "properties": { "id": "729710", "name": "Ruzyně", "district_id": "500178", "population_est": 1286 }, "geometry": { "type": "Polygon", "coordinates": [ [ [ 14.278913, 50.11916 ], [ 14.284737, 50.115549 ], [ 14.285351, 50.115754 ], [ 14.285634, 50.115706 ], [ 14.28726, 50.114947 ], [ 14.286917, 50.114327 ], [ 14.288225, 50.11343 ], [ 14.287911, 50.113274 ], [ 14.288298, 50.113382 ], [ 14.288773, 50.113035 ], [ 14.288638, 50.112908 ], [ 14.288856, 50.112849 ], [ 14.289091, 50.11216 ], [ 14.290948, 50.110366 ], [ 14.292904, 50.107755 ], [ 14.294083, 50.105527 ], [ 14.294896, 50.103367 ], [ 14.296042, 50.097524 ], [ 14.296335, 50.097068 ], [ 14.296311, 50.096118 ], [ 14.296891, 50.095302 ], [ 14.297398, 50.095326 ], [ 14.298302, 50.095809 ], [ 14.298718, 50.098242 ], [ 14.301026, 50.098695 ], [ 14.301049, 50.098096 ], [ 14.303149, 50.098357 ], [ 14.30339, 50.097893 ], [ 14.301796, 50.097589 ], [ 14.302243, 50.096939 ], [ 14.302219, 50.096655 ], [ 14.302452, 50.096566 ], [ 14.304612, 50.096794 ], [ 14.304629, 50.096587 ], [ 14.308192, 50.096915 ], [ 14.308253, 50.095829 ], [ 14.310062, 50.095818 ], [ 14.309665, 50.094874 ], [ 14.307364, 50.095202 ], [ 14.307605, 50.094866 ], [ 14.307524, 50.094419 ], [ 14.30552, 50.094528 ], [ 14.303999, 50.094366 ], [ 14.304204, 50.093213 ], [ 14.303581, 50.0931 ], [ 14.303802, 50.092472 ], [ 14.305078, 50.092618 ], [ 14.305258, 50.092153 ], [ 14.307883, 50.09247 ], [ 14.308292, 50.091992 ], [ 14.308242, 50.09174 ], [ 14.308027, 50.091773 ], [ 14.308511, 50.090837 ], [ 14.312139, 50.091688 ], [ 14.314508, 50.092068 ], [ 14.315702, 50.091379 ], [ 14.319182, 50.090432 ], [ 14.323882, 50.09001 ], [ 14.323607, 50.089067 ], [ 14.322827, 50.087808 ], [ 14.32366, 50.087967 ], [ 14.323793, 50.087128 ], [ 14.32583, 50.087268 ], [ 14.325199, 50.0859 ], [ 14.325363, 50.085836 ], [ 14.324311, 50.085228 ], [ 14.322009, 50.084594 ], [ 14.320774, 50.083221 ], [ 14.320585, 50.082251 ], [ 14.321286, 50.081554 ], [ 14.325463, 50.080757 ], [ 14.325307, 50.079931 ], [ 14.325038, 50.079537 ], [ 14.324732, 50.079481 ], [ 14.323726, 50.076852 ], [ 14.323769, 50.076231 ], [ 14.321839, 50.076377 ], [ 14.320061, 50.076277 ], [ 14.320099, 50.075851 ], [ 14.318907, 50.076126 ], [ 14.318549, 50.075951 ], [ 14.314971, 50.076089 ], [ 14.314941, 50.075932 ], [ 14.313881, 50.075844 ], [ 14.304316, 50.077221 ], [ 14.300316, 50.076927 ], [ 14.296331, 50.077028 ], [ 14.295862, 50.077393 ], [ 14.295207, 50.077575 ], [ 14.293716, 50.077314 ], [ 14.293364, 50.077641 ], [ 14.292643, 50.077373 ], [ 14.289922, 50.077217 ], [ 14.289944, 50.076991 ], [ 14.289407, 50.077006 ], [ 14.289446, 50.077216 ], [ 14.288001, 50.07729 ], [ 14.287992, 50.077744 ], [ 14.285082, 50.07834 ], [ 14.285406, 50.081289 ], [ 14.283999, 50.081665 ], [ 14.282681, 50.081743 ], [ 14.277567, 50.081191 ], [ 14.275326, 50.081151 ], [ 14.274569, 50.084618 ], [ 14.27455, 50.085861 ], [ 14.27342, 50.087699 ], [ 14.272702, 50.087658 ], [ 14.271032, 50.086217 ], [ 14.268799, 50.086124 ], [ 14.268344, 50.085827 ], [ 14.265223, 50.087368 ], [ 14.261167, 50.087175 ], [ 14.261073, 50.09637 ], [ 14.260338, 50.096686 ], [ 14.255423, 50.096796 ], [ 14.254512, 50.097143 ], [ 14.254069, 50.097861 ], [ 14.254255, 50.098349 ], [ 14.254736, 50.098741 ], [ 14.258418, 50.099464 ], [ 14.249912, 50.103549 ], [ 14.246983, 50.103184 ], [ 14.247248, 50.102863 ], [ 14.24615, 50.10299 ], [ 14.238949, 50.102109 ], [ 14.237795, 50.101312 ], [ 14.237026, 50.101106 ], [ 14.236115, 50.101237 ], [ 14.233625, 50.102294 ], [ 14.23296, 50.102344 ], [ 14.2266, 50.100473 ], [ 14.226179, 50.10067 ], [ 14.224553, 50.102917 ], [ 14.224604, 50.103231 ], [ 14.225539, 50.104083 ], [ 14.228131, 50.104466 ], [ 14.230575, 50.10517 ], [ 14.230832, 50.105314 ], [ 14.23101, 50.105793 ], [ 14.232823, 50.106356 ], [ 14.236487, 50.107441 ], [ 14.236853, 50.107383 ], [ 14.237498, 50.106817 ], [ 14.239397, 50.107362 ], [ 14.239473, 50.107585 ], [ 14.239064, 50.108089 ], [ 14.237683, 50.108876 ], [ 14.237088, 50.110301 ], [ 14.237129, 50.11059 ], [ 14.238228, 50.111519 ], [ 14.238088, 50.111584 ], [ 14.238368, 50.111568 ], [ 14.23888, 50.11188 ], [ 14.240566, 50.111378 ], [ 14.242457, 50.111252 ], [ 14.245185, 50.110057 ], [ 14.250105, 50.110871 ], [ 14.254137, 50.111838 ], [ 14.25615, 50.112619 ], [ 14.256436, 50.113238 ], [ 14.256114, 50.113361 ], [ 14.257235, 50.114644 ], [ 14.259125, 50.114047 ], [ 14.260119, 50.113523 ], [ 14.278913, 50.11916 ] ] ] } },
{ "type": "Feature", "properties": { "id": "729795", "name": "Liboc", "district_id": "500178", "population_est": 904 }, "geometry": { "type": "Polygon", "coordinates": [ [ [ 14.295252, 50.106927 ], [ 14.301123, 50.102914 ], [ 14.307843, 50.103455 ], [ 14.316695, 50.105585 ], [ 14.319319, 50.106007 ], [ 14.322477, 50.106852 ], [ 14.32428, 50.107147 ], [ 14.325467, 50.10514 ], [ 14.325314, 50.103933 ], [ 14.325738, 50.103505 ], [ 14.3259, 50.102841 ], [ 14.326324, 50.102289 ], [ 14.326882, 50.101903 ], [ 14.327277, 50.100378 ], [ 14.327849, 50.100122 ], [ 14.326165, 50.099035 ], [ 14.325865, 50.098735 ], [ 14.326037, 50.098501 ], [ 14.325833, 50.098461 ], [ 14.326054, 50.097549 ], [ 14.326442, 50.096999 ], [ 14.327565, 50.097278 ], [ 14.328057, 50.096988 ], [ 14.327675, 50.096644 ], [ 14.326719, 50.096426 ], [ 14.326528, 50.095919 ], [ 14.327318, 50.095568 ], [ 14.326122, 50.094609 ], [ 14.325217, 50.094263 ], [ 14.325217, 50.094025 ], [ 14.326128, 50.093309 ], [ 14.327645, 50.093858 ], [ 14.328069, 50.092822 ], [ 14.328443, 50.092862 ], [ 14.329045, 50.090661 ], [ 14.33136, 50.090698 ], [ 14.335074, 50.089746 ], [ 14.335098, 50.089098 ], [ 14.334411, 50.088527 ], [ 14.334712, 50.088247 ], [ 14.333901, 50.087921 ], [ 14.333212, 50.087842 ], [ 14.334187, 50.087649 ], [ 14.335047, 50.086958 ], [ 14.336617, 50.086336 ], [ 14.33729, 50.085898 ], [ 14.337839, 50.085768 ], [ 14.338951, 50.085796 ], [ 14.338211, 50.084903 ], [ 14.342724, 50.082909 ], [ 14.342541, 50.08151 ], [ 14.341786, 50.08076 ], [ 14.337427, 50.078987 ], [ 14.33424, 50.078606 ], [ 14.330644, 50.079772 ], [ 14.321286, 50.081554 ], [ 14.320606, 50.08209 ], [ 14.320914, 50.083395 ], [ 14.322036, 50.08461 ], [ 14.324311, 50.085228 ], [ 14.325204, 50.085707 ], [ 14.325478, 50.086674 ], [ 14.325805, 50.08709 ], [ 14.32583, 50.087268 ], [ 14.323793, 50.087128 ], [ 14.32366, 50.087967 ], [ 14.322827, 50.087808 ], [ 14.323607, 50.089067 ], [ 14.323882, 50.09001 ], [ 14.319182, 50.090432 ], [ 14.315702, 50.091379 ], [ 14.314508, 50.092068 ], [ 14.312139, 50.091688 ], [ 14.308511, 50.090837 ], [ 14.308027, 50.091773 ], [ 14.308242, 50.09174 ], [ 14.308292, 50.091992 ], [ 14.307883, 50.09247 ], [ 14.305258, 50.092153 ], [ 14.305078, 50.092618 ], [ 14.303802, 50.092472 ], [ 14.303581, 50.0931 ], [ 14.304204, 50.093213 ], [ 14.303999, 50.094366 ], [ 14.30552, 50.094528 ], [ 14.307524, 50.094419 ], [ 14.307605, 50.094866 ], [ 14.307364, 50.095202 ], [ 14.309665, 50.094874 ], [ 14.310062, 50.095818 ], [ 14.308253, 50.095829 ], [ 14.308192, 50.096915 ], [ 14.304629, 50.096587 ], [ 14.304612, 50.096794 ], [ 14.302452, 50.096566 ], [ 14.302219, 50.096655 ], [ 14.302243, 50.096939 ], [ 14.301796, 50.097589 ], [ 14.30339, 50.097893 ], [ 14.303149, 50.098357 ], [ 14.301049, 50.098096 ], [ 14.301026, 50.098695 ], [ 14.298718, 50.098242 ], [ 14.298209, 50.095669 ], [ 14.297001, 50.095231 ], [ 14.296585, 50.095579 ], [ 14.296311, 50.096118 ], [ 14.296335, 50.097068 ], [ 14.296042, 50.097524 ], [ 14.295065, 50.102798 ], [ 14.293697, 50.106351 ], [ 14.295252, 50.106927 ] ] ] } },
{ "type": "Feature", "properties": { "id": "730041", "name": "Sedlec", "district_id": "500178", "population_est": 236 }, "geometry": { "type": "Polygon", "coordinates": [ [ [ 14.389206, 50.140239 ], [ 14.389317, 50.139376 ], [ 14.389708, 50.139587 ], [ 14.392862, 50.138521 ], [ 14.393857, 50.138353 ], [ 14.392725, 50.137319 ], [ 14.392371, 50.136307 ], [ 14.392568, 50.135559 ], [ 14.393593, 50.134458 ], [ 14.394866, 50.133651 ], [ 14.399635, 50.131276 ], [ 14.400569, 50.130529 ], [ 14.400948, 50.129464 ], [ 14.400856, 50.127217 ], [ 14.400211, 50.1264 ], [ 14.396433, 50.122943 ], [ 14.395024, 50.121875 ], [ 14.394497, 50.121769 ], [ 14.393369, 50.121906 ], [ 14.394, 50.122659 ], [ 14.393482, 50.122615 ], [ 14.392287, 50.123715 ], [ 14.391218, 50.124152 ], [ 14.389945, 50.124218 ], [ 14.388743, 50.124618 ], [ 14.389942, 50.125697 ], [ 14.389823, 50.126242 ], [ 14.388496, 50.127663 ], [ 14.38757, 50.127763 ], [ 14.385791, 50.128938 ], [ 14.382212, 50.13036 ], [ 14.383688, 50.131531 ], [ 14.383932, 50.131977 ], [ 14.383817, 50.134404 ], [ 14.382766, 50.135786 ], [ 14.38487, 50.137464 ], [ 14.383469, 50.137917 ], [ 14.384842, 50.138399 ], [ 14.38773, 50.138726 ], [ 14.389206, 50.140239 ] ] ] } },
{ "type": "Feature", "properties": { "id": "730106", "name": "Bubeneč", "district_id": "500186", "population_est": 1412 }, "geometry": { "type": "Polygon", "coordinates": [ [ [ 14.409673, 50.113662 ], [ 14.416725, 50.114594 ], [ 14.418733, 50.114416 ], [ 14.420705, 50.113895 ], [ 14.423878, 50.112731 ], [ 14.426229, 50.112231 ], [ 14.430585, 50.111738 ], [ 14.430416, 50.111082 ], [ 14.428223, 50.111105 ], [ 14.428106, 50.110516 ], [ 14.42845, 50.110443 ], [ 14.428747, 50.109915 ], [ 14.431429, 50.109278 ], [ 14.433109, 50.108692 ], [ 14.435047, 50.107803 ], [ 14.435855, 50.106949 ], [ 14.430949, 50.103833 ], [ 14.429864, 50.103534 ], [ 14.426052, 50.103107 ], [ 14.426925, 50.101086 ], [ 14.424055, 50.100609 ], [ 14.422517, 50.100031 ], [ 14.407653, 50.097733 ], [ 14.407177, 50.099587 ], [ 14.399633, 50.098547 ], [ 14.395489, 50.100655 ], [ 14.394099, 50.111985 ], [ 14.392982, 50.113449 ], [ 14.391875, 50.11539 ], [ 14.392102, 50.115672 ], [ 14.393879, 50.116293 ], [ 14.393475, 50.117969 ], [ 14.393723, 50.119523 ], [ 14.395024, 50.121875 ], [ 14.395902, 50.122052 ], [ 14.396035, 50.121214 ], [ 14.397114, 50.11955 ], [ 14.399595, 50.117143 ], [ 14.401989, 50.115303 ], [ 14.403582, 50.114428 ], [ 14.405418, 50.113944 ], [ 14.407576, 50.113529 ], [ 14.409673, 50.113662 ] ] ] } },
{ "type": "Feature", "properties": { "id": "750573", "name": "Holyně", "district_id": "539678", "population_est": 164 }, "geometry": { "type": "Polygon", "coordinates": [ [ [ 14.35301, 50.035595 ], [ 14.354394, 50.035618 ], [ 14.354078, 50.035319 ], [ 14.354058, 50.035004 ], [ 14.355181, 50.033313 ], [ 14.355073, 50.03166 ], [ 14.357231, 50.030857 ], [ 14.357454, 50.03008 ], [ 14.357167, 50.029948 ], [ 14.357353, 50.029368 ], [ 14.356476, 50.02923 ], [ 14.356117, 50.029035 ], [ 14.356219, 50.028402 ], [ 14.355466, 50.028408 ], [ 14.355413, 50.027339 ], [ 14.356089, 50.027337 ], [ 14.356103, 50.027211 ], [ 14.355397, 50.027175 ], [ 14.355852, 50.025461 ], [ 14.351945, 50.024573 ], [ 14.350995, 50.023942 ], [ 14.349654, 50.023589 ], [ 14.347581, 50.023292 ], [ 14.345237, 50.023271 ], [ 14.342152, 50.022682 ], [ 14.341805, 50.022479 ], [ 14.341591, 50.021251 ], [ 14.337459, 50.02126 ], [ 14.334956, 50.021056 ], [ 14.333331, 50.021138 ], [ 14.330132, 50.02088 ], [ 14.328322, 50.021166 ], [ 14.328862, 50.022159 ], [ 14.330178, 50.022162 ], [ 14.330895, 50.022902 ], [ 14.331016, 50.023478 ], [ 14.331726, 50.023533 ], [ 14.332817, 50.026 ], [ 14.332314, 50.026705 ], [ 14.332358, 50.026922 ], [ 14.332806, 50.027347 ], [ 14.33427, 50.027968 ], [ 14.334844, 50.028859 ], [ 14.334999, 50.029145 ], [ 14.334082, 50.029412 ], [ 14.333838, 50.030865 ], [ 14.335902, 50.031805 ], [ 14.337208, 50.031644 ], [ 14.33851, 50.031853 ], [ 14.338454, 50.03236 ], [ 14.33795, 50.032698 ], [ 14.338505, 50.032797 ], [ 14.340548, 50.032161 ], [ 14.341604, 50.032215 ], [ 14.342401, 50.032559 ], [ 14.342756, 50.031851 ], [ 14.344279, 50.032274 ], [ 14.345573, 50.033224 ], [ 14.346778, 50.033744 ], [ 14.348806, 50.03437 ], [ 14.350213, 50.034525 ], [ 14.35064, 50.034907 ], [ 14.351625, 50.035379 ], [ 14.35301, 50.035595 ] ] ] } },
{ "type": "Feature", "properties": { "id": "750590", "name": "Slivenec", "district_id": "539678", "population_est": 1320 }, "geometry": { "type": "Polygon", "coordinates": [ [ [ 14.363169, 50.026262 ], [ 14.365825, 50.022332 ], [ 14.368137, 50.023602 ], [ 14.37169, 50.026168 ], [ 14.374494, 50.027076 ], [ 14.376546, 50.024242 ], [ 14.37603, 50.0234 ], [ 14.374918, 50.022376 ], [ 14.373134, 50.021687 ], [ 14.371626, 50.021443 ], [ 14.373493, 50.020072 ], [ 14.371982, 50.019616 ], [ 14.371091, 50.019168 ], [ 14.369465, 50.018172 ], [ 14.368689, 50.017463 ], [ 14.367922, 50.015072 ], [ 14.368528, 50.013638 ], [ 14.367939, 50.012357 ], [ 14.368224, 50.011951 ], [ 14.366908, 50.010558 ], [ 14.36708, 50.008448 ], [ 14.366951, 50.007252 ], [ 14.360174, 50.006291 ], [ 14.356602, 50.006407 ], [ 14.356934, 50.007757 ], [ 14.356982, 50.009091 ], [ 14.356351, 50.009095 ], [ 14.343922, 50.007084 ], [ 14.342824, 50.007857 ], [ 14.340845, 50.006789 ], [ 14.339087, 50.005533 ], [ 14.337894, 50.005785 ], [ 14.33716, 50.00615 ], [ 14.335278, 50.00651 ], [ 14.329835, 50.004652 ], [ 14.324913, 50.008104 ], [ 14.325775, 50.009238 ], [ 14.325336, 50.009166 ], [ 14.32804, 50.012747 ], [ 14.328865, 50.013656 ], [ 14.329647, 50.014042 ], [ 14.328161, 50.014048 ], [ 14.328164, 50.016401 ], [ 14.327226, 50.016403 ], [ 14.327234, 50.017471 ], [ 14.328104, 50.017469 ], [ 14.32722, 50.018175 ], [ 14.324062, 50.021681 ], [ 14.326426, 50.021627 ], [ 14.328513, 50.021397 ], [ 14.328322, 50.021166 ], [ 14.329911, 50.020882 ], [ 14.333331, 50.021138 ], [ 14.334956, 50.021056 ], [ 14.337459, 50.02126 ], [ 14.341591, 50.021251 ], [ 14.341805, 50.022479 ], [ 14.342509, 50.022774 ], [ 14.345237, 50.023271 ], [ 14.347581, 50.023292 ], [ 14.349654, 50.023589 ], [ 14.350995, 50.023942 ], [ 14.351945, 50.024573 ], [ 14.355852, 50.025461 ], [ 14.356081, 50.024988 ], [ 14.356647, 50.024724 ], [ 14.359506, 50.024888 ], [ 14.359853, 50.025174 ], [ 14.359758, 50.0253 ], [ 14.363169, 50.026262 ] ] ] } },
{ "type": "Feature", "properties": { "id": "762130", "name": "Šeberov", "district_id": "539724", "population_est": 963 }, "geometry": { "type": "Polygon", "coordinates": [ [ [ 14.511355, 50.021223 ], [ 14.519871, 50.017963 ], [ 14.520271, 50.017628 ], [ 14.520338, 50.017313 ], [ 14.520906, 50.017355 ], [ 14.521966, 50.017153 ], [ 14.535552, 50.011824 ], [ 14.533625, 50.011613 ], [ 14.529541, 50.010861 ], [ 14.52754, 50.010912 ], [ 14.526743, 50.010341 ], [ 14.523155, 50.008492 ], [ 14.521062, 50.007795 ], [ 14.523101, 50.006426 ], [ 14.525672, 50.003948 ], [ 14.530087, 50.000789 ], [ 14.529263, 50.000453 ], [ 14.524389, 49.997508 ], [ 14.519201, 49.997174 ], [ 14.519399, 49.996297 ], [ 14.51826, 49.996194 ], [ 14.518987, 49.994926 ], [ 14.518018, 49.994491 ], [ 14.517583, 49.995235 ], [ 14.516157, 49.995017 ], [ 14.51622, 49.99491 ], [ 14.513488, 49.994608 ], [ 14.513814, 49.992657 ], [ 14.509842, 49.992318 ], [ 14.509877, 49.992462 ], [ 14.508252, 49.992213 ], [ 14.507581, 49.993547 ], [ 14.509423, 49.993928 ], [ 14.507309, 49.997571 ], [ 14.50717, 49.998429 ], [ 14.50614, 49.998343 ], [ 14.505347, 50.001088 ], [ 14.504763, 50.000946 ], [ 14.504112, 50.001298 ], [ 14.50348, 50.000751 ], [ 14.502457, 50.000254 ], [ 14.497462, 49.999179 ], [ 14.498106, 50.000453 ], [ 14.497745, 50.001121 ], [ 14.496279, 50.001 ], [ 14.494103, 50.001172 ], [ 14.493967, 50.001934 ], [ 14.494913, 50.002098 ], [ 14.494878, 50.002199 ], [ 14.496011, 50.002544 ], [ 14.497426, 50.003395 ], [ 14.498326, 50.004696 ], [ 14.497355, 50.005684 ], [ 14.495745, 50.005055 ], [ 14.49464, 50.005301 ], [ 14.4944, 50.005567 ], [ 14.494572, 50.006055 ], [ 14.495634, 50.007573 ], [ 14.497491, 50.008126 ], [ 14.497929, 50.008405 ], [ 14.498813, 50.00851 ], [ 14.501471, 50.010864 ], [ 14.501447, 50.011076 ], [ 14.501895, 50.01116 ], [ 14.502194, 50.013822 ], [ 14.501675, 50.014834 ], [ 14.500365, 50.020239 ], [ 14.502509, 50.019868 ], [ 14.504537, 50.019845 ], [ 14.507492, 50.020389 ], [ 14.509698, 50.021107 ], [ 14.511355, 50.021223 ] ] ] } },
{ "type": "Feature", "properties": { "id": "770353", "name": "Třebonice", "district_id": "539694", "population_est": 295 }, "geometry": { "type": "Polygon", "coordinates": [ [ [ 14.295486, 50.057795 ], [ 14.29666, 50.055515 ], [ 14.298059, 50.054146 ], [ 14.298638, 50.051386 ], [ 14.299494, 50.051436 ], [ 14.300714, 50.049333 ], [ 14.30108, 50.049335 ], [ 14.301446, 50.046529 ], [ 14.301237, 50.046414 ], [ 14.301158, 50.045144 ], [ 14.30135, 50.044098 ], [ 14.300362, 50.043404 ], [ 14.299305, 50.04311 ], [ 14.297699, 50.043052 ], [ 14.295632, 50.043352 ], [ 14.294779, 50.040606 ], [ 14.291973, 50.041517 ], [ 14.291128, 50.0419 ], [ 14.290996, 50.042175 ], [ 14.289466, 50.043061 ], [ 14.287601, 50.043625 ], [ 14.287157, 50.043679 ], [ 14.286756, 50.042393 ], [ 14.283531, 50.042784 ], [ 14.282939, 50.038896 ], [ 14.285637, 50.038701 ], [ 14.284598, 50.037833 ], [ 14.287298, 50.037715 ], [ 14.291813, 50.037786 ], [ 14.291995, 50.037644 ], [ 14.291829, 50.037055 ], [ 14.29194, 50.036197 ], [ 14.293295, 50.032545 ], [ 14.294268, 50.030569 ], [ 14.295049, 50.029701 ], [ 14.290782, 50.027834 ], [ 14.28894, 50.027359 ], [ 14.28729, 50.028039 ], [ 14.285917, 50.028916 ], [ 14.282134, 50.031972 ], [ 14.279899, 50.033171 ], [ 14.276181, 50.034742 ], [ 14.274445, 50.035656 ], [ 14.27193, 50.037668 ], [ 14.27017, 50.040177 ], [ 14.269296, 50.042828 ], [ 14.268731, 50.043114 ], [ 14.268712, 50.043416 ], [ 14.26995, 50.043442 ], [ 14.270365, 50.044944 ], [ 14.271071, 50.046392 ], [ 14.270568, 50.04637 ], [ 14.270537, 50.046561 ], [ 14.270984, 50.046691 ], [ 14.271113, 50.047012 ], [ 14.270371, 50.048281 ], [ 14.269348, 50.048731 ], [ 14.268244, 50.048771 ], [ 14.268333, 50.049218 ], [ 14.270858, 50.049441 ], [ 14.272706, 50.050691 ], [ 14.271568, 50.05316 ], [ 14.27169, 50.05435 ], [ 14.27238, 50.053164 ], [ 14.279049, 50.054888 ], [ 14.280393, 50.055382 ], [ 14.281307, 50.055445 ], [ 14.280936, 50.054115 ], [ 14.280935, 50.053042 ], [ 14.282003, 50.05314 ], [ 14.282277, 50.052185 ], [ 14.284522, 50.052434 ], [ 14.28375, 50.056084 ], [ 14.283991, 50.056214 ], [ 14.287499, 50.057759 ], [ 14.287585, 50.057646 ], [ 14.285806, 50.056891 ], [ 14.28594, 50.056727 ], [ 14.289022, 50.057545 ], [ 14.29242, 50.058178 ], [ 14.29493, 50.058434 ], [ 14.295486, 50.057795 ] ] ] } },
{ "type": "Feature", "properties": { "id": "773395", "name": "Hájek", "district_id": "538931", "population_est": 242 }, "geometry": { "type": "Polygon", "coordinates": [ [ [ 14.626499, 50.059468 ], [ 14.624591, 50.059182 ], [ 14.625404, 50.057843 ], [ 14.625135, 50.057363 ], [ 14.625461, 50.055633 ], [ 14.628022, 50.055032 ], [ 14.631312, 50.05359 ], [ 14.632953, 50.055 ], [ 14.63767, 50.056184 ], [ 14.637898, 50.057168 ], [ 14.638752, 50.05709 ], [ 14.638621, 50.057365 ], [ 14.638959, 50.057421 ], [ 14.639653, 50.057467 ], [ 14.640039, 50.057236 ], [ 14.640262, 50.056965 ], [ 14.640671, 50.055059 ], [ 14.640834, 50.054858 ], [ 14.641329, 50.054829 ], [ 14.641398, 50.054703 ], [ 14.641284, 50.052828 ], [ 14.640699, 50.051311 ], [ 14.641046, 50.049051 ], [ 14.640855, 50.048687 ], [ 14.639886, 50.048428 ], [ 14.63799, 50.048349 ], [ 14.637571, 50.047374 ], [ 14.634935, 50.046728 ], [ 14.633777, 50.045908 ], [ 14.631583, 50.046323 ], [ 14.631166, 50.045177 ], [ 14.628467, 50.044253 ], [ 14.627456, 50.044233 ], [ 14.628139, 50.043254 ], [ 14.628241, 50.042556 ], [ 14.628077, 50.041915 ], [ 14.627585, 50.041368 ], [ 14.624967, 50.042839 ], [ 14.623724, 50.044121 ], [ 14.622139, 50.044893 ], [ 14.619572, 50.04567 ], [ 14.618119, 50.04587 ], [ 14.616384, 50.046378 ], [ 14.615265, 50.046934 ], [ 14.615345, 50.047114 ], [ 14.615182, 50.04708 ], [ 14.613389, 50.048108 ], [ 14.606075, 50.050845 ], [ 14.602475, 50.055245 ], [ 14.606816, 50.05605 ], [ 14.611561, 50.05647 ], [ 14.615782, 50.055728 ], [ 14.615799, 50.057612 ], [ 14.617323, 50.057263 ], [ 14.621298, 50.056914 ], [ 14.620853, 50.061229 ], [ 14.619975, 50.062952 ], [ 14.622131, 50.062981 ], [ 14.622105, 50.062887 ], [ 14.624442, 50.062761 ], [ 14.623441, 50.060988 ], [ 14.627317, 50.060644 ], [ 14.626499, 50.059468 ] ] ] } },
{ "type": "Feature", "properties": { "id": "773417", "name": "Pitkovice", "district_id": "538931", "population_est": 360 }, "geometry": { "type": "Polygon", "coordinates": [ [ [ 14.577461, 50.032282 ], [ 14.579478, 50.029277 ], [ 14.581115, 50.029732 ], [ 14.581992, 50.02862 ], [ 14.5838, 50.029157 ], [ 14.583921, 50.029042 ], [ 14.584539, 50.027678 ], [ 14.584483, 50.026929 ], [ 14.585504, 50.025408 ], [ 14.58576, 50.024071 ], [ 14.586507, 50.024166 ], [ 14.585494, 50.02377 ], [ 14.586133, 50.022408 ], [ 14.586437, 50.022316 ], [ 14.587373, 50.022944 ], [ 14.589008, 50.02204 ], [ 14.589979, 50.021725 ], [ 14.593403, 50.021044 ], [ 14.593529, 50.021308 ], [ 14.594257, 50.021198 ], [ 14.594379, 50.021118 ], [ 14.594087, 50.020751 ], [ 14.5946, 50.020447 ], [ 14.595122, 50.020188 ], [ 14.596076, 50.020567 ], [ 14.596429, 50.020306 ], [ 14.596153, 50.019783 ], [ 14.597376, 50.019634 ], [ 14.597157, 50.019145 ], [ 14.596287, 50.019547 ], [ 14.595932, 50.019279 ], [ 14.596081, 50.018956 ], [ 14.596525, 50.018872 ], [ 14.596699, 50.018361 ], [ 14.595948, 50.017852 ], [ 14.594963, 50.019142 ], [ 14.593622, 50.019098 ], [ 14.593201, 50.01898 ], [ 14.594099, 50.017876 ], [ 14.592616, 50.017555 ], [ 14.592527, 50.017358 ], [ 14.590176, 50.016836 ], [ 14.590853, 50.015252 ], [ 14.593527, 50.0159 ], [ 14.59367, 50.015716 ], [ 14.593989, 50.015782 ], [ 14.594966, 50.01472 ], [ 14.590884, 50.013682 ], [ 14.591728, 50.012464 ], [ 14.588985, 50.011868 ], [ 14.589226, 50.010349 ], [ 14.587934, 50.010098 ], [ 14.587154, 50.011525 ], [ 14.581781, 50.011023 ], [ 14.582108, 50.012635 ], [ 14.582013, 50.014157 ], [ 14.582461, 50.016436 ], [ 14.576347, 50.01367 ], [ 14.575244, 50.012677 ], [ 14.573983, 50.012446 ], [ 14.573504, 50.013003 ], [ 14.573377, 50.013771 ], [ 14.57356, 50.013791 ], [ 14.573161, 50.014775 ], [ 14.573488, 50.014826 ], [ 14.573825, 50.015115 ], [ 14.574167, 50.015933 ], [ 14.574231, 50.016358 ], [ 14.573946, 50.016377 ], [ 14.573951, 50.017643 ], [ 14.571398, 50.017934 ], [ 14.571379, 50.018177 ], [ 14.572037, 50.022288 ], [ 14.572215, 50.022573 ], [ 14.57348, 50.022126 ], [ 14.573696, 50.023012 ], [ 14.571971, 50.023111 ], [ 14.571156, 50.023362 ], [ 14.570798, 50.024004 ], [ 14.571506, 50.024519 ], [ 14.571394, 50.024694 ], [ 14.572105, 50.024626 ], [ 14.572486, 50.025035 ], [ 14.572335, 50.025229 ], [ 14.572714, 50.025193 ], [ 14.572905, 50.025555 ], [ 14.572623, 50.025793 ], [ 14.572766, 50.025984 ], [ 14.572618, 50.026086 ], [ 14.571147, 50.026075 ], [ 14.570921, 50.027545 ], [ 14.57015, 50.029348 ], [ 14.572755, 50.029998 ], [ 14.572914, 50.029828 ], [ 14.57522, 50.030711 ], [ 14.576577, 50.03189 ], [ 14.577461, 50.032282 ] ] ] } },
{ "type": "Feature", "properties": { "id": "773425", "name": "Uhříněves", "district_id": "538931", "population_est": 1709 }, "geometry": { "type": "Polygon", "coordinates": [ [ [ 14.602406, 50.055324 ], [ 14.606075, 50.050845 ], [ 14.613389, 50.048108 ], [ 14.615182, 50.04708 ], [ 14.615345, 50.047114 ], [ 14.615265, 50.046934 ], [ 14.616384, 50.046378 ], [ 14.618119, 50.04587 ], [ 14.619572, 50.04567 ], [ 14.622139, 50.044893 ], [ 14.623724, 50.044121 ], [ 14.624967, 50.042839 ], [ 14.626, 50.042258 ], [ 14.624715, 50.041705 ], [ 14.6222, 50.040995 ], [ 14.622395, 50.039869 ], [ 14.622731, 50.039788 ], [ 14.622346, 50.039651 ], [ 14.623017, 50.038025 ], [ 14.624851, 50.0385 ], [ 14.62506, 50.037855 ], [ 14.624661, 50.036459 ], [ 14.62887, 50.035665 ], [ 14.629012, 50.035474 ], [ 14.629079, 50.035227 ], [ 14.628726, 50.034805 ], [ 14.628806, 50.034435 ], [ 14.629759, 50.032369 ], [ 14.630402, 50.028437 ], [ 14.630931, 50.026678 ], [ 14.630068, 50.026585 ], [ 14.62953, 50.024821 ], [ 14.627049, 50.02521 ], [ 14.624809, 50.025008 ], [ 14.621398, 50.025035 ], [ 14.621146, 50.024885 ], [ 14.618628, 50.024982 ], [ 14.621573, 50.022015 ], [ 14.618239, 50.021594 ], [ 14.612517, 50.021565 ], [ 14.610796, 50.02132 ], [ 14.609929, 50.021356 ], [ 14.609721, 50.020902 ], [ 14.608739, 50.021271 ], [ 14.608284, 50.020421 ], [ 14.604084, 50.020675 ], [ 14.602806, 50.021059 ], [ 14.601684, 50.021698 ], [ 14.600434, 50.021053 ], [ 14.596363, 50.024203 ], [ 14.592988, 50.026229 ], [ 14.590107, 50.024164 ], [ 14.591737, 50.023198 ], [ 14.591909, 50.023344 ], [ 14.592656, 50.022981 ], [ 14.591187, 50.021527 ], [ 14.589188, 50.02197 ], [ 14.587373, 50.022944 ], [ 14.586348, 50.022317 ], [ 14.585864, 50.022681 ], [ 14.585494, 50.02377 ], [ 14.586507, 50.024166 ], [ 14.58576, 50.024071 ], [ 14.585504, 50.025408 ], [ 14.584483, 50.026929 ], [ 14.584462, 50.027963 ], [ 14.5838, 50.029157 ], [ 14.581992, 50.02862 ], [ 14.581115, 50.029732 ], [ 14.579478, 50.029277 ], [ 14.577783, 50.031697 ], [ 14.579441, 50.032559 ], [ 14.577754, 50.033205 ], [ 14.575463, 50.034381 ], [ 14.574455, 50.033991 ], [ 14.573336, 50.03504 ], [ 14.573989, 50.035318 ], [ 14.573429, 50.035832 ], [ 14.570876, 50.037442 ], [ 14.569235, 50.03815 ], [ 14.569087, 50.039503 ], [ 14.56968, 50.04012 ], [ 14.570346, 50.040456 ], [ 14.571395, 50.040693 ], [ 14.571524, 50.041077 ], [ 14.57424, 50.041516 ], [ 14.576904, 50.042646 ], [ 14.575831, 50.043566 ], [ 14.578739, 50.045766 ], [ 14.580858, 50.047857 ], [ 14.580688, 50.048063 ], [ 14.58099, 50.048268 ], [ 14.580141, 50.048884 ], [ 14.580182, 50.049388 ], [ 14.580255, 50.049154 ], [ 14.581993, 50.049407 ], [ 14.58218, 50.049188 ], [ 14.583405, 50.048846 ], [ 14.583796, 50.048442 ], [ 14.584408, 50.047068 ], [ 14.585027, 50.047262 ], [ 14.586456, 50.048302 ], [ 14.587264, 50.04848 ], [ 14.590882, 50.048698 ], [ 14.592802, 50.04901 ], [ 14.593146, 50.048713 ], [ 14.594553, 50.048974 ], [ 14.595618, 50.048855 ], [ 14.596334, 50.048552 ], [ 14.596507, 50.049056 ], [ 14.596187, 50.049562 ], [ 14.596764, 50.050511 ], [ 14.596553, 50.051612 ], [ 14.596011, 50.052165 ], [ 14.595811, 50.053642 ], [ 14.599043, 50.054103 ], [ 14.599836, 50.053163 ], [ 14.601806, 50.053478 ], [ 14.602671, 50.053388 ], [ 14.603185, 50.053671 ], [ 14.60218, 50.055282 ], [ 14.602406, 50.055324 ] ] ] } },
{ "type": "Feature", "properties": { "id": "729876", "name": "Nebušice", "district_id": "547158", "population_est": 950 }, "geometry": { "type": "Polygon", "coordinates": [ [ [ 14.31805, 50.118982 ], [ 14.318751, 50.118123 ], [ 14.32042, 50.116732 ], [ 14.320682, 50.11532 ], [ 14.327718, 50.11683 ], [ 14.333262, 50.11659 ], [ 14.339445, 50.116976 ], [ 14.341209, 50.11662 ], [ 14.343271, 50.116788 ], [ 14.34711, 50.116515 ], [ 14.350239, 50.116497 ], [ 14.353225, 50.116184 ], [ 14.354273, 50.116227 ], [ 14.354863, 50.116111 ], [ 14.355277, 50.115753 ], [ 14.355436, 50.115418 ], [ 14.355294, 50.115076 ], [ 14.352336, 50.114718 ], [ 14.351942, 50.11455 ], [ 14.351906, 50.113828 ], [ 14.352092, 50.113193 ], [ 14.352399, 50.112904 ], [ 14.35449, 50.112355 ], [ 14.354046, 50.112004 ], [ 14.35343, 50.11044 ], [ 14.352679, 50.109675 ], [ 14.352694, 50.109195 ], [ 14.349373, 50.109072 ], [ 14.348088, 50.10943 ], [ 14.347684, 50.109204 ], [ 14.347537, 50.109304 ], [ 14.346555, 50.109043 ], [ 14.344653, 50.109607 ], [ 14.344113, 50.10916 ], [ 14.343602, 50.109282 ], [ 14.342661, 50.10917 ], [ 14.341735, 50.108539 ], [ 14.340197, 50.108721 ], [ 14.339699, 50.10904 ], [ 14.339756, 50.109261 ], [ 14.33599, 50.109772 ], [ 14.335846, 50.108987 ], [ 14.334243, 50.109496 ], [ 14.331379, 50.109759 ], [ 14.33109, 50.109288 ], [ 14.331358, 50.108994 ], [ 14.32997, 50.108783 ], [ 14.327575, 50.107499 ], [ 14.325204, 50.106766 ], [ 14.324696, 50.106666 ], [ 14.32428, 50.107147 ], [ 14.322477, 50.106852 ], [ 14.321076, 50.106402 ], [ 14.316695, 50.105585 ], [ 14.307843, 50.103455 ], [ 14.301123, 50.102914 ], [ 14.295252, 50.106927 ], [ 14.300128, 50.107946 ], [ 14.304195, 50.109071 ], [ 14.306964, 50.111718 ], [ 14.30987, 50.113616 ], [ 14.311981, 50.115614 ], [ 14.316172, 50.118219 ], [ 14.317645, 50.118941 ], [ 14.317739, 50.118853 ], [ 14.31805, 50.118982 ] ] ] } },
{ "type": "Feature", "properties": { "id": "729931", "name": "Lysolaje", "district_id": "547140", "population_est": 466 }, "geometry": { "type": "Polygon", "coordinates": [ [ [ 14.360611, 50.131173 ], [ 14.365672, 50.131645 ], [ 14.366849, 50.131599 ], [ 14.366787, 50.131024 ], [ 14.367285, 50.128985 ], [ 14.368609, 50.129131 ], [ 14.369848, 50.129034 ], [ 14.369765, 50.128038 ], [ 14.371813, 50.127885 ], [ 14.371739, 50.12704 ], [ 14.375589, 50.126803 ], [ 14.37568, 50.126123 ], [ 14.376456, 50.125888 ], [ 14.377563, 50.126269 ], [ 14.3781, 50.126744 ], [ 14.378368, 50.126596 ], [ 14.379638, 50.128279 ], [ 14.381817, 50.129955 ], [ 14.383366, 50.129097 ], [ 14.385383, 50.128392 ], [ 14.387196, 50.127835 ], [ 14.388496, 50.127663 ], [ 14.389823, 50.126242 ], [ 14.389942, 50.125697 ], [ 14.388578, 50.12449 ], [ 14.388595, 50.124007 ], [ 14.387397, 50.124654 ], [ 14.38719, 50.124708 ], [ 14.386973, 50.124469 ], [ 14.386754, 50.124518 ], [ 14.385917, 50.123439 ], [ 14.386565, 50.12295 ], [ 14.386304, 50.122831 ], [ 14.385999, 50.122985 ], [ 14.384707, 50.122007 ], [ 14.381942, 50.121236 ], [ 14.379239, 50.120694 ], [ 14.375468, 50.120231 ], [ 14.37435, 50.119918 ], [ 14.373508, 50.119897 ], [ 14.370417, 50.119039 ], [ 14.370381, 50.118387 ], [ 14.369476, 50.117769 ], [ 14.369509, 50.1171 ], [ 14.368789, 50.117171 ], [ 14.368583, 50.116054 ], [ 14.368803, 50.115591 ], [ 14.368507, 50.113494 ], [ 14.36863, 50.112811 ], [ 14.368109, 50.112883 ], [ 14.367859, 50.113071 ], [ 14.367454, 50.112986 ], [ 14.367725, 50.112925 ], [ 14.367066, 50.112403 ], [ 14.367092, 50.112146 ], [ 14.366555, 50.111962 ], [ 14.36638, 50.112345 ], [ 14.364666, 50.11326 ], [ 14.363992, 50.114039 ], [ 14.362502, 50.115163 ], [ 14.360477, 50.117584 ], [ 14.361318, 50.117975 ], [ 14.360478, 50.118824 ], [ 14.358886, 50.121389 ], [ 14.355739, 50.12455 ], [ 14.357731, 50.127393 ], [ 14.360117, 50.129598 ], [ 14.357518, 50.129725 ], [ 14.35716, 50.131356 ], [ 14.360611, 50.131173 ] ] ] } },
{ "type": "Feature", "properties": { "id": "729981", "name": "Suchdol", "district_id": "547271", "population_est": 1347 }, "geometry": { "type": "Polygon", "coordinates": [ [ [ 14.368022, 50.147431 ], [ 14.371834, 50.148061 ], [ 14.372486, 50.147782 ], [ 14.372457, 50.14757 ], [ 14.373754, 50.14735 ], [ 14.375114, 50.147367 ], [ 14.375823, 50.147032 ], [ 14.377326, 50.146942 ], [ 14.378515, 50.146569 ], [ 14.379444, 50.146478 ], [ 14.380969, 50.146592 ], [ 14.381838, 50.14703 ], [ 14.384954, 50.147002 ], [ 14.385872, 50.146023 ], [ 14.386276, 50.146486 ], [ 14.386843, 50.146314 ], [ 14.387776, 50.145861 ], [ 14.3875, 50.14551 ], [ 14.388899, 50.145105 ], [ 14.39119, 50.144037 ], [ 14.391274, 50.143526 ], [ 14.39227, 50.142075 ], [ 14.392125, 50.141861 ], [ 14.393142, 50.141416 ], [ 14.393755, 50.141326 ], [ 14.394977, 50.141505 ], [ 14.395788, 50.142128 ], [ 14.395732, 50.142407 ], [ 14.396428, 50.142391 ], [ 14.396774, 50.142521 ], [ 14.39711, 50.143598 ], [ 14.398166, 50.143524 ], [ 14.396867, 50.140873 ], [ 14.39488, 50.139021 ], [ 14.393857, 50.138353 ], [ 14.392862, 50.138521 ], [ 14.389708, 50.139587 ], [ 14.389317, 50.139376 ], [ 14.389206, 50.140239 ], [ 14.38773, 50.138726 ], [ 14.384842, 50.138399 ], [ 14.383469, 50.137917 ], [ 14.38487, 50.137464 ], [ 14.382766, 50.135786 ], [ 14.383817, 50.134404 ], [ 14.383932, 50.131977 ], [ 14.383688, 50.131531 ], [ 14.382212, 50.13036 ], [ 14.385791, 50.128938 ], [ 14.38757, 50.127763 ], [ 14.383366, 50.129097 ], [ 14.381817, 50.129955 ], [ 14.379638, 50.128279 ], [ 14.378368, 50.126596 ], [ 14.3781, 50.126744 ], [ 14.37706, 50.12603 ], [ 14.376008, 50.125937 ], [ 14.375509, 50.126466 ], [ 14.375589, 50.126803 ], [ 14.371739, 50.12704 ], [ 14.371813, 50.127885 ], [ 14.369765, 50.128038 ], [ 14.369848, 50.129034 ], [ 14.368609, 50.129131 ], [ 14.367285, 50.128985 ], [ 14.366787, 50.131024 ], [ 14.366849, 50.131599 ], [ 14.365672, 50.131645 ], [ 14.359993, 50.131129 ], [ 14.35716, 50.131356 ], [ 14.356949, 50.131482 ], [ 14.35623, 50.136712 ], [ 14.354495, 50.136334 ], [ 14.354199, 50.137603 ], [ 14.355035, 50.137964 ], [ 14.355423, 50.13874 ], [ 14.356078, 50.139067 ], [ 14.357506, 50.139365 ], [ 14.357864, 50.140648 ], [ 14.356121, 50.140706 ], [ 14.356165, 50.14125 ], [ 14.356636, 50.141158 ], [ 14.356693, 50.141472 ], [ 14.357834, 50.142351 ], [ 14.358794, 50.143513 ], [ 14.360139, 50.144117 ], [ 14.362202, 50.146683 ], [ 14.365023, 50.147692 ], [ 14.36578, 50.148109 ], [ 14.366875, 50.14754 ], [ 14.368022, 50.147431 ] ] ] } },
{ "type": "Feature", "properties": { "id": "729051", "name": "Smíchov", "district_id": "500143", "population_est": 3941 }, "geometry": { "type": "Polygon", "coordinates": [ [ [ 14.359282, 50.078298 ], [ 14.363955, 50.07879 ], [ 14.367106, 50.079022 ], [ 14.36786, 50.078945 ], [ 14.373357, 50.079442 ], [ 14.373557, 50.079368 ], [ 14.373488, 50.079188 ], [ 14.372415, 50.078686 ], [ 14.370956, 50.078363 ], [ 14.371085, 50.078118 ], [ 14.37419, 50.077944 ], [ 14.374349, 50.077834 ], [ 14.375004, 50.078118 ], [ 14.377225, 50.078153 ], [ 14.378097, 50.078774 ], [ 14.379805, 50.078962 ], [ 14.379759, 50.079454 ], [ 14.387895, 50.078463 ], [ 14.387818, 50.07796 ], [ 14.389534, 50.077896 ], [ 14.392568, 50.07816 ], [ 14.392459, 50.078372 ], [ 14.393836, 50.078862 ], [ 14.395079, 50.079051 ], [ 14.396612, 50.079685 ], [ 14.398805, 50.080328 ], [ 14.398912, 50.080728 ], [ 14.399737, 50.080636 ], [ 14.399739, 50.080805 ], [ 14.400527, 50.080715 ], [ 14.40165, 50.080819 ], [ 14.401663, 50.080667 ], [ 14.401966, 50.080667 ], [ 14.401985, 50.080824 ], [ 14.403239, 50.080829 ], [ 14.403111, 50.080343 ], [ 14.403645, 50.079893 ], [ 14.40368, 50.079449 ], [ 14.408249, 50.079678 ], [ 14.40819, 50.080722 ], [ 14.409206, 50.080842 ], [ 14.409894, 50.079142 ], [ 14.410962, 50.078751 ], [ 14.413504, 50.067169 ], [ 14.414862, 50.063443 ], [ 14.415877, 50.06188 ], [ 14.416439, 50.059254 ], [ 14.416376, 50.058293 ], [ 14.415485, 50.055874 ], [ 14.4128, 50.050755 ], [ 14.411433, 50.051222 ], [ 14.410517, 50.051368 ], [ 14.410004, 50.051289 ], [ 14.409154, 50.051733 ], [ 14.409629, 50.049685 ], [ 14.408952, 50.04945 ], [ 14.408765, 50.048925 ], [ 14.40818, 50.048956 ], [ 14.40537, 50.048492 ], [ 14.404542, 50.048502 ], [ 14.405381, 50.049603 ], [ 14.405016, 50.051159 ], [ 14.404423, 50.051712 ], [ 14.404174, 50.052236 ], [ 14.402908, 50.052019 ], [ 14.402562, 50.052387 ], [ 14.400995, 50.0521 ], [ 14.400036, 50.054262 ], [ 14.400247, 50.054503 ], [ 14.398893, 50.055022 ], [ 14.398627, 50.055605 ], [ 14.39877, 50.056311 ], [ 14.399723, 50.058158 ], [ 14.396054, 50.058765 ], [ 14.396198, 50.059777 ], [ 14.396022, 50.060161 ], [ 14.395683, 50.060301 ], [ 14.394265, 50.059266 ], [ 14.393564, 50.059721 ], [ 14.393718, 50.059852 ], [ 14.39328, 50.060452 ], [ 14.392202, 50.060114 ], [ 14.391778, 50.060495 ], [ 14.390246, 50.060394 ], [ 14.387906, 50.061072 ], [ 14.383833, 50.060613 ], [ 14.383569, 50.060763 ], [ 14.384256, 50.061199 ], [ 14.3837, 50.062317 ], [ 14.386429, 50.064088 ], [ 14.387461, 50.064583 ], [ 14.386809, 50.06548 ], [ 14.386423, 50.065503 ], [ 14.384179, 50.06839 ], [ 14.384997, 50.069312 ], [ 14.385916, 50.06898 ], [ 14.386391, 50.069431 ], [ 14.388528, 50.069623 ], [ 14.393448, 50.070577 ], [ 14.39335, 50.070728 ], [ 14.393193, 50.070673 ], [ 14.39282, 50.071433 ], [ 14.389888, 50.070971 ], [ 14.389418, 50.072684 ], [ 14.384224, 50.07167 ], [ 14.382511, 50.071073 ], [ 14.379538, 50.070947 ], [ 14.378682, 50.070573 ], [ 14.37631, 50.070659 ], [ 14.375198, 50.070542 ], [ 14.373437, 50.070084 ], [ 14.368356, 50.070046 ], [ 14.361471, 50.069629 ], [ 14.361067, 50.07112 ], [ 14.360295, 50.072179 ], [ 14.359666, 50.072693 ], [ 14.35892, 50.075405 ], [ 14.358507, 50.075853 ], [ 14.358223, 50.076848 ], [ 14.356542, 50.076998 ], [ 14.356897, 50.078219 ], [ 14.359282, 50.078298 ] ] ] } },
{ "type": "Feature", "properties": { "id": "729183", "name": "Malá Chuchle", "district_id": "547115", "population_est": 70 }, "geometry": { "type": "Polygon", "coordinates": [ [ [ 14.400062, 50.031039 ], [ 14.397986, 50.028526 ], [ 14.396022, 50.021369 ], [ 14.39596, 50.017745 ], [ 14.396507, 50.016468 ], [ 14.392015, 50.01646 ], [ 14.389554, 50.016687 ], [ 14.390577, 50.017868 ], [ 14.390713, 50.0186 ], [ 14.386686, 50.018697 ], [ 14.384181, 50.018569 ], [ 14.383436, 50.020502 ], [ 14.38354, 50.021379 ], [ 14.382803, 50.022558 ], [ 14.380666, 50.023617 ], [ 14.379106, 50.024808 ], [ 14.377945, 50.024142 ], [ 14.376689, 50.024013 ], [ 14.37635, 50.02381 ], [ 14.376546, 50.024242 ], [ 14.374494, 50.027076 ], [ 14.376645, 50.027781 ], [ 14.379226, 50.029127 ], [ 14.37993, 50.029246 ], [ 14.382561, 50.02669 ], [ 14.383918, 50.026752 ], [ 14.38584, 50.027154 ], [ 14.388743, 50.027495 ], [ 14.392417, 50.028792 ], [ 14.392616, 50.028589 ], [ 14.393315, 50.029028 ], [ 14.393177, 50.029204 ], [ 14.393403, 50.029429 ], [ 14.394476, 50.029615 ], [ 14.395009, 50.030014 ], [ 14.39709, 50.03063 ], [ 14.398959, 50.031454 ], [ 14.400062, 50.031039 ] ] ] } },
{ "type": "Feature", "properties": { "id": "729213", "name": "Velká Chuchle", "district_id": "547115", "population_est": 1058 }, "geometry": { "type": "Polygon", "coordinates": [ [ [ 14.379106, 50.024808 ], [ 14.380967, 50.023452 ], [ 14.382266, 50.022931 ], [ 14.383155, 50.022185 ], [ 14.38354, 50.021379 ], [ 14.383436, 50.020502 ], [ 14.384181, 50.018569 ], [ 14.386686, 50.018697 ], [ 14.390713, 50.0186 ], [ 14.390577, 50.017868 ], [ 14.389554, 50.016687 ], [ 14.392015, 50.01646 ], [ 14.396298, 50.016475 ], [ 14.396492, 50.015138 ], [ 14.398433, 50.00897 ], [ 14.396882, 50.008636 ], [ 14.397206, 50.008103 ], [ 14.397027, 50.008098 ], [ 14.398701, 50.006224 ], [ 14.396034, 50.006117 ], [ 14.396195, 50.004833 ], [ 14.39574, 50.004636 ], [ 14.395697, 50.004221 ], [ 14.396034, 50.003929 ], [ 14.396761, 50.003949 ], [ 14.397143, 50.004109 ], [ 14.397895, 50.003488 ], [ 14.396186, 50.002782 ], [ 14.39646, 50.002313 ], [ 14.391255, 50.002283 ], [ 14.39127, 50.001902 ], [ 14.389641, 50.002282 ], [ 14.386426, 49.998876 ], [ 14.381153, 50.000639 ], [ 14.378124, 49.996699 ], [ 14.376283, 49.994969 ], [ 14.374915, 49.995631 ], [ 14.374745, 49.996005 ], [ 14.370769, 49.999315 ], [ 14.369096, 50.000183 ], [ 14.371747, 50.002892 ], [ 14.369891, 50.00468 ], [ 14.368572, 50.004628 ], [ 14.368178, 50.005618 ], [ 14.369223, 50.005974 ], [ 14.369054, 50.00756 ], [ 14.366951, 50.007252 ], [ 14.36708, 50.008448 ], [ 14.366908, 50.010558 ], [ 14.368224, 50.011951 ], [ 14.367939, 50.012357 ], [ 14.368528, 50.013638 ], [ 14.367922, 50.015072 ], [ 14.368822, 50.017676 ], [ 14.371091, 50.019168 ], [ 14.371982, 50.019616 ], [ 14.373493, 50.020072 ], [ 14.371626, 50.021443 ], [ 14.373134, 50.021687 ], [ 14.374548, 50.022182 ], [ 14.37547, 50.022793 ], [ 14.376689, 50.024013 ], [ 14.377945, 50.024142 ], [ 14.379106, 50.024808 ] ] ] } },
{ "type": "Feature", "properties": { "id": "601527", "name": "Běchovice", "district_id": "538060", "population_est": 622 }, "geometry": { "type": "Polygon", "coordinates": [ [ [ 14.625986, 50.094875 ], [ 14.629133, 50.093443 ], [ 14.6305, 50.093075 ], [ 14.632409, 50.09214 ], [ 14.632989, 50.092201 ], [ 14.633489, 50.09104 ], [ 14.634717, 50.091235 ], [ 14.635469, 50.089277 ], [ 14.634974, 50.089076 ], [ 14.635639, 50.087467 ], [ 14.635559, 50.08679 ], [ 14.636186, 50.086119 ], [ 14.637112, 50.084545 ], [ 14.637532, 50.084249 ], [ 14.636899, 50.084143 ], [ 14.636977, 50.08396 ], [ 14.634534, 50.082625 ], [ 14.634996, 50.081172 ], [ 14.63506, 50.080089 ], [ 14.640783, 50.079394 ], [ 14.641234, 50.079197 ], [ 14.641471, 50.07612 ], [ 14.641326, 50.075256 ], [ 14.641918, 50.074096 ], [ 14.641499, 50.073098 ], [ 14.641143, 50.072746 ], [ 14.639837, 50.073154 ], [ 14.639225, 50.072311 ], [ 14.638202, 50.072577 ], [ 14.636626, 50.072723 ], [ 14.636563, 50.072256 ], [ 14.631525, 50.070473 ], [ 14.629138, 50.072704 ], [ 14.62648, 50.071803 ], [ 14.625959, 50.072425 ], [ 14.625631, 50.072532 ], [ 14.626428, 50.072824 ], [ 14.625863, 50.07349 ], [ 14.62619, 50.073641 ], [ 14.625314, 50.074659 ], [ 14.624394, 50.074155 ], [ 14.622751, 50.074854 ], [ 14.62197, 50.0745 ], [ 14.622969, 50.073995 ], [ 14.623943, 50.07265 ], [ 14.623092, 50.072294 ], [ 14.6234, 50.071621 ], [ 14.624428, 50.070492 ], [ 14.617493, 50.068433 ], [ 14.61776, 50.067956 ], [ 14.613729, 50.066836 ], [ 14.613373, 50.067422 ], [ 14.613955, 50.067653 ], [ 14.612849, 50.068092 ], [ 14.612417, 50.069465 ], [ 14.611589, 50.070345 ], [ 14.611411, 50.070849 ], [ 14.612273, 50.071408 ], [ 14.611711, 50.073112 ], [ 14.611343, 50.073476 ], [ 14.609749, 50.07322 ], [ 14.609876, 50.073804 ], [ 14.609273, 50.074879 ], [ 14.608328, 50.075946 ], [ 14.60769, 50.077285 ], [ 14.606683, 50.077088 ], [ 14.605764, 50.076296 ], [ 14.602773, 50.075542 ], [ 14.597814, 50.075013 ], [ 14.596859, 50.074107 ], [ 14.596218, 50.072651 ], [ 14.592163, 50.071642 ], [ 14.590729, 50.074881 ], [ 14.589565, 50.076191 ], [ 14.589093, 50.07764 ], [ 14.585573, 50.082564 ], [ 14.590859, 50.081722 ], [ 14.59313, 50.081553 ], [ 14.594108, 50.081638 ], [ 14.595663, 50.082412 ], [ 14.595927, 50.082768 ], [ 14.601648, 50.083511 ], [ 14.601654, 50.083882 ], [ 14.601322, 50.084065 ], [ 14.601421, 50.086014 ], [ 14.602402, 50.086378 ], [ 14.605206, 50.08684 ], [ 14.604763, 50.088071 ], [ 14.604722, 50.089232 ], [ 14.603993, 50.089266 ], [ 14.604179, 50.092246 ], [ 14.606601, 50.09262 ], [ 14.609808, 50.092721 ], [ 14.610921, 50.093003 ], [ 14.614405, 50.093301 ], [ 14.618938, 50.093375 ], [ 14.619083, 50.093541 ], [ 14.620609, 50.093655 ], [ 14.62263, 50.093589 ], [ 14.623378, 50.093717 ], [ 14.624506, 50.095707 ], [ 14.626036, 50.095258 ], [ 14.625986, 50.094875 ] ] ] } },
{ "type": "Feature", "properties": { "id": "773778", "name": "Újezd nad Lesy", "district_id": "538949", "population_est": 2939 }, "geometry": { "type": "Polygon", "coordinates": [ [ [ 14.694265, 50.094355 ], [ 14.695515, 50.094477 ], [ 14.6962, 50.094401 ], [ 14.698475, 50.093484 ], [ 14.703989, 50.091812 ], [ 14.70517, 50.090754 ], [ 14.705417, 50.09024 ], [ 14.705398, 50.088374 ], [ 14.706175, 50.087474 ], [ 14.706858, 50.087088 ], [ 14.702662, 50.076619 ], [ 14.701827, 50.076637 ], [ 14.700062, 50.072198 ], [ 14.693514, 50.071901 ], [ 14.690931, 50.072088 ], [ 14.689208, 50.071251 ], [ 14.683677, 50.069672 ], [ 14.683478, 50.069739 ], [ 14.682856, 50.069397 ], [ 14.682152, 50.069206 ], [ 14.679977, 50.069167 ], [ 14.677254, 50.068037 ], [ 14.676763, 50.068255 ], [ 14.674835, 50.067628 ], [ 14.669766, 50.065508 ], [ 14.667206, 50.063855 ], [ 14.666404, 50.063858 ], [ 14.66361, 50.063264 ], [ 14.661864, 50.063154 ], [ 14.660691, 50.062813 ], [ 14.658594, 50.064194 ], [ 14.657555, 50.065332 ], [ 14.656025, 50.066565 ], [ 14.655498, 50.066754 ], [ 14.65468, 50.067622 ], [ 14.652776, 50.068504 ], [ 14.650379, 50.070139 ], [ 14.645838, 50.070249 ], [ 14.641663, 50.071923 ], [ 14.640573, 50.072084 ], [ 14.639407, 50.072553 ], [ 14.639837, 50.073154 ], [ 14.641143, 50.072746 ], [ 14.641499, 50.073098 ], [ 14.641918, 50.074096 ], [ 14.641326, 50.075256 ], [ 14.641471, 50.07612 ], [ 14.641234, 50.079197 ], [ 14.640783, 50.079394 ], [ 14.63506, 50.080089 ], [ 14.634996, 50.081172 ], [ 14.634534, 50.082625 ], [ 14.636977, 50.08396 ], [ 14.636899, 50.084143 ], [ 14.637532, 50.084249 ], [ 14.636832, 50.085032 ], [ 14.66969, 50.087522 ], [ 14.673363, 50.087359 ], [ 14.685867, 50.085433 ], [ 14.686041, 50.085947 ], [ 14.685797, 50.086047 ], [ 14.689793, 50.096091 ], [ 14.692763, 50.09553 ], [ 14.694265, 50.094355 ] ] ] } },
{ "type": "Feature", "properties": { "id": "773999", "name": "Újezd u Průhonic", "district_id": "539791", "population_est": 737 }, "geometry": { "type": "Polygon", "coordinates": [ [ [ 14.548461, 50.028859 ], [ 14.549463, 50.028027 ], [ 14.549221, 50.02669 ], [ 14.548325, 50.026292 ], [ 14.546713, 50.025963 ], [ 14.551214, 50.02197 ], [ 14.551366, 50.021642 ], [ 14.55119, 50.021328 ], [ 14.55058, 50.02104 ], [ 14.549841, 50.020336 ], [ 14.550775, 50.019188 ], [ 14.551756, 50.018787 ], [ 14.552634, 50.019039 ], [ 14.552783, 50.018951 ], [ 14.553178, 50.019241 ], [ 14.553915, 50.01945 ], [ 14.555016, 50.018867 ], [ 14.555672, 50.017794 ], [ 14.555659, 50.017164 ], [ 14.55505, 50.016883 ], [ 14.554924, 50.016407 ], [ 14.555311, 50.015509 ], [ 14.555283, 50.014778 ], [ 14.554254, 50.013595 ], [ 14.55404, 50.012931 ], [ 14.554334, 50.012113 ], [ 14.55409, 50.011701 ], [ 14.554601, 50.011058 ], [ 14.55403, 50.01113 ], [ 14.55376, 50.011368 ], [ 14.553083, 50.011071 ], [ 14.553792, 50.009872 ], [ 14.553535, 50.009536 ], [ 14.551607, 50.008686 ], [ 14.55092, 50.00806 ], [ 14.546273, 50.008842 ], [ 14.544604, 50.008472 ], [ 14.542172, 50.008854 ], [ 14.541, 50.009965 ], [ 14.535552, 50.011824 ], [ 14.521966, 50.017153 ], [ 14.520906, 50.017355 ], [ 14.520338, 50.017313 ], [ 14.520271, 50.017628 ], [ 14.519871, 50.017963 ], [ 14.513989, 50.020308 ], [ 14.516764, 50.020989 ], [ 14.524273, 50.023598 ], [ 14.525631, 50.023923 ], [ 14.527084, 50.024059 ], [ 14.527379, 50.024345 ], [ 14.532371, 50.025875 ], [ 14.534039, 50.026002 ], [ 14.540576, 50.027748 ], [ 14.541264, 50.026735 ], [ 14.543396, 50.026811 ], [ 14.544301, 50.027611 ], [ 14.544907, 50.02747 ], [ 14.545751, 50.028833 ], [ 14.546555, 50.028506 ], [ 14.547446, 50.029393 ], [ 14.548461, 50.028859 ] ] ] } },
{ "type": "Feature", "properties": { "id": "782378", "name": "Vinoř", "district_id": "539007", "population_est": 964 }, "geometry": { "type": "Polygon", "coordinates": [ [ [ 14.560559, 50.155437 ], [ 14.563306, 50.150242 ], [ 14.565278, 50.15077 ], [ 14.566001, 50.151278 ], [ 14.566232, 50.151721 ], [ 14.567406, 50.151304 ], [ 14.567195, 50.151067 ], [ 14.567624, 50.150847 ], [ 14.568665, 50.150922 ], [ 14.568861, 50.15011 ], [ 14.573673, 50.150007 ], [ 14.578402, 50.150885 ], [ 14.578608, 50.150273 ], [ 14.581914, 50.151498 ], [ 14.583779, 50.152753 ], [ 14.584427, 50.153715 ], [ 14.587419, 50.154166 ], [ 14.589363, 50.154219 ], [ 14.589399, 50.154365 ], [ 14.593554, 50.15386 ], [ 14.599079, 50.154204 ], [ 14.599127, 50.153968 ], [ 14.598421, 50.154103 ], [ 14.59777, 50.153921 ], [ 14.597153, 50.153517 ], [ 14.596288, 50.15246 ], [ 14.595422, 50.151794 ], [ 14.594812, 50.150912 ], [ 14.593572, 50.150143 ], [ 14.592634, 50.148521 ], [ 14.592975, 50.148469 ], [ 14.592593, 50.147975 ], [ 14.593253, 50.147702 ], [ 14.592314, 50.147421 ], [ 14.590582, 50.147243 ], [ 14.588506, 50.147226 ], [ 14.588264, 50.146585 ], [ 14.588394, 50.146123 ], [ 14.587804, 50.145315 ], [ 14.588132, 50.144902 ], [ 14.588083, 50.144472 ], [ 14.588701, 50.144023 ], [ 14.591346, 50.142952 ], [ 14.591433, 50.142763 ], [ 14.589809, 50.139743 ], [ 14.59146, 50.1395 ], [ 14.592408, 50.138813 ], [ 14.593947, 50.135823 ], [ 14.595288, 50.133993 ], [ 14.598313, 50.131258 ], [ 14.600949, 50.129378 ], [ 14.600853, 50.129286 ], [ 14.598293, 50.129392 ], [ 14.597997, 50.127862 ], [ 14.595257, 50.128073 ], [ 14.595341, 50.128919 ], [ 14.590013, 50.128562 ], [ 14.588811, 50.129725 ], [ 14.588431, 50.1296 ], [ 14.5875, 50.130895 ], [ 14.584153, 50.130042 ], [ 14.583712, 50.131018 ], [ 14.583638, 50.133309 ], [ 14.580565, 50.133421 ], [ 14.576052, 50.134618 ], [ 14.574919, 50.13617 ], [ 14.574121, 50.135219 ], [ 14.5722, 50.135091 ], [ 14.571376, 50.134844 ], [ 14.568752, 50.134582 ], [ 14.5677, 50.1341 ], [ 14.56728, 50.135902 ], [ 14.561739, 50.133205 ], [ 14.560938, 50.135553 ], [ 14.559919, 50.137315 ], [ 14.559542, 50.140406 ], [ 14.558723, 50.143843 ], [ 14.555698, 50.143874 ], [ 14.54676, 50.145033 ], [ 14.546569, 50.145929 ], [ 14.545513, 50.148139 ], [ 14.544377, 50.149051 ], [ 14.547867, 50.150742 ], [ 14.553969, 50.15287 ], [ 14.558766, 50.154846 ], [ 14.560559, 50.155437 ] ] ] } },
{ "type": "Feature", "properties": { "id": "791733", "name": "Zbraslav", "district_id": "539864", "population_est": 1821 }, "geometry": { "type": "Polygon", "coordinates": [ [ [ 14.380039, 49.984492 ], [ 14.38121, 49.984718 ], [ 14.382558, 49.985264 ], [ 14.383708, 49.986171 ], [ 14.38639, 49.985024 ], [ 14.390583, 49.982525 ], [ 14.396288, 49.98633 ], [ 14.396818, 49.986062 ], [ 14.399285, 49.985634 ], [ 14.397954, 49.983071 ], [ 14.397476, 49.9813 ], [ 14.397286, 49.975008 ], [ 14.398312, 49.975336 ], [ 14.399603, 49.97541 ], [ 14.399586, 49.976271 ], [ 14.401665, 49.976223 ], [ 14.405511, 49.977512 ], [ 14.405617, 49.977409 ], [ 14.405902, 49.977581 ], [ 14.406699, 49.977329 ], [ 14.406942, 49.976883 ], [ 14.406635, 49.976196 ], [ 14.406864, 49.975766 ], [ 14.407356, 49.975615 ], [ 14.405509, 49.975209 ], [ 14.405963, 49.974668 ], [ 14.405757, 49.972216 ], [ 14.403179, 49.97273 ], [ 14.40282, 49.972585 ], [ 14.403077, 49.972363 ], [ 14.402211, 49.970954 ], [ 14.402541, 49.97064 ], [ 14.401732, 49.970407 ], [ 14.401488, 49.970542 ], [ 14.401352, 49.970999 ], [ 14.400713, 49.970746 ], [ 14.400424, 49.970404 ], [ 14.39995, 49.967909 ], [ 14.399191, 49.967893 ], [ 14.397797, 49.961973 ], [ 14.395149, 49.957168 ], [ 14.394294, 49.953974 ], [ 14.394487, 49.953909 ], [ 14.394721, 49.950653 ], [ 14.395127, 49.948883 ], [ 14.396929, 49.944492 ], [ 14.396643, 49.942989 ], [ 14.395626, 49.941977 ], [ 14.391396, 49.944012 ], [ 14.390909, 49.944122 ], [ 14.390907, 49.944562 ], [ 14.389114, 49.945251 ], [ 14.389097, 49.946697 ], [ 14.38873, 49.947665 ], [ 14.38904, 49.94809 ], [ 14.388035, 49.949861 ], [ 14.387229, 49.949873 ], [ 14.386043, 49.949657 ], [ 14.38546, 49.94932 ], [ 14.379822, 49.949292 ], [ 14.37853, 49.948479 ], [ 14.377093, 49.946743 ], [ 14.376876, 49.946698 ], [ 14.375146, 49.947572 ], [ 14.374194, 49.946843 ], [ 14.373272, 49.9472 ], [ 14.373724, 49.947873 ], [ 14.374284, 49.94991 ], [ 14.374187, 49.950935 ], [ 14.373695, 49.951447 ], [ 14.375059, 49.952386 ], [ 14.374802, 49.953958 ], [ 14.374579, 49.954187 ], [ 14.378435, 49.956033 ], [ 14.378115, 49.956348 ], [ 14.379085, 49.956686 ], [ 14.379455, 49.958335 ], [ 14.379395, 49.959222 ], [ 14.378941, 49.960486 ], [ 14.377165, 49.96338 ], [ 14.375577, 49.963245 ], [ 14.371386, 49.96448 ], [ 14.370051, 49.964733 ], [ 14.369996, 49.965648 ], [ 14.369706, 49.965934 ], [ 14.369931, 49.966116 ], [ 14.369825, 49.966235 ], [ 14.370565, 49.966623 ], [ 14.370446, 49.966844 ], [ 14.371375, 49.967145 ], [ 14.370808, 49.968824 ], [ 14.37088, 49.96961 ], [ 14.371931, 49.971794 ], [ 14.372341, 49.972171 ], [ 14.371378, 49.974522 ], [ 14.37007, 49.975569 ], [ 14.367944, 49.976746 ], [ 14.366606, 49.978246 ], [ 14.363872, 49.979542 ], [ 14.362617, 49.980385 ], [ 14.362385, 49.980996 ], [ 14.363584, 49.981596 ], [ 14.367203, 49.982501 ], [ 14.368507, 49.983427 ], [ 14.369426, 49.984616 ], [ 14.370428, 49.985003 ], [ 14.372305, 49.985237 ], [ 14.375324, 49.985184 ], [ 14.380039, 49.984492 ] ] ] } },
{ "type": "Feature", "properties": { "id": "793256", "name": "Sobín", "district_id": "539899", "population_est": 199 }, "geometry": { "type": "Polygon", "coordinates": [ [ [ 14.276373, 50.07231 ], [ 14.27832, 50.070952 ], [ 14.278627, 50.070999 ], [ 14.278786, 50.07081 ], [ 14.278858, 50.070423 ], [ 14.278547, 50.069944 ], [ 14.278774, 50.069923 ], [ 14.279295, 50.068605 ], [ 14.275917, 50.067456 ], [ 14.273757, 50.066976 ], [ 14.274206, 50.065782 ], [ 14.274439, 50.063517 ], [ 14.27421, 50.059431 ], [ 14.275589, 50.059348 ], [ 14.276455, 50.059462 ], [ 14.276728, 50.058727 ], [ 14.276659, 50.058327 ], [ 14.276222, 50.058348 ], [ 14.275187, 50.058081 ], [ 14.273273, 50.056792 ], [ 14.273653, 50.05652 ], [ 14.274594, 50.056871 ], [ 14.275147, 50.055865 ], [ 14.27328, 50.05547 ], [ 14.273542, 50.0546 ], [ 14.27243, 50.054376 ], [ 14.272254, 50.055535 ], [ 14.271793, 50.055523 ], [ 14.271636, 50.054412 ], [ 14.270187, 50.054284 ], [ 14.267426, 50.053134 ], [ 14.264377, 50.052412 ], [ 14.262375, 50.05561 ], [ 14.257301, 50.054503 ], [ 14.255965, 50.056343 ], [ 14.255667, 50.057167 ], [ 14.253639, 50.057214 ], [ 14.250918, 50.05685 ], [ 14.250175, 50.057703 ], [ 14.248156, 50.058389 ], [ 14.24781, 50.059802 ], [ 14.247893, 50.061179 ], [ 14.24763, 50.062304 ], [ 14.253379, 50.062646 ], [ 14.254221, 50.063228 ], [ 14.256917, 50.06412 ], [ 14.258786, 50.064504 ], [ 14.259181, 50.067602 ], [ 14.258329, 50.067905 ], [ 14.2583, 50.069125 ], [ 14.257871, 50.070912 ], [ 14.258124, 50.071597 ], [ 14.266826, 50.072708 ], [ 14.275372, 50.073167 ], [ 14.276373, 50.07231 ] ] ] } },
{ "type": "Feature", "properties": { "id": "793264", "name": "Zličín", "district_id": "539899", "population_est": 512 }, "geometry": { "type": "Polygon", "coordinates": [ [ [ 14.293278, 50.077593 ], [ 14.293587, 50.077217 ], [ 14.292074, 50.075966 ], [ 14.291417, 50.075017 ], [ 14.291367, 50.074595 ], [ 14.29198, 50.07025 ], [ 14.291817, 50.070245 ], [ 14.293101, 50.06672 ], [ 14.294808, 50.065886 ], [ 14.295027, 50.066032 ], [ 14.296511, 50.065288 ], [ 14.29721, 50.065416 ], [ 14.297292, 50.065015 ], [ 14.298107, 50.064707 ], [ 14.299392, 50.063793 ], [ 14.300812, 50.062958 ], [ 14.301029, 50.062971 ], [ 14.30089, 50.062785 ], [ 14.302198, 50.062104 ], [ 14.302933, 50.062105 ], [ 14.303118, 50.06161 ], [ 14.304509, 50.060931 ], [ 14.304768, 50.057382 ], [ 14.29722, 50.055063 ], [ 14.296656, 50.055521 ], [ 14.29506, 50.058406 ], [ 14.291346, 50.058047 ], [ 14.28594, 50.056727 ], [ 14.285806, 50.056891 ], [ 14.287585, 50.057646 ], [ 14.287499, 50.057759 ], [ 14.286347, 50.057357 ], [ 14.28375, 50.056084 ], [ 14.284522, 50.052434 ], [ 14.282277, 50.052185 ], [ 14.282003, 50.05314 ], [ 14.280935, 50.053042 ], [ 14.280936, 50.054115 ], [ 14.281307, 50.055445 ], [ 14.280393, 50.055382 ], [ 14.279049, 50.054888 ], [ 14.27238, 50.053164 ], [ 14.271636, 50.054412 ], [ 14.271793, 50.055523 ], [ 14.272254, 50.055535 ], [ 14.27243, 50.054376 ], [ 14.273542, 50.0546 ], [ 14.27328, 50.05547 ], [ 14.275147, 50.055865 ], [ 14.274594, 50.056871 ], [ 14.273653, 50.05652 ], [ 14.273273, 50.056792 ], [ 14.275187, 50.058081 ], [ 14.276222, 50.058348 ], [ 14.276659, 50.058327 ], [ 14.276728, 50.058727 ], [ 14.276455, 50.059462 ], [ 14.275589, 50.059348 ], [ 14.27421, 50.059431 ], [ 14.274439, 50.063517 ], [ 14.274206, 50.065782 ], [ 14.273757, 50.066976 ], [ 14.275917, 50.067456 ], [ 14.279295, 50.068605 ], [ 14.278774, 50.069923 ], [ 14.278547, 50.069944 ], [ 14.278858, 50.070423 ], [ 14.278786, 50.07081 ], [ 14.277965, 50.072081 ], [ 14.277653, 50.072195 ], [ 14.278098, 50.072363 ], [ 14.277334, 50.073065 ], [ 14.279116, 50.073061 ], [ 14.281165, 50.073355 ], [ 14.282505, 50.074384 ], [ 14.284555, 50.073668 ], [ 14.288378, 50.073492 ], [ 14.290264, 50.073257 ], [ 14.290445, 50.075015 ], [ 14.290191, 50.075019 ], [ 14.290045, 50.076025 ], [ 14.289715, 50.07657 ], [ 14.289288, 50.076835 ], [ 14.289407, 50.077006 ], [ 14.289944, 50.076991 ], [ 14.289922, 50.077217 ], [ 14.292643, 50.077373 ], [ 14.293278, 50.077593 ] ] ] } },
{ "type": "Feature", "properties": { "id": "728233", "name": "Háje", "district_id": "547034", "population_est": 1058 }, "geometry": { "type": "Polygon", "coordinates": [ [ [ 14.512286, 50.040683 ], [ 14.514528, 50.039608 ], [ 14.516568, 50.039499 ], [ 14.518713, 50.039129 ], [ 14.52102, 50.03844 ], [ 14.523668, 50.0374 ], [ 14.525585, 50.037549 ], [ 14.525679, 50.037346 ], [ 14.527127, 50.037801 ], [ 14.529042, 50.038011 ], [ 14.529855, 50.038293 ], [ 14.530034, 50.038183 ], [ 14.531877, 50.038463 ], [ 14.53271, 50.038828 ], [ 14.532895, 50.039431 ], [ 14.534141, 50.039795 ], [ 14.534817, 50.039812 ], [ 14.53474, 50.039624 ], [ 14.535275, 50.03969 ], [ 14.535176, 50.039859 ], [ 14.535367, 50.039907 ], [ 14.535756, 50.039828 ], [ 14.536829, 50.040126 ], [ 14.538833, 50.040086 ], [ 14.538861, 50.03917 ], [ 14.539511, 50.038663 ], [ 14.539663, 50.038275 ], [ 14.539945, 50.038205 ], [ 14.540627, 50.038392 ], [ 14.54364, 50.03811 ], [ 14.543474, 50.036761 ], [ 14.543621, 50.036261 ], [ 14.543233, 50.036013 ], [ 14.544181, 50.035432 ], [ 14.544109, 50.035179 ], [ 14.543761, 50.035128 ], [ 14.544149, 50.034562 ], [ 14.543934, 50.034345 ], [ 14.543197, 50.034214 ], [ 14.543243, 50.034015 ], [ 14.542344, 50.033388 ], [ 14.543271, 50.033369 ], [ 14.543717, 50.032004 ], [ 14.544775, 50.032057 ], [ 14.545016, 50.030898 ], [ 14.545333, 50.030423 ], [ 14.546104, 50.030998 ], [ 14.549616, 50.02951 ], [ 14.548864, 50.028504 ], [ 14.548227, 50.029065 ], [ 14.547446, 50.029393 ], [ 14.546555, 50.028506 ], [ 14.545751, 50.028833 ], [ 14.544907, 50.02747 ], [ 14.544301, 50.027611 ], [ 14.543396, 50.026811 ], [ 14.541264, 50.026735 ], [ 14.540576, 50.027748 ], [ 14.534039, 50.026002 ], [ 14.532371, 50.025875 ], [ 14.527379, 50.024345 ], [ 14.527084, 50.024059 ], [ 14.525631, 50.023923 ], [ 14.523801, 50.023452 ], [ 14.528034, 50.026448 ], [ 14.526218, 50.028433 ], [ 14.525238, 50.029042 ], [ 14.525477, 50.029396 ], [ 14.522761, 50.032395 ], [ 14.52059, 50.035582 ], [ 14.518364, 50.035646 ], [ 14.51555, 50.03515 ], [ 14.51314, 50.038141 ], [ 14.512469, 50.037798 ], [ 14.510725, 50.039841 ], [ 14.511383, 50.040612 ], [ 14.512286, 50.040683 ] ] ] } },
{ "type": "Feature", "properties": { "id": "728314", "name": "Kunratice", "district_id": "547042", "population_est": 1995 }, "geometry": { "type": "Polygon", "coordinates": [ [ [ 14.468694, 50.030433 ], [ 14.46961, 50.030259 ], [ 14.47113, 50.030212 ], [ 14.472991, 50.029779 ], [ 14.477303, 50.02983 ], [ 14.478235, 50.029637 ], [ 14.479751, 50.029577 ], [ 14.481178, 50.029075 ], [ 14.483139, 50.028748 ], [ 14.487766, 50.029023 ], [ 14.487761, 50.027234 ], [ 14.488191, 50.023933 ], [ 14.488546, 50.023209 ], [ 14.489207, 50.022617 ], [ 14.490286, 50.022062 ], [ 14.491173, 50.021815 ], [ 14.496611, 50.021169 ], [ 14.500365, 50.020239 ], [ 14.501675, 50.014834 ], [ 14.502194, 50.013822 ], [ 14.501895, 50.01116 ], [ 14.501447, 50.011076 ], [ 14.501471, 50.010864 ], [ 14.498813, 50.00851 ], [ 14.497929, 50.008405 ], [ 14.497491, 50.008126 ], [ 14.495634, 50.007573 ], [ 14.494572, 50.006055 ], [ 14.4944, 50.005567 ], [ 14.49464, 50.005301 ], [ 14.495745, 50.005055 ], [ 14.497355, 50.005684 ], [ 14.498326, 50.004696 ], [ 14.497426, 50.003395 ], [ 14.496011, 50.002544 ], [ 14.494878, 50.002199 ], [ 14.494913, 50.002098 ], [ 14.493967, 50.001934 ], [ 14.494103, 50.001172 ], [ 14.496279, 50.001 ], [ 14.497745, 50.001121 ], [ 14.498106, 50.000453 ], [ 14.497462, 49.999179 ], [ 14.502457, 50.000254 ], [ 14.50348, 50.000751 ], [ 14.504112, 50.001298 ], [ 14.504763, 50.000946 ], [ 14.505347, 50.001088 ], [ 14.50614, 49.998343 ], [ 14.50717, 49.998429 ], [ 14.507321, 49.997551 ], [ 14.484, 49.992494 ], [ 14.483889, 49.992744 ], [ 14.48425, 49.992858 ], [ 14.483151, 49.994883 ], [ 14.482377, 49.994788 ], [ 14.482215, 49.99505 ], [ 14.481459, 49.995418 ], [ 14.478223, 49.995392 ], [ 14.47662, 49.996992 ], [ 14.476417, 49.998044 ], [ 14.475905, 49.998423 ], [ 14.475402, 49.999438 ], [ 14.47357, 50.001705 ], [ 14.476349, 50.001912 ], [ 14.475902, 50.00444 ], [ 14.473931, 50.00429 ], [ 14.474001, 50.003905 ], [ 14.471862, 50.003747 ], [ 14.471408, 50.004472 ], [ 14.470871, 50.00436 ], [ 14.466442, 50.013664 ], [ 14.464416, 50.014309 ], [ 14.465113, 50.01442 ], [ 14.464429, 50.016055 ], [ 14.468163, 50.0168 ], [ 14.468475, 50.016975 ], [ 14.46835, 50.01734 ], [ 14.468112, 50.017961 ], [ 14.466848, 50.01923 ], [ 14.463882, 50.020848 ], [ 14.463746, 50.020754 ], [ 14.463007, 50.021237 ], [ 14.462856, 50.021137 ], [ 14.461849, 50.021539 ], [ 14.463583, 50.022516 ], [ 14.464166, 50.022536 ], [ 14.464968, 50.022792 ], [ 14.46626, 50.023491 ], [ 14.463077, 50.024681 ], [ 14.46295, 50.024879 ], [ 14.460576, 50.025546 ], [ 14.460215, 50.025718 ], [ 14.459647, 50.026514 ], [ 14.460027, 50.027484 ], [ 14.461474, 50.02855 ], [ 14.460994, 50.029182 ], [ 14.461611, 50.029399 ], [ 14.462044, 50.029887 ], [ 14.462504, 50.029858 ], [ 14.463196, 50.030163 ], [ 14.463548, 50.030878 ], [ 14.46463, 50.030946 ], [ 14.465372, 50.030646 ], [ 14.467784, 50.030397 ], [ 14.468694, 50.030433 ] ] ] } },
{ "type": "Feature", "properties": { "id": "728390", "name": "Libuš", "district_id": "547051", "population_est": 1028 }, "geometry": { "type": "Polygon", "coordinates": [ [ [ 14.450699, 50.014603 ], [ 14.451437, 50.014783 ], [ 14.452775, 50.013179 ], [ 14.456561, 50.014446 ], [ 14.459007, 50.014959 ], [ 14.461407, 50.015136 ], [ 14.464429, 50.016055 ], [ 14.465113, 50.01442 ], [ 14.464416, 50.014309 ], [ 14.466442, 50.013664 ], [ 14.470871, 50.00436 ], [ 14.471408, 50.004472 ], [ 14.471862, 50.003747 ], [ 14.466773, 50.003373 ], [ 14.465352, 50.003108 ], [ 14.464683, 50.004223 ], [ 14.46009, 50.003666 ], [ 14.460366, 50.003303 ], [ 14.459772, 50.00296 ], [ 14.45965, 50.002657 ], [ 14.457971, 50.002339 ], [ 14.45718, 50.002538 ], [ 14.455799, 50.002383 ], [ 14.454729, 50.002857 ], [ 14.453965, 50.002634 ], [ 14.452278, 50.00273 ], [ 14.451391, 50.002505 ], [ 14.449075, 50.002599 ], [ 14.448818, 50.002946 ], [ 14.449101, 50.003642 ], [ 14.449733, 50.003735 ], [ 14.450034, 50.004101 ], [ 14.44987, 50.004473 ], [ 14.449573, 50.004532 ], [ 14.449792, 50.006216 ], [ 14.447185, 50.006649 ], [ 14.446932, 50.006709 ], [ 14.449513, 50.006345 ], [ 14.455457, 50.005977 ], [ 14.456077, 50.005947 ], [ 14.456634, 50.006126 ], [ 14.456088, 50.006327 ], [ 14.456363, 50.008201 ], [ 14.455228, 50.010888 ], [ 14.454099, 50.012326 ], [ 14.45122, 50.0114 ], [ 14.448323, 50.011223 ], [ 14.447727, 50.011431 ], [ 14.446001, 50.011426 ], [ 14.445933, 50.011253 ], [ 14.44497, 50.011302 ], [ 14.443435, 50.011694 ], [ 14.44283, 50.012017 ], [ 14.447281, 50.013498 ], [ 14.447628, 50.013735 ], [ 14.448011, 50.013594 ], [ 14.448787, 50.014928 ], [ 14.450699, 50.014603 ] ] ] } },
{ "type": "Feature", "properties": { "id": "728438", "name": "Kamýk", "district_id": "547107", "population_est": 818 }, "geometry": { "type": "Polygon", "coordinates": [ [ [ 14.44051, 50.023083 ], [ 14.445579, 50.020777 ], [ 14.449431, 50.018012 ], [ 14.453257, 50.01334 ], [ 14.452775, 50.013179 ], [ 14.451437, 50.014783 ], [ 14.450803, 50.014586 ], [ 14.448815, 50.014933 ], [ 14.448011, 50.013594 ], [ 14.447628, 50.013735 ], [ 14.447281, 50.013498 ], [ 14.44283, 50.012017 ], [ 14.443435, 50.011694 ], [ 14.44497, 50.011302 ], [ 14.445933, 50.011253 ], [ 14.446001, 50.011426 ], [ 14.447727, 50.011431 ], [ 14.448323, 50.011223 ], [ 14.45122, 50.0114 ], [ 14.454099, 50.012326 ], [ 14.455228, 50.010888 ], [ 14.455836, 50.009735 ], [ 14.456363, 50.008201 ], [ 14.456088, 50.006327 ], [ 14.456634, 50.006126 ], [ 14.456077, 50.005947 ], [ 14.449862, 50.006317 ], [ 14.444904, 50.006971 ], [ 14.441585, 50.006875 ], [ 14.440896, 50.008367 ], [ 14.440487, 50.00861 ], [ 14.439712, 50.008678 ], [ 14.438832, 50.009426 ], [ 14.437418, 50.01006 ], [ 14.434768, 50.010305 ], [ 14.434082, 50.010585 ], [ 14.435177, 50.011219 ], [ 14.433571, 50.012006 ], [ 14.43061, 50.012567 ], [ 14.428992, 50.012363 ], [ 14.42772, 50.013307 ], [ 14.426209, 50.015008 ], [ 14.421448, 50.013667 ], [ 14.420196, 50.013688 ], [ 14.418146, 50.014155 ], [ 14.417355, 50.014078 ], [ 14.417001, 50.01558 ], [ 14.416526, 50.016354 ], [ 14.415475, 50.016854 ], [ 14.41418, 50.017033 ], [ 14.414101, 50.017321 ], [ 14.414363, 50.017532 ], [ 14.415683, 50.017764 ], [ 14.418606, 50.018727 ], [ 14.420104, 50.019062 ], [ 14.420721, 50.019106 ], [ 14.421896, 50.018881 ], [ 14.422896, 50.018923 ], [ 14.423613, 50.019162 ], [ 14.426598, 50.019589 ], [ 14.427954, 50.019545 ], [ 14.428544, 50.019726 ], [ 14.428768, 50.019455 ], [ 14.429489, 50.019581 ], [ 14.43163, 50.01898 ], [ 14.432395, 50.018875 ], [ 14.432382, 50.019072 ], [ 14.433529, 50.019007 ], [ 14.43406, 50.018447 ], [ 14.43443, 50.018681 ], [ 14.435371, 50.018148 ], [ 14.436731, 50.019273 ], [ 14.438193, 50.020907 ], [ 14.437979, 50.021089 ], [ 14.4399, 50.022884 ], [ 14.440278, 50.022811 ], [ 14.44051, 50.023083 ] ] ] } },
{ "type": "Feature", "properties": { "id": "728519", "name": "Komořany", "district_id": "547107", "population_est": 290 }, "geometry": { "type": "Polygon", "coordinates": [ [ [ 14.406849, 49.99272 ], [ 14.407906, 49.992204 ], [ 14.408782, 49.991399 ], [ 14.409063, 49.990968 ], [ 14.408419, 49.990798 ], [ 14.409, 49.990397 ], [ 14.409842, 49.990265 ], [ 14.40976, 49.99007 ], [ 14.411773, 49.989904 ], [ 14.415498, 49.988784 ], [ 14.415889, 49.98829 ], [ 14.415408, 49.987513 ], [ 14.415663, 49.986966 ], [ 14.416917, 49.986221 ], [ 14.416973, 49.985921 ], [ 14.417166, 49.98589 ], [ 14.417082, 49.985377 ], [ 14.41837, 49.984498 ], [ 14.418278, 49.983951 ], [ 14.417122, 49.983353 ], [ 14.416981, 49.983141 ], [ 14.417315, 49.982996 ], [ 14.41687, 49.982783 ], [ 14.418175, 49.982119 ], [ 14.413657, 49.97962 ], [ 14.414746, 49.979074 ], [ 14.415537, 49.978266 ], [ 14.414271, 49.978142 ], [ 14.412631, 49.977636 ], [ 14.411304, 49.97676 ], [ 14.409584, 49.976224 ], [ 14.408533, 49.975642 ], [ 14.407356, 49.975615 ], [ 14.406864, 49.975766 ], [ 14.406596, 49.976367 ], [ 14.406942, 49.976883 ], [ 14.406699, 49.977329 ], [ 14.405902, 49.977581 ], [ 14.401665, 49.976223 ], [ 14.399586, 49.976271 ], [ 14.399603, 49.97541 ], [ 14.398312, 49.975336 ], [ 14.397286, 49.975008 ], [ 14.397476, 49.9813 ], [ 14.397954, 49.983071 ], [ 14.399643, 49.986498 ], [ 14.399975, 49.988279 ], [ 14.399934, 49.990079 ], [ 14.400459, 49.990332 ], [ 14.400481, 49.991579 ], [ 14.401046, 49.993941 ], [ 14.404583, 49.993668 ], [ 14.404518, 49.993188 ], [ 14.406849, 49.99272 ] ] ] } },
{ "type": "Feature", "properties": { "id": "728616", "name": "Modřany", "district_id": "547107", "population_est": 3258 }, "geometry": { "type": "Polygon", "coordinates": [ [ [ 14.395939, 50.018929 ], [ 14.402802, 50.018215 ], [ 14.402602, 50.01753 ], [ 14.402954, 50.017198 ], [ 14.406319, 50.016507 ], [ 14.407671, 50.016414 ], [ 14.408756, 50.016512 ], [ 14.410099, 50.016702 ], [ 14.411551, 50.017133 ], [ 14.415475, 50.016854 ], [ 14.416526, 50.016354 ], [ 14.417001, 50.01558 ], [ 14.417355, 50.014078 ], [ 14.418146, 50.014155 ], [ 14.420196, 50.013688 ], [ 14.421203, 50.013648 ], [ 14.422075, 50.013783 ], [ 14.426209, 50.015008 ], [ 14.42772, 50.013307 ], [ 14.428992, 50.012363 ], [ 14.43061, 50.012567 ], [ 14.433571, 50.012006 ], [ 14.435177, 50.011219 ], [ 14.434082, 50.010585 ], [ 14.434768, 50.010305 ], [ 14.437418, 50.01006 ], [ 14.438832, 50.009426 ], [ 14.439712, 50.008678 ], [ 14.440487, 50.00861 ], [ 14.440896, 50.008367 ], [ 14.441585, 50.006875 ], [ 14.445339, 50.006943 ], [ 14.449792, 50.006216 ], [ 14.449573, 50.004532 ], [ 14.44987, 50.004473 ], [ 14.450034, 50.004101 ], [ 14.449733, 50.003735 ], [ 14.449101, 50.003642 ], [ 14.448907, 50.002717 ], [ 14.448265, 50.00254 ], [ 14.44818, 50.002221 ], [ 14.447831, 50.002184 ], [ 14.447856, 50.002412 ], [ 14.447482, 50.002471 ], [ 14.447129, 50.002265 ], [ 14.44707, 50.001947 ], [ 14.446627, 50.0019 ], [ 14.446013, 50.001544 ], [ 14.445352, 50.000639 ], [ 14.444063, 49.999766 ], [ 14.443691, 49.999674 ], [ 14.443307, 49.998486 ], [ 14.442486, 49.997684 ], [ 14.439794, 49.996331 ], [ 14.43942, 49.995864 ], [ 14.439153, 49.995756 ], [ 14.438865, 49.995908 ], [ 14.439123, 49.996032 ], [ 14.437679, 49.997511 ], [ 14.43635, 49.996672 ], [ 14.434036, 49.994783 ], [ 14.43607, 49.993712 ], [ 14.436039, 49.993585 ], [ 14.433598, 49.9921 ], [ 14.432884, 49.991915 ], [ 14.431752, 49.991923 ], [ 14.431293, 49.991351 ], [ 14.430362, 49.992025 ], [ 14.430427, 49.992489 ], [ 14.430224, 49.99264 ], [ 14.428939, 49.992794 ], [ 14.428847, 49.993061 ], [ 14.427711, 49.992462 ], [ 14.427578, 49.99273 ], [ 14.426458, 49.992006 ], [ 14.425276, 49.992438 ], [ 14.422695, 49.991746 ], [ 14.4211, 49.991508 ], [ 14.421021, 49.991613 ], [ 14.419564, 49.990955 ], [ 14.419549, 49.99047 ], [ 14.417124, 49.989664 ], [ 14.417031, 49.989442 ], [ 14.417355, 49.989308 ], [ 14.417163, 49.989119 ], [ 14.41583, 49.98847 ], [ 14.415498, 49.988784 ], [ 14.411773, 49.989904 ], [ 14.40976, 49.99007 ], [ 14.409842, 49.990265 ], [ 14.409, 49.990397 ], [ 14.408419, 49.990798 ], [ 14.409063, 49.990968 ], [ 14.408782, 49.991399 ], [ 14.407906, 49.992204 ], [ 14.406889, 49.992745 ], [ 14.404518, 49.993188 ], [ 14.404583, 49.993668 ], [ 14.401046, 49.993941 ], [ 14.402664, 49.997743 ], [ 14.402835, 49.998559 ], [ 14.402463, 49.998615 ], [ 14.402098, 50.002591 ], [ 14.40147, 50.004205 ], [ 14.398433, 50.00897 ], [ 14.396492, 50.015138 ], [ 14.396298, 50.016475 ], [ 14.396507, 50.016468 ], [ 14.39596, 50.017745 ], [ 14.395939, 50.018929 ] ] ] } },
{ "type": "Feature", "properties": { "id": "728641", "name": "Radlice", "district_id": "500143", "population_est": 307 }, "geometry": { "type": "Polygon", "coordinates": [ [ [ 14.383569, 50.060763 ], [ 14.383833, 50.060613 ], [ 14.387906, 50.061072 ], [ 14.390246, 50.060394 ], [ 14.391778, 50.060495 ], [ 14.392202, 50.060114 ], [ 14.39328, 50.060452 ], [ 14.393718, 50.059852 ], [ 14.393564, 50.059721 ], [ 14.394265, 50.059266 ], [ 14.395683, 50.060301 ], [ 14.396022, 50.060161 ], [ 14.396198, 50.059777 ], [ 14.396054, 50.058765 ], [ 14.399723, 50.058158 ], [ 14.39877, 50.056311 ], [ 14.398627, 50.055605 ], [ 14.398893, 50.055022 ], [ 14.400247, 50.054503 ], [ 14.400036, 50.054262 ], [ 14.400995, 50.0521 ], [ 14.402562, 50.052387 ], [ 14.402908, 50.052019 ], [ 14.404174, 50.052236 ], [ 14.404423, 50.051712 ], [ 14.405016, 50.051159 ], [ 14.405381, 50.049603 ], [ 14.404542, 50.048502 ], [ 14.402693, 50.048018 ], [ 14.399054, 50.047575 ], [ 14.397652, 50.046927 ], [ 14.391161, 50.045792 ], [ 14.388804, 50.045563 ], [ 14.386813, 50.045717 ], [ 14.384289, 50.045102 ], [ 14.383252, 50.045252 ], [ 14.383608, 50.04599 ], [ 14.381322, 50.047803 ], [ 14.380821, 50.050073 ], [ 14.380363, 50.051155 ], [ 14.381909, 50.051602 ], [ 14.381641, 50.052588 ], [ 14.382177, 50.052656 ], [ 14.382032, 50.053221 ], [ 14.380163, 50.053131 ], [ 14.379917, 50.053673 ], [ 14.379622, 50.053655 ], [ 14.379515, 50.053803 ], [ 14.375823, 50.053572 ], [ 14.375665, 50.055064 ], [ 14.373371, 50.055081 ], [ 14.373269, 50.05522 ], [ 14.373613, 50.055778 ], [ 14.376962, 50.055695 ], [ 14.379773, 50.056146 ], [ 14.379613, 50.056908 ], [ 14.378998, 50.057995 ], [ 14.378172, 50.058596 ], [ 14.37856, 50.058863 ], [ 14.37838, 50.059107 ], [ 14.379234, 50.059293 ], [ 14.378927, 50.059726 ], [ 14.381925, 50.061108 ], [ 14.3837, 50.062317 ], [ 14.384256, 50.061199 ], [ 14.383569, 50.060763 ] ] ] } },
{ "type": "Feature", "properties": { "id": "728730", "name": "Jinonice", "district_id": "500143", "population_est": 1366 }, "geometry": { "type": "Polygon", "coordinates": [ [ [ 14.334472, 50.060806 ], [ 14.335593, 50.060519 ], [ 14.335594, 50.060376 ], [ 14.336991, 50.060248 ], [ 14.336996, 50.060393 ], [ 14.337945, 50.060522 ], [ 14.338215, 50.060441 ], [ 14.338877, 50.059937 ], [ 14.339302, 50.05903 ], [ 14.340064, 50.060014 ], [ 14.340574, 50.059883 ], [ 14.341091, 50.060294 ], [ 14.342159, 50.060716 ], [ 14.341846, 50.060353 ], [ 14.343387, 50.060718 ], [ 14.3461, 50.061083 ], [ 14.347187, 50.06085 ], [ 14.353164, 50.061457 ], [ 14.357438, 50.061266 ], [ 14.360355, 50.060879 ], [ 14.361514, 50.061016 ], [ 14.366387, 50.060926 ], [ 14.36791, 50.060615 ], [ 14.368476, 50.060296 ], [ 14.367383, 50.058737 ], [ 14.368991, 50.05775 ], [ 14.372512, 50.058928 ], [ 14.375999, 50.05955 ], [ 14.376291, 50.059753 ], [ 14.376841, 50.059368 ], [ 14.378927, 50.059726 ], [ 14.379234, 50.059293 ], [ 14.37838, 50.059107 ], [ 14.37856, 50.058863 ], [ 14.378172, 50.058596 ], [ 14.378998, 50.057995 ], [ 14.379613, 50.056908 ], [ 14.379773, 50.056146 ], [ 14.376962, 50.055695 ], [ 14.373613, 50.055778 ], [ 14.373269, 50.05522 ], [ 14.373371, 50.055081 ], [ 14.375665, 50.055064 ], [ 14.375823, 50.053572 ], [ 14.379515, 50.053803 ], [ 14.379622, 50.053655 ], [ 14.379917, 50.053673 ], [ 14.380163, 50.053131 ], [ 14.382032, 50.053221 ], [ 14.382177, 50.052656 ], [ 14.381641, 50.052588 ], [ 14.381909, 50.051602 ], [ 14.380363, 50.051155 ], [ 14.380821, 50.050073 ], [ 14.381322, 50.047803 ], [ 14.383608, 50.04599 ], [ 14.383252, 50.045252 ], [ 14.384037, 50.045108 ], [ 14.384195, 50.044805 ], [ 14.38459, 50.043471 ], [ 14.383532, 50.041962 ], [ 14.381343, 50.04043 ], [ 14.380108, 50.040201 ], [ 14.379016, 50.038712 ], [ 14.378577, 50.038383 ], [ 14.375308, 50.03822 ], [ 14.370536, 50.038741 ], [ 14.363909, 50.037855 ], [ 14.363215, 50.038014 ], [ 14.361434, 50.037988 ], [ 14.360709, 50.038173 ], [ 14.359179, 50.037417 ], [ 14.355325, 50.036976 ], [ 14.355058, 50.036825 ], [ 14.354394, 50.035618 ], [ 14.352665, 50.035566 ], [ 14.351625, 50.035379 ], [ 14.35064, 50.034907 ], [ 14.350213, 50.034525 ], [ 14.348806, 50.03437 ], [ 14.346778, 50.033744 ], [ 14.346353, 50.034196 ], [ 14.347603, 50.035502 ], [ 14.346675, 50.038152 ], [ 14.346283, 50.03861 ], [ 14.344645, 50.038886 ], [ 14.347346, 50.039867 ], [ 14.349189, 50.040866 ], [ 14.349079, 50.042148 ], [ 14.347974, 50.042034 ], [ 14.347844, 50.042417 ], [ 14.343511, 50.04241 ], [ 14.34342, 50.043122 ], [ 14.342804, 50.043061 ], [ 14.342866, 50.045011 ], [ 14.343337, 50.045192 ], [ 14.34157, 50.045369 ], [ 14.340941, 50.045622 ], [ 14.342697, 50.045957 ], [ 14.347966, 50.046311 ], [ 14.349861, 50.046817 ], [ 14.351083, 50.0475 ], [ 14.354414, 50.050169 ], [ 14.35492, 50.050696 ], [ 14.355225, 50.051577 ], [ 14.351626, 50.053623 ], [ 14.349807, 50.054314 ], [ 14.349167, 50.054865 ], [ 14.346266, 50.055832 ], [ 14.345991, 50.055912 ], [ 14.345871, 50.055695 ], [ 14.34459, 50.055923 ], [ 14.344526, 50.05622 ], [ 14.342968, 50.056382 ], [ 14.339371, 50.056237 ], [ 14.339682, 50.056905 ], [ 14.339794, 50.058148 ], [ 14.338542, 50.060007 ], [ 14.338146, 50.060125 ], [ 14.337637, 50.059819 ], [ 14.337066, 50.060121 ], [ 14.33567, 50.060229 ], [ 14.335174, 50.060493 ], [ 14.335131, 50.06039 ], [ 14.334472, 50.060806 ] ] ] } },
{ "type": "Feature", "properties": { "id": "728764", "name": "Košíře", "district_id": "500143", "population_est": 1534 }, "geometry": { "type": "Polygon", "coordinates": [ [ [ 14.354437, 50.073547 ], [ 14.357757, 50.073734 ], [ 14.358943, 50.073352 ], [ 14.360295, 50.072179 ], [ 14.361067, 50.07112 ], [ 14.361471, 50.069629 ], [ 14.368356, 50.070046 ], [ 14.373437, 50.070084 ], [ 14.375198, 50.070542 ], [ 14.37631, 50.070659 ], [ 14.378682, 50.070573 ], [ 14.379538, 50.070947 ], [ 14.382511, 50.071073 ], [ 14.384224, 50.07167 ], [ 14.389418, 50.072684 ], [ 14.389888, 50.070971 ], [ 14.39282, 50.071433 ], [ 14.393193, 50.070673 ], [ 14.39335, 50.070728 ], [ 14.393448, 50.070577 ], [ 14.388528, 50.069623 ], [ 14.386391, 50.069431 ], [ 14.385916, 50.06898 ], [ 14.384997, 50.069312 ], [ 14.384173, 50.068336 ], [ 14.386423, 50.065503 ], [ 14.386809, 50.06548 ], [ 14.387461, 50.064583 ], [ 14.384904, 50.063146 ], [ 14.381925, 50.061108 ], [ 14.379741, 50.060025 ], [ 14.378163, 50.059549 ], [ 14.376841, 50.059368 ], [ 14.376291, 50.059753 ], [ 14.375999, 50.05955 ], [ 14.372512, 50.058928 ], [ 14.368991, 50.05775 ], [ 14.367383, 50.058737 ], [ 14.368476, 50.060296 ], [ 14.36791, 50.060615 ], [ 14.366387, 50.060926 ], [ 14.361514, 50.061016 ], [ 14.360355, 50.060879 ], [ 14.357438, 50.061266 ], [ 14.352549, 50.061447 ], [ 14.347187, 50.06085 ], [ 14.34595, 50.061072 ], [ 14.343387, 50.060718 ], [ 14.341846, 50.060353 ], [ 14.343278, 50.06143 ], [ 14.344418, 50.061941 ], [ 14.344156, 50.062544 ], [ 14.344266, 50.062734 ], [ 14.346661, 50.063766 ], [ 14.347525, 50.064449 ], [ 14.349193, 50.065392 ], [ 14.352347, 50.066302 ], [ 14.352322, 50.067169 ], [ 14.353451, 50.068342 ], [ 14.353455, 50.068777 ], [ 14.350816, 50.068962 ], [ 14.34912, 50.069464 ], [ 14.349719, 50.070106 ], [ 14.351112, 50.071062 ], [ 14.353438, 50.071351 ], [ 14.352671, 50.07366 ], [ 14.354437, 50.073547 ] ] ] } },
{ "type": "Feature", "properties": { "id": "728837", "name": "Hlubočepy", "district_id": "500143", "population_est": 1505 }, "geometry": { "type": "Polygon", "coordinates": [ [ [ 14.409878, 50.051354 ], [ 14.411433, 50.051222 ], [ 14.4128, 50.050755 ], [ 14.410293, 50.044719 ], [ 14.408626, 50.041702 ], [ 14.406105, 50.038138 ], [ 14.401152, 50.03212 ], [ 14.400062, 50.031039 ], [ 14.398959, 50.031454 ], [ 14.39709, 50.03063 ], [ 14.395009, 50.030014 ], [ 14.394476, 50.029615 ], [ 14.393403, 50.029429 ], [ 14.393177, 50.029204 ], [ 14.393315, 50.029028 ], [ 14.392616, 50.028589 ], [ 14.392417, 50.028792 ], [ 14.388743, 50.027495 ], [ 14.38584, 50.027154 ], [ 14.383535, 50.026708 ], [ 14.382561, 50.02669 ], [ 14.37993, 50.029246 ], [ 14.379226, 50.029127 ], [ 14.376645, 50.027781 ], [ 14.37169, 50.026168 ], [ 14.368137, 50.023602 ], [ 14.365825, 50.022332 ], [ 14.363169, 50.026262 ], [ 14.359758, 50.0253 ], [ 14.359853, 50.025174 ], [ 14.359506, 50.024888 ], [ 14.356647, 50.024724 ], [ 14.356081, 50.024988 ], [ 14.355397, 50.027175 ], [ 14.356103, 50.027211 ], [ 14.356089, 50.027337 ], [ 14.355413, 50.027339 ], [ 14.355466, 50.028408 ], [ 14.356219, 50.028402 ], [ 14.356117, 50.029035 ], [ 14.356476, 50.02923 ], [ 14.357353, 50.029368 ], [ 14.357167, 50.029948 ], [ 14.357454, 50.03008 ], [ 14.357231, 50.030857 ], [ 14.355073, 50.03166 ], [ 14.355181, 50.033313 ], [ 14.354058, 50.035004 ], [ 14.354078, 50.035319 ], [ 14.355325, 50.036976 ], [ 14.359179, 50.037417 ], [ 14.360709, 50.038173 ], [ 14.361434, 50.037988 ], [ 14.363215, 50.038014 ], [ 14.363909, 50.037855 ], [ 14.370536, 50.038741 ], [ 14.375308, 50.03822 ], [ 14.378577, 50.038383 ], [ 14.379016, 50.038712 ], [ 14.380108, 50.040201 ], [ 14.381343, 50.04043 ], [ 14.383532, 50.041962 ], [ 14.38459, 50.043471 ], [ 14.384037, 50.045108 ], [ 14.384991, 50.045205 ], [ 14.386813, 50.045717 ], [ 14.388804, 50.045563 ], [ 14.391161, 50.045792 ], [ 14.397652, 50.046927 ], [ 14.399054, 50.047575 ], [ 14.402693, 50.048018 ], [ 14.404542, 50.048502 ], [ 14.40537, 50.048492 ], [ 14.40818, 50.048956 ], [ 14.408765, 50.048925 ], [ 14.408952, 50.04945 ], [ 14.409629, 50.049685 ], [ 14.409154, 50.051733 ], [ 14.409878, 50.051354 ] ] ] } },
{ "type": "Feature", "properties": { "id": "728951", "name": "Motol", "district_id": "500143", "population_est": 501 }, "geometry": { "type": "Polygon", "coordinates": [ [ [ 14.354323, 50.077287 ], [ 14.358223, 50.076848 ], [ 14.358507, 50.075853 ], [ 14.35892, 50.075405 ], [ 14.359647, 50.072795 ], [ 14.358943, 50.073352 ], [ 14.357855, 50.073722 ], [ 14.354437, 50.073547 ], [ 14.352671, 50.07366 ], [ 14.353438, 50.071351 ], [ 14.351112, 50.071062 ], [ 14.349719, 50.070106 ], [ 14.34912, 50.069464 ], [ 14.350816, 50.068962 ], [ 14.353455, 50.068777 ], [ 14.353451, 50.068342 ], [ 14.352322, 50.067169 ], [ 14.352347, 50.066302 ], [ 14.349193, 50.065392 ], [ 14.347525, 50.064449 ], [ 14.346661, 50.063766 ], [ 14.344266, 50.062734 ], [ 14.344156, 50.062544 ], [ 14.344418, 50.061941 ], [ 14.341091, 50.060294 ], [ 14.340574, 50.059883 ], [ 14.340064, 50.060014 ], [ 14.339302, 50.05903 ], [ 14.338877, 50.059937 ], [ 14.337945, 50.060522 ], [ 14.336996, 50.060393 ], [ 14.336991, 50.060248 ], [ 14.335594, 50.060376 ], [ 14.335593, 50.060519 ], [ 14.333409, 50.061127 ], [ 14.331053, 50.062144 ], [ 14.328463, 50.062479 ], [ 14.328163, 50.062812 ], [ 14.327384, 50.063177 ], [ 14.325097, 50.062796 ], [ 14.322749, 50.065264 ], [ 14.322323, 50.065221 ], [ 14.321834, 50.065467 ], [ 14.322823, 50.067241 ], [ 14.322486, 50.068551 ], [ 14.322938, 50.070774 ], [ 14.32229, 50.071782 ], [ 14.321796, 50.073573 ], [ 14.322408, 50.07318 ], [ 14.323178, 50.073362 ], [ 14.323378, 50.073273 ], [ 14.324659, 50.073568 ], [ 14.324985, 50.073956 ], [ 14.325628, 50.074116 ], [ 14.32546, 50.074549 ], [ 14.334424, 50.075475 ], [ 14.334696, 50.074534 ], [ 14.336123, 50.074667 ], [ 14.338601, 50.075205 ], [ 14.338608, 50.075579 ], [ 14.339902, 50.075874 ], [ 14.340479, 50.075338 ], [ 14.341296, 50.07568 ], [ 14.341842, 50.075415 ], [ 14.343657, 50.075831 ], [ 14.3455, 50.076049 ], [ 14.345433, 50.075837 ], [ 14.345751, 50.075674 ], [ 14.347586, 50.075682 ], [ 14.348971, 50.075896 ], [ 14.350343, 50.07664 ], [ 14.354323, 50.077287 ] ] ] } },
{ "type": "Feature", "properties": { "id": "730190", "name": "Troja", "district_id": "547328", "population_est": 1048 }, "geometry": { "type": "Polygon", "coordinates": [ [ [ 14.404127, 50.129999 ], [ 14.405186, 50.129992 ], [ 14.405262, 50.13023 ], [ 14.405701, 50.130417 ], [ 14.408167, 50.130398 ], [ 14.408756, 50.130327 ], [ 14.408783, 50.129573 ], [ 14.414539, 50.129246 ], [ 14.414992, 50.129087 ], [ 14.416264, 50.129014 ], [ 14.416617, 50.129299 ], [ 14.417615, 50.129257 ], [ 14.41763, 50.129375 ], [ 14.420243, 50.129017 ], [ 14.420673, 50.128712 ], [ 14.424725, 50.12862 ], [ 14.428489, 50.128265 ], [ 14.428893, 50.127771 ], [ 14.434225, 50.127689 ], [ 14.436401, 50.127323 ], [ 14.440213, 50.126102 ], [ 14.446809, 50.125428 ], [ 14.449656, 50.124496 ], [ 14.448562, 50.123038 ], [ 14.449171, 50.122469 ], [ 14.449383, 50.12149 ], [ 14.444658, 50.120422 ], [ 14.445497, 50.119302 ], [ 14.442448, 50.118552 ], [ 14.440958, 50.117759 ], [ 14.440408, 50.116942 ], [ 14.439515, 50.116659 ], [ 14.438917, 50.116723 ], [ 14.437748, 50.116235 ], [ 14.437587, 50.115529 ], [ 14.437346, 50.115566 ], [ 14.437524, 50.114142 ], [ 14.438169, 50.112726 ], [ 14.433068, 50.111886 ], [ 14.430585, 50.111738 ], [ 14.426229, 50.112231 ], [ 14.423878, 50.112731 ], [ 14.420705, 50.113895 ], [ 14.418733, 50.114416 ], [ 14.416725, 50.114594 ], [ 14.41427, 50.114348 ], [ 14.411639, 50.113831 ], [ 14.407576, 50.113529 ], [ 14.403582, 50.114428 ], [ 14.401989, 50.115303 ], [ 14.399595, 50.117143 ], [ 14.397114, 50.11955 ], [ 14.396035, 50.121214 ], [ 14.395902, 50.122052 ], [ 14.395024, 50.121875 ], [ 14.399007, 50.125206 ], [ 14.400856, 50.127217 ], [ 14.400948, 50.129464 ], [ 14.40212, 50.129632 ], [ 14.403277, 50.130307 ], [ 14.404127, 50.129999 ] ] ] } },
{ "type": "Feature", "properties": { "id": "730556", "name": "Bohnice", "district_id": "500208", "population_est": 939 }, "geometry": { "type": "Polygon", "coordinates": [ [ [ 14.402238, 50.147647 ], [ 14.403408, 50.147668 ], [ 14.405088, 50.147229 ], [ 14.407196, 50.147053 ], [ 14.407796, 50.147681 ], [ 14.409228, 50.147654 ], [ 14.410276, 50.147899 ], [ 14.411066, 50.147907 ], [ 14.411462, 50.148182 ], [ 14.411832, 50.148117 ], [ 14.412647, 50.148305 ], [ 14.414648, 50.148217 ], [ 14.415497, 50.148449 ], [ 14.415793, 50.14811 ], [ 14.41655, 50.14794 ], [ 14.417039, 50.147049 ], [ 14.415675, 50.146944 ], [ 14.415668, 50.144763 ], [ 14.415424, 50.143736 ], [ 14.414444, 50.143827 ], [ 14.41433, 50.142743 ], [ 14.415095, 50.142536 ], [ 14.415704, 50.141821 ], [ 14.416722, 50.141663 ], [ 14.417442, 50.141721 ], [ 14.417443, 50.140354 ], [ 14.418688, 50.139912 ], [ 14.419772, 50.139842 ], [ 14.419785, 50.138852 ], [ 14.423445, 50.138373 ], [ 14.429971, 50.137872 ], [ 14.42999, 50.135965 ], [ 14.430297, 50.135953 ], [ 14.430171, 50.135049 ], [ 14.432464, 50.135006 ], [ 14.432449, 50.134717 ], [ 14.434858, 50.134755 ], [ 14.434845, 50.134082 ], [ 14.440276, 50.133554 ], [ 14.440265, 50.133811 ], [ 14.440806, 50.134021 ], [ 14.44266, 50.1343 ], [ 14.445453, 50.135246 ], [ 14.446092, 50.134775 ], [ 14.449156, 50.133879 ], [ 14.449099, 50.133229 ], [ 14.447958, 50.132645 ], [ 14.448294, 50.132299 ], [ 14.448139, 50.132075 ], [ 14.44754, 50.131948 ], [ 14.446573, 50.131456 ], [ 14.44673, 50.131255 ], [ 14.445748, 50.130847 ], [ 14.445849, 50.130651 ], [ 14.445644, 50.130558 ], [ 14.445332, 50.1309 ], [ 14.444859, 50.130898 ], [ 14.441863, 50.129637 ], [ 14.439859, 50.128982 ], [ 14.439049, 50.128485 ], [ 14.438139, 50.128229 ], [ 14.437371, 50.127028 ], [ 14.436047, 50.12741 ], [ 14.434225, 50.127689 ], [ 14.428893, 50.127771 ], [ 14.428489, 50.128265 ], [ 14.424725, 50.12862 ], [ 14.420673, 50.128712 ], [ 14.420243, 50.129017 ], [ 14.41763, 50.129375 ], [ 14.417615, 50.129257 ], [ 14.416617, 50.129299 ], [ 14.416264, 50.129014 ], [ 14.414992, 50.129087 ], [ 14.414539, 50.129246 ], [ 14.408783, 50.129573 ], [ 14.408756, 50.130327 ], [ 14.408167, 50.130398 ], [ 14.405701, 50.130417 ], [ 14.405262, 50.13023 ], [ 14.405186, 50.129992 ], [ 14.40479, 50.130063 ], [ 14.404379, 50.129925 ], [ 14.403277, 50.130307 ], [ 14.40212, 50.129632 ], [ 14.400948, 50.129464 ], [ 14.400569, 50.130529 ], [ 14.399635, 50.131276 ], [ 14.394866, 50.133651 ], [ 14.393593, 50.134458 ], [ 14.392568, 50.135559 ], [ 14.392371, 50.136307 ], [ 14.392725, 50.137319 ], [ 14.39563, 50.13965 ], [ 14.396867, 50.140873 ], [ 14.398166, 50.143524 ], [ 14.399223, 50.143451 ], [ 14.40004, 50.147133 ], [ 14.400049, 50.147982 ], [ 14.402238, 50.147647 ] ] ] } },
{ "type": "Feature", "properties": { "id": "730599", "name": "Dolní Chabry", "district_id": "547301", "population_est": 1313 }, "geometry": { "type": "Polygon", "coordinates": [ [ [ 14.436081, 50.159166 ], [ 14.43676, 50.157582 ], [ 14.451941, 50.157906 ], [ 14.452221, 50.158442 ], [ 14.460513, 50.159068 ], [ 14.461089, 50.154664 ], [ 14.46705, 50.154685 ], [ 14.467109, 50.149762 ], [ 14.467938, 50.14439 ], [ 14.466325, 50.144183 ], [ 14.465437, 50.14382 ], [ 14.461546, 50.142808 ], [ 14.457918, 50.141734 ], [ 14.456069, 50.140959 ], [ 14.456501, 50.137098 ], [ 14.453576, 50.136191 ], [ 14.452707, 50.135784 ], [ 14.45276, 50.135598 ], [ 14.452383, 50.135491 ], [ 14.452413, 50.135377 ], [ 14.449827, 50.13542 ], [ 14.448813, 50.136884 ], [ 14.446602, 50.136437 ], [ 14.445541, 50.137964 ], [ 14.444813, 50.139545 ], [ 14.441048, 50.139212 ], [ 14.437454, 50.140635 ], [ 14.436057, 50.142665 ], [ 14.438984, 50.143972 ], [ 14.438811, 50.145093 ], [ 14.438325, 50.145064 ], [ 14.43827, 50.145411 ], [ 14.433666, 50.145103 ], [ 14.433588, 50.14519 ], [ 14.433852, 50.146217 ], [ 14.435672, 50.148767 ], [ 14.43554, 50.150297 ], [ 14.43585, 50.151023 ], [ 14.435683, 50.151045 ], [ 14.436293, 50.151592 ], [ 14.436837, 50.151564 ], [ 14.436523, 50.151986 ], [ 14.431091, 50.151495 ], [ 14.429598, 50.150975 ], [ 14.42877, 50.151128 ], [ 14.426188, 50.15097 ], [ 14.424585, 50.150397 ], [ 14.423827, 50.149894 ], [ 14.422578, 50.149909 ], [ 14.420767, 50.150409 ], [ 14.420125, 50.153066 ], [ 14.423207, 50.152871 ], [ 14.426217, 50.153224 ], [ 14.426297, 50.153117 ], [ 14.427752, 50.153222 ], [ 14.427708, 50.153393 ], [ 14.429053, 50.153587 ], [ 14.429039, 50.154047 ], [ 14.429257, 50.154081 ], [ 14.428214, 50.157743 ], [ 14.436081, 50.159166 ] ] ] } },
{ "type": "Feature", "properties": { "id": "730629", "name": "Ďáblice", "district_id": "547298", "population_est": 1240 }, "geometry": { "type": "Polygon", "coordinates": [ [ [ 14.489153, 50.164003 ], [ 14.495823, 50.162087 ], [ 14.499548, 50.164437 ], [ 14.502455, 50.1641 ], [ 14.502814, 50.15928 ], [ 14.503632, 50.159344 ], [ 14.50562, 50.15875 ], [ 14.506495, 50.155812 ], [ 14.503613, 50.155511 ], [ 14.504112, 50.153818 ], [ 14.504651, 50.153283 ], [ 14.50345, 50.153111 ], [ 14.503505, 50.151854 ], [ 14.499638, 50.150983 ], [ 14.497378, 50.149844 ], [ 14.497184, 50.148792 ], [ 14.497405, 50.147969 ], [ 14.500072, 50.146897 ], [ 14.502025, 50.146619 ], [ 14.503408, 50.145931 ], [ 14.504471, 50.144077 ], [ 14.504376, 50.142475 ], [ 14.501243, 50.142357 ], [ 14.496559, 50.142406 ], [ 14.497195, 50.140173 ], [ 14.497749, 50.136445 ], [ 14.488799, 50.135424 ], [ 14.487953, 50.137768 ], [ 14.487477, 50.138278 ], [ 14.484242, 50.138128 ], [ 14.480404, 50.13816 ], [ 14.478966, 50.138437 ], [ 14.478645, 50.138303 ], [ 14.479287, 50.138817 ], [ 14.479864, 50.13977 ], [ 14.477731, 50.13991 ], [ 14.477628, 50.139706 ], [ 14.476825, 50.140365 ], [ 14.475575, 50.139746 ], [ 14.473304, 50.138256 ], [ 14.474296, 50.1371 ], [ 14.46837, 50.134953 ], [ 14.461433, 50.132804 ], [ 14.459628, 50.134114 ], [ 14.456501, 50.137098 ], [ 14.456069, 50.140959 ], [ 14.457918, 50.141734 ], [ 14.461546, 50.142808 ], [ 14.465437, 50.14382 ], [ 14.466325, 50.144183 ], [ 14.467938, 50.14439 ], [ 14.467109, 50.149762 ], [ 14.467085, 50.153581 ], [ 14.468921, 50.15357 ], [ 14.469613, 50.156799 ], [ 14.469699, 50.158162 ], [ 14.470078, 50.15816 ], [ 14.469683, 50.16064 ], [ 14.479176, 50.161511 ], [ 14.489004, 50.161624 ], [ 14.489153, 50.164003 ] ] ] } },
{ "type": "Feature", "properties": { "id": "730866", "name": "Střížkov", "district_id": "500208", "population_est": 543 }, "geometry": { "type": "Polygon", "coordinates": [ [ [ 14.484496, 50.138136 ], [ 14.487477, 50.138278 ], [ 14.487953, 50.137768 ], [ 14.488799, 50.135424 ], [ 14.494713, 50.136164 ], [ 14.495631, 50.13145 ], [ 14.497946, 50.131383 ], [ 14.498514, 50.127552 ], [ 14.498588, 50.127809 ], [ 14.498914, 50.127674 ], [ 14.499014, 50.128216 ], [ 14.500384, 50.127599 ], [ 14.501343, 50.126825 ], [ 14.501191, 50.126706 ], [ 14.500729, 50.12677 ], [ 14.500681, 50.126513 ], [ 14.500257, 50.126546 ], [ 14.500087, 50.126353 ], [ 14.499796, 50.126417 ], [ 14.499761, 50.126244 ], [ 14.499024, 50.1264 ], [ 14.498265, 50.123365 ], [ 14.497213, 50.123566 ], [ 14.491306, 50.12378 ], [ 14.490869, 50.124111 ], [ 14.490368, 50.123851 ], [ 14.488782, 50.124099 ], [ 14.48798, 50.124048 ], [ 14.487476, 50.1242 ], [ 14.48766, 50.12325 ], [ 14.487349, 50.122717 ], [ 14.486189, 50.121604 ], [ 14.484839, 50.120678 ], [ 14.483271, 50.118824 ], [ 14.479971, 50.118774 ], [ 14.479179, 50.120045 ], [ 14.480312, 50.120717 ], [ 14.480237, 50.12105 ], [ 14.479533, 50.12111 ], [ 14.478854, 50.121415 ], [ 14.479908, 50.122662 ], [ 14.480211, 50.12279 ], [ 14.479728, 50.123107 ], [ 14.479761, 50.123644 ], [ 14.479055, 50.123752 ], [ 14.485739, 50.128545 ], [ 14.484744, 50.128874 ], [ 14.483149, 50.129123 ], [ 14.481039, 50.129013 ], [ 14.478037, 50.134041 ], [ 14.478775, 50.136452 ], [ 14.478881, 50.137883 ], [ 14.479297, 50.138373 ], [ 14.480404, 50.13816 ], [ 14.484496, 50.138136 ] ] ] } },
{ "type": "Feature", "properties": { "id": "602582", "name": "Benice", "district_id": "538078", "population_est": 316 }, "geometry": { "type": "Polygon", "coordinates": [ [ [ 14.592988, 50.026229 ], [ 14.596363, 50.024203 ], [ 14.600434, 50.021053 ], [ 14.601684, 50.021698 ], [ 14.602806, 50.021059 ], [ 14.604257, 50.020657 ], [ 14.608284, 50.020421 ], [ 14.608739, 50.021271 ], [ 14.609721, 50.020902 ], [ 14.608802, 50.020364 ], [ 14.60871, 50.019792 ], [ 14.609005, 50.019583 ], [ 14.610248, 50.01924 ], [ 14.610448, 50.019421 ], [ 14.610835, 50.019103 ], [ 14.611751, 50.018955 ], [ 14.611121, 50.01871 ], [ 14.61168, 50.018233 ], [ 14.61195, 50.017061 ], [ 14.612279, 50.016817 ], [ 14.611702, 50.016519 ], [ 14.611683, 50.016242 ], [ 14.613088, 50.015716 ], [ 14.614325, 50.015574 ], [ 14.614448, 50.015369 ], [ 14.613532, 50.014269 ], [ 14.616054, 50.013174 ], [ 14.615666, 50.012762 ], [ 14.616341, 50.012315 ], [ 14.615182, 50.011379 ], [ 14.616359, 50.010666 ], [ 14.614847, 50.009699 ], [ 14.614225, 50.009742 ], [ 14.614131, 50.007668 ], [ 14.61334, 50.007688 ], [ 14.613689, 50.00658 ], [ 14.613646, 50.005239 ], [ 14.613934, 50.00398 ], [ 14.612363, 50.003294 ], [ 14.609099, 50.00299 ], [ 14.609949, 50.002226 ], [ 14.609309, 50.001904 ], [ 14.608017, 50.002462 ], [ 14.607897, 50.003009 ], [ 14.605699, 50.002587 ], [ 14.603968, 50.001998 ], [ 14.603012, 50.006365 ], [ 14.602412, 50.008 ], [ 14.602331, 50.009503 ], [ 14.596708, 50.00815 ], [ 14.595766, 50.007451 ], [ 14.595039, 50.007215 ], [ 14.594693, 50.008177 ], [ 14.595032, 50.00942 ], [ 14.594476, 50.010123 ], [ 14.59392, 50.009741 ], [ 14.592945, 50.009446 ], [ 14.591818, 50.009811 ], [ 14.58923, 50.008729 ], [ 14.588495, 50.00924 ], [ 14.587934, 50.010098 ], [ 14.589226, 50.010349 ], [ 14.588985, 50.011868 ], [ 14.591728, 50.012464 ], [ 14.590884, 50.013682 ], [ 14.594966, 50.01472 ], [ 14.593989, 50.015782 ], [ 14.59367, 50.015716 ], [ 14.593527, 50.0159 ], [ 14.590853, 50.015252 ], [ 14.590176, 50.016836 ], [ 14.592527, 50.017358 ], [ 14.592616, 50.017555 ], [ 14.594099, 50.017876 ], [ 14.593201, 50.01898 ], [ 14.593622, 50.019098 ], [ 14.594963, 50.019142 ], [ 14.595948, 50.017852 ], [ 14.596699, 50.018361 ], [ 14.596525, 50.018872 ], [ 14.596081, 50.018956 ], [ 14.595932, 50.019279 ], [ 14.596287, 50.019547 ], [ 14.597157, 50.019145 ], [ 14.597376, 50.019634 ], [ 14.596153, 50.019783 ], [ 14.596429, 50.020306 ], [ 14.596076, 50.020567 ], [ 14.595122, 50.020188 ], [ 14.5946, 50.020447 ], [ 14.594087, 50.020751 ], [ 14.594379, 50.021118 ], [ 14.594257, 50.021198 ], [ 14.593529, 50.021308 ], [ 14.593403, 50.021044 ], [ 14.591187, 50.021527 ], [ 14.592656, 50.022981 ], [ 14.591909, 50.023344 ], [ 14.591737, 50.023198 ], [ 14.590107, 50.024164 ], [ 14.592988, 50.026229 ] ] ] } },
{ "type": "Feature", "properties": { "id": "614131", "name": "Březiněves", "district_id": "538124", "population_est": 657 }, "geometry": { "type": "Polygon", "coordinates": [ [ [ 14.492264, 50.172424 ], [ 14.507143, 50.171484 ], [ 14.505362, 50.163867 ], [ 14.499548, 50.164437 ], [ 14.495823, 50.162087 ], [ 14.489153, 50.164003 ], [ 14.489004, 50.161624 ], [ 14.479176, 50.161511 ], [ 14.469683, 50.16064 ], [ 14.470078, 50.15816 ], [ 14.469699, 50.158162 ], [ 14.469613, 50.156799 ], [ 14.468921, 50.15357 ], [ 14.467085, 50.153581 ], [ 14.46705, 50.154685 ], [ 14.461089, 50.154664 ], [ 14.460513, 50.159068 ], [ 14.464199, 50.159997 ], [ 14.463796, 50.161303 ], [ 14.46392, 50.164953 ], [ 14.464526, 50.165192 ], [ 14.466845, 50.165501 ], [ 14.467085, 50.167892 ], [ 14.466989, 50.169618 ], [ 14.469119, 50.169882 ], [ 14.478199, 50.169827 ], [ 14.480226, 50.169952 ], [ 14.480075, 50.171909 ], [ 14.479599, 50.172368 ], [ 14.492264, 50.172424 ] ] ] } },
{ "type": "Feature", "properties": { "id": "629952", "name": "Dolní Počernice", "district_id": "538175", "population_est": 979 }, "geometry": { "type": "Polygon", "coordinates": [ [ [ 14.579464, 50.101127 ], [ 14.582309, 50.097414 ], [ 14.589271, 50.099358 ], [ 14.592432, 50.094647 ], [ 14.593891, 50.095036 ], [ 14.596517, 50.096221 ], [ 14.600837, 50.096674 ], [ 14.606787, 50.096911 ], [ 14.61122, 50.097725 ], [ 14.614941, 50.098073 ], [ 14.617504, 50.098525 ], [ 14.618812, 50.098551 ], [ 14.620713, 50.097556 ], [ 14.622361, 50.096202 ], [ 14.624473, 50.095655 ], [ 14.623378, 50.093717 ], [ 14.62263, 50.093589 ], [ 14.620609, 50.093655 ], [ 14.619083, 50.093541 ], [ 14.618938, 50.093375 ], [ 14.614405, 50.093301 ], [ 14.610921, 50.093003 ], [ 14.609808, 50.092721 ], [ 14.606601, 50.09262 ], [ 14.604179, 50.092246 ], [ 14.603993, 50.089266 ], [ 14.604722, 50.089232 ], [ 14.604763, 50.088071 ], [ 14.605206, 50.08684 ], [ 14.602402, 50.086378 ], [ 14.601421, 50.086014 ], [ 14.601322, 50.084065 ], [ 14.601654, 50.083882 ], [ 14.601648, 50.083511 ], [ 14.595927, 50.082768 ], [ 14.595663, 50.082412 ], [ 14.594108, 50.081638 ], [ 14.59313, 50.081553 ], [ 14.590859, 50.081722 ], [ 14.585438, 50.082599 ], [ 14.585606, 50.081158 ], [ 14.584459, 50.080892 ], [ 14.578408, 50.080829 ], [ 14.576852, 50.080592 ], [ 14.57732, 50.076047 ], [ 14.571958, 50.075499 ], [ 14.56561, 50.074056 ], [ 14.564758, 50.076134 ], [ 14.56432, 50.076034 ], [ 14.56511, 50.076471 ], [ 14.564962, 50.0792 ], [ 14.564761, 50.079464 ], [ 14.56514, 50.080382 ], [ 14.564094, 50.082313 ], [ 14.564797, 50.087539 ], [ 14.564848, 50.087689 ], [ 14.565389, 50.087648 ], [ 14.566157, 50.088708 ], [ 14.566772, 50.088848 ], [ 14.566574, 50.089269 ], [ 14.567027, 50.089732 ], [ 14.569401, 50.088571 ], [ 14.570091, 50.088992 ], [ 14.570287, 50.088899 ], [ 14.570485, 50.089044 ], [ 14.570866, 50.089004 ], [ 14.572786, 50.090378 ], [ 14.572478, 50.090283 ], [ 14.571647, 50.090712 ], [ 14.572666, 50.091599 ], [ 14.571964, 50.092243 ], [ 14.569703, 50.093454 ], [ 14.570646, 50.093486 ], [ 14.572299, 50.09434 ], [ 14.573333, 50.094696 ], [ 14.57309, 50.095533 ], [ 14.574415, 50.09593 ], [ 14.572911, 50.098164 ], [ 14.574522, 50.098643 ], [ 14.573042, 50.1008 ], [ 14.576828, 50.101088 ], [ 14.579464, 50.101127 ] ] ] } },
{ "type": "Feature", "properties": { "id": "633330", "name": "Dubeč", "district_id": "538205", "population_est": 1094 }, "geometry": { "type": "Polygon", "coordinates": [ [ [ 14.585438, 50.082599 ], [ 14.589093, 50.07764 ], [ 14.589565, 50.076191 ], [ 14.590607, 50.075092 ], [ 14.592163, 50.071642 ], [ 14.596218, 50.072651 ], [ 14.596859, 50.074107 ], [ 14.597814, 50.075013 ], [ 14.602773, 50.075542 ], [ 14.605764, 50.076296 ], [ 14.606683, 50.077088 ], [ 14.60769, 50.077285 ], [ 14.608328, 50.075946 ], [ 14.609273, 50.074879 ], [ 14.609876, 50.073804 ], [ 14.609749, 50.07322 ], [ 14.611343, 50.073476 ], [ 14.612012, 50.072583 ], [ 14.612273, 50.071408 ], [ 14.611411, 50.070849 ], [ 14.611589, 50.070345 ], [ 14.612417, 50.069465 ], [ 14.612849, 50.068092 ], [ 14.613955, 50.067653 ], [ 14.613373, 50.067422 ], [ 14.613553, 50.066966 ], [ 14.613729, 50.066836 ], [ 14.61776, 50.067956 ], [ 14.618077, 50.066096 ], [ 14.619146, 50.064834 ], [ 14.620146, 50.064955 ], [ 14.621603, 50.064839 ], [ 14.622273, 50.064703 ], [ 14.622371, 50.064438 ], [ 14.622582, 50.0644 ], [ 14.622131, 50.062981 ], [ 14.619975, 50.062952 ], [ 14.620853, 50.061229 ], [ 14.621298, 50.056914 ], [ 14.617323, 50.057263 ], [ 14.615799, 50.057612 ], [ 14.615782, 50.055728 ], [ 14.611853, 50.056473 ], [ 14.608256, 50.056208 ], [ 14.60218, 50.055282 ], [ 14.603185, 50.053671 ], [ 14.602671, 50.053388 ], [ 14.601806, 50.053478 ], [ 14.599836, 50.053163 ], [ 14.599043, 50.054103 ], [ 14.595811, 50.053642 ], [ 14.596011, 50.052165 ], [ 14.596553, 50.051612 ], [ 14.596764, 50.050511 ], [ 14.596187, 50.049562 ], [ 14.596507, 50.049056 ], [ 14.596334, 50.048552 ], [ 14.595618, 50.048855 ], [ 14.594553, 50.048974 ], [ 14.593146, 50.048713 ], [ 14.592802, 50.04901 ], [ 14.590882, 50.048698 ], [ 14.587264, 50.04848 ], [ 14.586456, 50.048302 ], [ 14.585027, 50.047262 ], [ 14.584408, 50.047068 ], [ 14.583796, 50.048442 ], [ 14.583405, 50.048846 ], [ 14.58218, 50.049188 ], [ 14.581993, 50.049407 ], [ 14.580255, 50.049154 ], [ 14.579579, 50.049993 ], [ 14.575979, 50.05108 ], [ 14.575646, 50.051594 ], [ 14.57555, 50.051951 ], [ 14.576288, 50.052923 ], [ 14.577667, 50.053397 ], [ 14.577484, 50.053927 ], [ 14.576632, 50.054258 ], [ 14.577201, 50.054425 ], [ 14.577911, 50.055616 ], [ 14.57758, 50.056134 ], [ 14.57588, 50.056724 ], [ 14.575909, 50.057782 ], [ 14.577881, 50.058091 ], [ 14.578296, 50.057365 ], [ 14.578973, 50.057295 ], [ 14.578279, 50.060765 ], [ 14.577282, 50.060712 ], [ 14.576935, 50.06186 ], [ 14.573522, 50.061068 ], [ 14.571661, 50.061019 ], [ 14.571221, 50.062728 ], [ 14.570464, 50.064025 ], [ 14.570237, 50.064897 ], [ 14.568825, 50.067254 ], [ 14.567727, 50.069773 ], [ 14.568148, 50.071134 ], [ 14.56703, 50.074372 ], [ 14.571958, 50.075499 ], [ 14.57732, 50.076047 ], [ 14.576852, 50.080592 ], [ 14.578408, 50.080829 ], [ 14.584459, 50.080892 ], [ 14.585606, 50.081158 ], [ 14.585438, 50.082599 ] ] ] } },
{ "type": "Feature", "properties": { "id": "643777", "name": "Horní Počernice", "district_id": "538213", "population_est": 3252 }, "geometry": { "type": "Polygon", "coordinates": [ [ [ 14.60859, 50.127196 ], [ 14.620663, 50.12957 ], [ 14.621578, 50.127904 ], [ 14.621845, 50.1279 ], [ 14.632374, 50.129974 ], [ 14.634515, 50.128136 ], [ 14.635493, 50.126445 ], [ 14.635275, 50.123989 ], [ 14.638517, 50.123678 ], [ 14.639843, 50.124238 ], [ 14.640701, 50.1236 ], [ 14.645456, 50.12348 ], [ 14.646081, 50.123594 ], [ 14.647593, 50.124253 ], [ 14.650147, 50.123541 ], [ 14.652426, 50.123596 ], [ 14.659189, 50.122674 ], [ 14.658677, 50.12059 ], [ 14.659656, 50.120732 ], [ 14.657492, 50.11305 ], [ 14.657501, 50.112194 ], [ 14.656832, 50.10996 ], [ 14.657477, 50.10635 ], [ 14.655905, 50.104406 ], [ 14.658374, 50.10345 ], [ 14.654598, 50.101229 ], [ 14.649908, 50.100415 ], [ 14.649844, 50.098571 ], [ 14.64878, 50.09704 ], [ 14.643593, 50.097805 ], [ 14.642868, 50.092444 ], [ 14.642602, 50.09233 ], [ 14.642585, 50.092125 ], [ 14.637757, 50.090145 ], [ 14.637993, 50.092487 ], [ 14.633233, 50.091663 ], [ 14.632989, 50.092201 ], [ 14.632409, 50.09214 ], [ 14.6305, 50.093075 ], [ 14.628135, 50.093847 ], [ 14.625986, 50.094875 ], [ 14.626036, 50.095258 ], [ 14.622361, 50.096202 ], [ 14.620713, 50.097556 ], [ 14.618812, 50.098551 ], [ 14.617504, 50.098525 ], [ 14.614941, 50.098073 ], [ 14.61122, 50.097725 ], [ 14.606787, 50.096911 ], [ 14.600837, 50.096674 ], [ 14.596517, 50.096221 ], [ 14.593891, 50.095036 ], [ 14.592432, 50.094647 ], [ 14.589271, 50.099358 ], [ 14.582309, 50.097414 ], [ 14.579464, 50.101127 ], [ 14.587711, 50.10072 ], [ 14.588699, 50.100987 ], [ 14.589694, 50.101754 ], [ 14.589876, 50.102933 ], [ 14.588985, 50.104805 ], [ 14.587687, 50.108728 ], [ 14.587178, 50.109429 ], [ 14.585981, 50.110126 ], [ 14.584394, 50.110187 ], [ 14.575512, 50.109064 ], [ 14.575282, 50.108444 ], [ 14.57469, 50.10824 ], [ 14.574477, 50.10871 ], [ 14.574036, 50.109034 ], [ 14.575636, 50.109244 ], [ 14.575686, 50.111081 ], [ 14.575423, 50.113362 ], [ 14.57794, 50.113251 ], [ 14.578703, 50.113058 ], [ 14.578733, 50.113616 ], [ 14.577854, 50.11388 ], [ 14.577845, 50.114476 ], [ 14.579291, 50.11576 ], [ 14.579949, 50.117287 ], [ 14.587154, 50.117249 ], [ 14.587197, 50.1208 ], [ 14.592912, 50.120768 ], [ 14.592319, 50.122291 ], [ 14.591857, 50.122872 ], [ 14.594818, 50.122909 ], [ 14.596973, 50.122731 ], [ 14.602862, 50.121461 ], [ 14.604516, 50.128404 ], [ 14.604642, 50.128485 ], [ 14.607273, 50.127898 ], [ 14.60859, 50.127196 ] ] ] } },
{ "type": "Feature", "properties": { "id": "652393", "name": "Cholupice", "district_id": "547107", "population_est": 344 }, "geometry": { "type": "Polygon", "coordinates": [ [ [ 14.449059, 50.00261 ], [ 14.451391, 50.002505 ], [ 14.452278, 50.00273 ], [ 14.453075, 50.002628 ], [ 14.453057, 50.0023 ], [ 14.451886, 50.001859 ], [ 14.451318, 50.001433 ], [ 14.451309, 50.000614 ], [ 14.451498, 50.000391 ], [ 14.451687, 50.000272 ], [ 14.4522, 50.000323 ], [ 14.453029, 49.999692 ], [ 14.454543, 49.999475 ], [ 14.45508, 49.999588 ], [ 14.456014, 49.999401 ], [ 14.45552, 49.999124 ], [ 14.455564, 49.999008 ], [ 14.455322, 49.999029 ], [ 14.455259, 49.99866 ], [ 14.455912, 49.998585 ], [ 14.455835, 49.998355 ], [ 14.456853, 49.998209 ], [ 14.458318, 49.997535 ], [ 14.457324, 49.997051 ], [ 14.457396, 49.996826 ], [ 14.456903, 49.996259 ], [ 14.457098, 49.995223 ], [ 14.456451, 49.995039 ], [ 14.455451, 49.994337 ], [ 14.454565, 49.994048 ], [ 14.454285, 49.99362 ], [ 14.457179, 49.991305 ], [ 14.460287, 49.991986 ], [ 14.460663, 49.991285 ], [ 14.460521, 49.991198 ], [ 14.461267, 49.990112 ], [ 14.463654, 49.990855 ], [ 14.464012, 49.990298 ], [ 14.462582, 49.99021 ], [ 14.463425, 49.988919 ], [ 14.462784, 49.988682 ], [ 14.46297, 49.988414 ], [ 14.463178, 49.988278 ], [ 14.465685, 49.988255 ], [ 14.466265, 49.987386 ], [ 14.466436, 49.98687 ], [ 14.463804, 49.986866 ], [ 14.463981, 49.985682 ], [ 14.461834, 49.985693 ], [ 14.461628, 49.98553 ], [ 14.461696, 49.985149 ], [ 14.467139, 49.984963 ], [ 14.466738, 49.984514 ], [ 14.46619, 49.982621 ], [ 14.466309, 49.98072 ], [ 14.464174, 49.972766 ], [ 14.463291, 49.972814 ], [ 14.463183, 49.972512 ], [ 14.462585, 49.972605 ], [ 14.462487, 49.972324 ], [ 14.462791, 49.97228 ], [ 14.462306, 49.970846 ], [ 14.458053, 49.971898 ], [ 14.453703, 49.971934 ], [ 14.45035, 49.973373 ], [ 14.448569, 49.973805 ], [ 14.447617, 49.973916 ], [ 14.445883, 49.973758 ], [ 14.44466, 49.973938 ], [ 14.442801, 49.975469 ], [ 14.440973, 49.976649 ], [ 14.439715, 49.977964 ], [ 14.438671, 49.978469 ], [ 14.434676, 49.981246 ], [ 14.434842, 49.982301 ], [ 14.43367, 49.985778 ], [ 14.433184, 49.986281 ], [ 14.432082, 49.98626 ], [ 14.430964, 49.986448 ], [ 14.4311, 49.987007 ], [ 14.429934, 49.988092 ], [ 14.429593, 49.98943 ], [ 14.427424, 49.989401 ], [ 14.426568, 49.987653 ], [ 14.426825, 49.986893 ], [ 14.424299, 49.986832 ], [ 14.422158, 49.987228 ], [ 14.42098, 49.986866 ], [ 14.420362, 49.986287 ], [ 14.420164, 49.985831 ], [ 14.42024, 49.984557 ], [ 14.421182, 49.983991 ], [ 14.422384, 49.983651 ], [ 14.4232, 49.982376 ], [ 14.423424, 49.981326 ], [ 14.424153, 49.980165 ], [ 14.424168, 49.979809 ], [ 14.422444, 49.980321 ], [ 14.420601, 49.98127 ], [ 14.418719, 49.981856 ], [ 14.41687, 49.982783 ], [ 14.417315, 49.982996 ], [ 14.416981, 49.983141 ], [ 14.417122, 49.983353 ], [ 14.418278, 49.983951 ], [ 14.41837, 49.984498 ], [ 14.417082, 49.985377 ], [ 14.417166, 49.98589 ], [ 14.416973, 49.985921 ], [ 14.416917, 49.986221 ], [ 14.415663, 49.986966 ], [ 14.415408, 49.987513 ], [ 14.415582, 49.987571 ], [ 14.415467, 49.987771 ], [ 14.415889, 49.98829 ], [ 14.41583, 49.98847 ], [ 14.417355, 49.989308 ], [ 14.417031, 49.989442 ], [ 14.417124, 49.989664 ], [ 14.419549, 49.99047 ], [ 14.419564, 49.990955 ], [ 14.421021, 49.991613 ], [ 14.4211, 49.991508 ], [ 14.422695, 49.991746 ], [ 14.425276, 49.992438 ], [ 14.426458, 49.992006 ], [ 14.427578, 49.99273 ], [ 14.427711, 49.992462 ], [ 14.428847, 49.993061 ], [ 14.428939, 49.992794 ], [ 14.430224, 49.99264 ], [ 14.430427, 49.992489 ], [ 14.430362, 49.992025 ], [ 14.431293, 49.991351 ], [ 14.431752, 49.991923 ], [ 14.432884, 49.991915 ], [ 14.433598, 49.9921 ], [ 14.436039, 49.993585 ], [ 14.43607, 49.993712 ], [ 14.434036, 49.994783 ], [ 14.436379, 49.996691 ], [ 14.437679, 49.997511 ], [ 14.439123, 49.996032 ], [ 14.438865, 49.995908 ], [ 14.439217, 49.995762 ], [ 14.439794, 49.996331 ], [ 14.442486, 49.997684 ], [ 14.443307, 49.998486 ], [ 14.443691, 49.999674 ], [ 14.444063, 49.999766 ], [ 14.445352, 50.000639 ], [ 14.446013, 50.001544 ], [ 14.446627, 50.0019 ], [ 14.44707, 50.001947 ], [ 14.447129, 50.002265 ], [ 14.447482, 50.002471 ], [ 14.447856, 50.002412 ], [ 14.447831, 50.002184 ], [ 14.44818, 50.002221 ], [ 14.448265, 50.00254 ], [ 14.448907, 50.002717 ], [ 14.449059, 50.00261 ] ] ] } },
{ "type": "Feature", "properties": { "id": "738620", "name": "Radotín", "district_id": "539601", "population_est": 1817 }, "geometry": { "type": "Polygon", "coordinates": [ [ [ 14.323086, 50.009024 ], [ 14.325775, 50.009238 ], [ 14.324913, 50.008104 ], [ 14.329835, 50.004652 ], [ 14.335278, 50.00651 ], [ 14.33716, 50.00615 ], [ 14.337894, 50.005785 ], [ 14.339087, 50.005533 ], [ 14.338647, 50.005215 ], [ 14.338347, 50.004668 ], [ 14.338004, 50.002836 ], [ 14.338119, 50.002292 ], [ 14.339435, 50.001691 ], [ 14.340253, 50.001575 ], [ 14.341591, 50.00039 ], [ 14.340665, 49.999039 ], [ 14.341266, 49.998235 ], [ 14.341851, 49.998497 ], [ 14.342783, 49.998649 ], [ 14.344527, 49.99834 ], [ 14.346602, 49.998627 ], [ 14.347279, 49.998225 ], [ 14.34696, 49.997836 ], [ 14.347486, 49.99786 ], [ 14.347753, 49.99769 ], [ 14.348554, 49.99804 ], [ 14.349974, 49.998278 ], [ 14.34997, 49.997765 ], [ 14.34974, 49.997697 ], [ 14.348961, 49.995738 ], [ 14.348301, 49.995485 ], [ 14.347775, 49.99503 ], [ 14.347953, 49.99486 ], [ 14.347384, 49.994498 ], [ 14.347809, 49.994083 ], [ 14.348449, 49.994038 ], [ 14.348441, 49.993832 ], [ 14.348942, 49.99369 ], [ 14.349045, 49.993523 ], [ 14.348789, 49.993148 ], [ 14.349605, 49.992773 ], [ 14.351507, 49.992461 ], [ 14.353291, 49.992565 ], [ 14.353466, 49.993138 ], [ 14.353833, 49.993325 ], [ 14.355875, 49.99376 ], [ 14.357113, 49.994386 ], [ 14.358736, 49.994845 ], [ 14.360525, 49.994861 ], [ 14.363521, 49.996597 ], [ 14.366035, 49.997143 ], [ 14.369096, 50.000183 ], [ 14.370769, 49.999315 ], [ 14.374745, 49.996005 ], [ 14.374915, 49.995631 ], [ 14.376283, 49.994969 ], [ 14.378124, 49.996699 ], [ 14.381153, 50.000639 ], [ 14.386452, 49.998865 ], [ 14.392295, 49.995456 ], [ 14.394132, 49.995705 ], [ 14.39454, 49.994949 ], [ 14.392565, 49.994242 ], [ 14.392661, 49.994017 ], [ 14.392856, 49.994075 ], [ 14.392778, 49.993299 ], [ 14.392536, 49.993004 ], [ 14.391004, 49.992826 ], [ 14.389523, 49.992453 ], [ 14.38811, 49.991681 ], [ 14.385344, 49.988942 ], [ 14.38235, 49.986495 ], [ 14.383708, 49.986171 ], [ 14.382558, 49.985264 ], [ 14.381838, 49.984944 ], [ 14.380099, 49.984487 ], [ 14.375324, 49.985184 ], [ 14.372305, 49.985237 ], [ 14.370428, 49.985003 ], [ 14.369426, 49.984616 ], [ 14.368507, 49.983427 ], [ 14.367203, 49.982501 ], [ 14.365054, 49.982032 ], [ 14.362754, 49.981231 ], [ 14.361618, 49.980101 ], [ 14.361394, 49.978645 ], [ 14.360653, 49.976598 ], [ 14.358971, 49.974303 ], [ 14.357535, 49.973031 ], [ 14.355134, 49.97191 ], [ 14.353215, 49.971838 ], [ 14.352232, 49.972238 ], [ 14.34928, 49.97292 ], [ 14.348768, 49.972937 ], [ 14.347141, 49.972553 ], [ 14.346888, 49.973409 ], [ 14.346321, 49.973773 ], [ 14.345453, 49.973544 ], [ 14.345064, 49.973695 ], [ 14.346245, 49.974789 ], [ 14.342366, 49.974919 ], [ 14.340685, 49.974692 ], [ 14.335235, 49.972987 ], [ 14.333595, 49.972088 ], [ 14.332364, 49.971108 ], [ 14.331309, 49.971141 ], [ 14.32753, 49.970811 ], [ 14.326925, 49.971488 ], [ 14.326879, 49.971937 ], [ 14.327924, 49.97328 ], [ 14.330275, 49.974257 ], [ 14.330009, 49.974605 ], [ 14.329402, 49.974569 ], [ 14.329674, 49.975032 ], [ 14.33012, 49.975299 ], [ 14.33, 49.975495 ], [ 14.332673, 49.97596 ], [ 14.332407, 49.977384 ], [ 14.334737, 49.977604 ], [ 14.335555, 49.978195 ], [ 14.33526, 49.978589 ], [ 14.339656, 49.98083 ], [ 14.339366, 49.981208 ], [ 14.338808, 49.981354 ], [ 14.33864, 49.982014 ], [ 14.337651, 49.982469 ], [ 14.337716, 49.982766 ], [ 14.338531, 49.983111 ], [ 14.339224, 49.983738 ], [ 14.339034, 49.985109 ], [ 14.338821, 49.985292 ], [ 14.339015, 49.985576 ], [ 14.338507, 49.985816 ], [ 14.338092, 49.985663 ], [ 14.337879, 49.985971 ], [ 14.336955, 49.986011 ], [ 14.335841, 49.986527 ], [ 14.335159, 49.986522 ], [ 14.334724, 49.987014 ], [ 14.334855, 49.988064 ], [ 14.335637, 49.988885 ], [ 14.337562, 49.989088 ], [ 14.339781, 49.989639 ], [ 14.342822, 49.990709 ], [ 14.338658, 49.991631 ], [ 14.338023, 49.992417 ], [ 14.337748, 49.993212 ], [ 14.336411, 49.993861 ], [ 14.335048, 49.993927 ], [ 14.333206, 49.993371 ], [ 14.332887, 49.994459 ], [ 14.332666, 49.994416 ], [ 14.332601, 49.994536 ], [ 14.331703, 49.994266 ], [ 14.331191, 49.994663 ], [ 14.331281, 49.994964 ], [ 14.330739, 49.994997 ], [ 14.329187, 49.994127 ], [ 14.3281, 49.99403 ], [ 14.326709, 49.993576 ], [ 14.326368, 49.994253 ], [ 14.325806, 49.99476 ], [ 14.324607, 49.995424 ], [ 14.324269, 49.995486 ], [ 14.323671, 49.995338 ], [ 14.322955, 49.99597 ], [ 14.322138, 49.995921 ], [ 14.320016, 49.995326 ], [ 14.317903, 49.995514 ], [ 14.318544, 49.996971 ], [ 14.3184, 49.997938 ], [ 14.318764, 49.998595 ], [ 14.318998, 50.000052 ], [ 14.319433, 50.001075 ], [ 14.319526, 50.003651 ], [ 14.319062, 50.004761 ], [ 14.321738, 50.005172 ], [ 14.322412, 50.005683 ], [ 14.323198, 50.006749 ], [ 14.323086, 50.009024 ] ] ] } },
{ "type": "Feature", "properties": { "id": "652407", "name": "Točná", "district_id": "547107", "population_est": 464 }, "geometry": { "type": "Polygon", "coordinates": [ [ [ 14.429934, 49.988092 ], [ 14.431149, 49.986799 ], [ 14.430964, 49.986448 ], [ 14.432082, 49.98626 ], [ 14.433184, 49.986281 ], [ 14.43367, 49.985778 ], [ 14.434842, 49.982301 ], [ 14.434676, 49.981246 ], [ 14.438671, 49.978469 ], [ 14.439715, 49.977964 ], [ 14.440973, 49.976649 ], [ 14.442801, 49.975469 ], [ 14.44466, 49.973938 ], [ 14.442854, 49.970934 ], [ 14.44133, 49.969413 ], [ 14.438532, 49.968139 ], [ 14.43668, 49.968247 ], [ 14.435536, 49.968069 ], [ 14.434948, 49.967815 ], [ 14.432644, 49.967541 ], [ 14.4303, 49.966915 ], [ 14.429315, 49.966176 ], [ 14.429333, 49.965938 ], [ 14.427809, 49.964576 ], [ 14.425523, 49.964135 ], [ 14.424331, 49.963965 ], [ 14.421662, 49.963917 ], [ 14.419483, 49.96364 ], [ 14.416916, 49.963982 ], [ 14.415546, 49.964598 ], [ 14.41466, 49.965466 ], [ 14.411055, 49.966041 ], [ 14.409706, 49.96689 ], [ 14.408686, 49.967913 ], [ 14.40684, 49.968325 ], [ 14.404378, 49.969197 ], [ 14.402211, 49.970954 ], [ 14.403077, 49.972363 ], [ 14.40282, 49.972585 ], [ 14.403179, 49.97273 ], [ 14.405757, 49.972216 ], [ 14.405963, 49.974668 ], [ 14.405598, 49.975279 ], [ 14.407199, 49.975553 ], [ 14.407288, 49.975693 ], [ 14.408533, 49.975642 ], [ 14.409584, 49.976224 ], [ 14.411304, 49.97676 ], [ 14.412631, 49.977636 ], [ 14.414271, 49.978142 ], [ 14.415537, 49.978266 ], [ 14.414746, 49.979074 ], [ 14.413657, 49.97962 ], [ 14.418224, 49.982145 ], [ 14.418719, 49.981856 ], [ 14.420601, 49.98127 ], [ 14.422444, 49.980321 ], [ 14.424168, 49.979809 ], [ 14.424153, 49.980165 ], [ 14.423424, 49.981326 ], [ 14.4232, 49.982376 ], [ 14.422384, 49.983651 ], [ 14.421182, 49.983991 ], [ 14.42024, 49.984557 ], [ 14.420164, 49.985831 ], [ 14.420362, 49.986287 ], [ 14.42098, 49.986866 ], [ 14.422158, 49.987228 ], [ 14.424299, 49.986832 ], [ 14.426825, 49.986893 ], [ 14.426568, 49.987653 ], [ 14.427424, 49.989401 ], [ 14.429593, 49.98943 ], [ 14.429934, 49.988092 ] ] ] } },
{ "type": "Feature", "properties": { "id": "665444", "name": "Klánovice", "district_id": "538302", "population_est": 1248 }, "geometry": { "type": "Polygon", "coordinates": [ [ [ 14.664467, 50.103686 ], [ 14.664718, 50.103782 ], [ 14.665956, 50.102722 ], [ 14.668667, 50.104042 ], [ 14.669052, 50.103341 ], [ 14.670833, 50.103262 ], [ 14.671876, 50.103048 ], [ 14.671962, 50.103179 ], [ 14.676875, 50.101715 ], [ 14.690054, 50.100752 ], [ 14.690401, 50.100697 ], [ 14.691268, 50.099964 ], [ 14.688718, 50.098913 ], [ 14.688713, 50.096471 ], [ 14.689793, 50.096091 ], [ 14.685797, 50.086047 ], [ 14.686041, 50.085947 ], [ 14.685867, 50.085433 ], [ 14.673363, 50.087359 ], [ 14.66969, 50.087522 ], [ 14.636832, 50.085032 ], [ 14.635559, 50.08679 ], [ 14.635639, 50.087467 ], [ 14.634974, 50.089076 ], [ 14.635469, 50.089277 ], [ 14.634717, 50.091235 ], [ 14.633489, 50.09104 ], [ 14.633233, 50.091663 ], [ 14.637993, 50.092487 ], [ 14.637757, 50.090145 ], [ 14.642585, 50.092125 ], [ 14.642602, 50.09233 ], [ 14.642868, 50.092444 ], [ 14.643593, 50.097805 ], [ 14.64878, 50.09704 ], [ 14.649844, 50.098571 ], [ 14.649908, 50.100415 ], [ 14.654598, 50.101229 ], [ 14.658374, 50.10345 ], [ 14.655905, 50.104406 ], [ 14.657508, 50.106571 ], [ 14.660694, 50.106604 ], [ 14.661625, 50.105222 ], [ 14.664467, 50.103686 ] ] ] } },
{ "type": "Feature", "properties": { "id": "668591", "name": "Kolovraty", "district_id": "538361", "population_est": 981 }, "geometry": { "type": "Polygon", "coordinates": [ [ [ 14.636641, 50.02607 ], [ 14.637219, 50.024509 ], [ 14.638266, 50.023544 ], [ 14.640929, 50.023826 ], [ 14.641382, 50.02302 ], [ 14.638169, 50.022528 ], [ 14.637963, 50.021919 ], [ 14.638004, 50.020762 ], [ 14.638937, 50.020886 ], [ 14.639137, 50.02013 ], [ 14.639511, 50.020157 ], [ 14.639552, 50.019984 ], [ 14.639586, 50.018406 ], [ 14.638321, 50.018337 ], [ 14.638912, 50.015829 ], [ 14.638484, 50.015771 ], [ 14.63915, 50.014355 ], [ 14.643162, 50.014296 ], [ 14.643151, 50.012956 ], [ 14.64428, 50.012836 ], [ 14.643168, 50.010772 ], [ 14.645134, 50.010038 ], [ 14.647119, 50.008756 ], [ 14.648842, 50.007878 ], [ 14.646877, 50.005973 ], [ 14.64587, 50.005374 ], [ 14.645563, 50.004805 ], [ 14.645267, 50.004855 ], [ 14.645424, 50.005227 ], [ 14.645172, 50.005616 ], [ 14.643881, 50.00661 ], [ 14.642763, 50.006552 ], [ 14.643008, 50.006198 ], [ 14.642483, 50.006136 ], [ 14.639722, 50.006428 ], [ 14.638356, 50.005854 ], [ 14.639285, 50.005365 ], [ 14.643273, 50.001353 ], [ 14.646989, 49.998825 ], [ 14.640218, 49.994512 ], [ 14.638772, 49.995295 ], [ 14.636689, 49.995489 ], [ 14.634062, 49.996201 ], [ 14.629227, 49.995609 ], [ 14.628251, 49.996253 ], [ 14.6254, 49.997408 ], [ 14.624762, 49.998783 ], [ 14.623983, 49.998707 ], [ 14.623843, 49.999101 ], [ 14.626912, 49.999803 ], [ 14.624023, 50.003846 ], [ 14.62141, 50.003435 ], [ 14.621286, 50.003754 ], [ 14.620096, 50.00364 ], [ 14.620303, 50.002834 ], [ 14.616859, 50.002356 ], [ 14.616542, 50.003275 ], [ 14.614167, 50.00306 ], [ 14.614082, 50.003994 ], [ 14.613934, 50.00398 ], [ 14.613661, 50.005084 ], [ 14.613689, 50.00658 ], [ 14.61334, 50.007688 ], [ 14.614131, 50.007668 ], [ 14.614225, 50.009742 ], [ 14.614847, 50.009699 ], [ 14.616359, 50.010666 ], [ 14.615182, 50.011379 ], [ 14.616341, 50.012315 ], [ 14.615666, 50.012762 ], [ 14.616054, 50.013174 ], [ 14.613532, 50.014269 ], [ 14.614449, 50.015484 ], [ 14.612281, 50.015929 ], [ 14.611683, 50.016242 ], [ 14.611702, 50.016519 ], [ 14.612279, 50.016817 ], [ 14.61195, 50.017061 ], [ 14.61168, 50.018233 ], [ 14.611121, 50.01871 ], [ 14.611751, 50.018955 ], [ 14.610835, 50.019103 ], [ 14.610448, 50.019421 ], [ 14.610248, 50.01924 ], [ 14.609005, 50.019583 ], [ 14.60871, 50.019792 ], [ 14.608802, 50.020364 ], [ 14.609717, 50.020868 ], [ 14.609811, 50.021338 ], [ 14.610796, 50.02132 ], [ 14.612517, 50.021565 ], [ 14.618239, 50.021594 ], [ 14.621573, 50.022015 ], [ 14.618628, 50.024982 ], [ 14.621146, 50.024885 ], [ 14.621398, 50.025035 ], [ 14.624809, 50.025008 ], [ 14.627049, 50.02521 ], [ 14.62953, 50.024821 ], [ 14.630068, 50.026585 ], [ 14.631702, 50.026869 ], [ 14.634487, 50.027081 ], [ 14.635932, 50.027097 ], [ 14.63606, 50.026054 ], [ 14.636641, 50.02607 ] ] ] } },
{ "type": "Feature", "properties": { "id": "668605", "name": "Lipany", "district_id": "538361", "population_est": 80 }, "geometry": { "type": "Polygon", "coordinates": [ [ [ 14.614082, 50.003994 ], [ 14.614167, 50.00306 ], [ 14.616542, 50.003275 ], [ 14.616859, 50.002356 ], [ 14.620303, 50.002834 ], [ 14.620096, 50.00364 ], [ 14.621286, 50.003754 ], [ 14.62141, 50.003435 ], [ 14.624023, 50.003846 ], [ 14.626912, 49.999803 ], [ 14.623843, 49.999101 ], [ 14.623983, 49.998707 ], [ 14.624762, 49.998783 ], [ 14.6254, 49.997408 ], [ 14.62269, 49.99861 ], [ 14.621476, 49.998772 ], [ 14.62139, 49.998464 ], [ 14.619558, 49.998686 ], [ 14.619261, 49.997596 ], [ 14.61705, 49.998591 ], [ 14.616895, 49.998323 ], [ 14.615599, 49.998697 ], [ 14.613922, 49.999928 ], [ 14.613078, 50.000136 ], [ 14.611417, 49.999825 ], [ 14.612333, 49.998974 ], [ 14.611756, 49.998749 ], [ 14.611509, 49.998825 ], [ 14.611289, 49.998596 ], [ 14.610407, 49.998708 ], [ 14.609546, 49.999625 ], [ 14.608657, 50.000178 ], [ 14.608325, 50.000769 ], [ 14.60832, 50.001058 ], [ 14.609396, 50.001645 ], [ 14.609309, 50.001904 ], [ 14.609949, 50.002226 ], [ 14.609099, 50.00299 ], [ 14.612363, 50.003294 ], [ 14.614082, 50.003994 ] ] ] } },
{ "type": "Feature", "properties": { "id": "672629", "name": "Královice", "district_id": "538388", "population_est": 199 }, "geometry": { "type": "Polygon", "coordinates": [ [ [ 14.63799, 50.048349 ], [ 14.640289, 50.048484 ], [ 14.643007, 50.045266 ], [ 14.643754, 50.044238 ], [ 14.643777, 50.043271 ], [ 14.644108, 50.042254 ], [ 14.646432, 50.042939 ], [ 14.648016, 50.043739 ], [ 14.649676, 50.045722 ], [ 14.652047, 50.047446 ], [ 14.65311, 50.048741 ], [ 14.653937, 50.049325 ], [ 14.657069, 50.046945 ], [ 14.660216, 50.045028 ], [ 14.660734, 50.04411 ], [ 14.662783, 50.041811 ], [ 14.66692, 50.038598 ], [ 14.660893, 50.037872 ], [ 14.657026, 50.037888 ], [ 14.65677, 50.034118 ], [ 14.656196, 50.031026 ], [ 14.661416, 50.025829 ], [ 14.659622, 50.025757 ], [ 14.658097, 50.025479 ], [ 14.657928, 50.026032 ], [ 14.655598, 50.025943 ], [ 14.655457, 50.026271 ], [ 14.651241, 50.026319 ], [ 14.651197, 50.026576 ], [ 14.650488, 50.026994 ], [ 14.649116, 50.027292 ], [ 14.648337, 50.027676 ], [ 14.646707, 50.027294 ], [ 14.645879, 50.02869 ], [ 14.644092, 50.027926 ], [ 14.642916, 50.027666 ], [ 14.643389, 50.026781 ], [ 14.640906, 50.026519 ], [ 14.640761, 50.026975 ], [ 14.637214, 50.026172 ], [ 14.636113, 50.026054 ], [ 14.635932, 50.027097 ], [ 14.632775, 50.026961 ], [ 14.630931, 50.026678 ], [ 14.630402, 50.028437 ], [ 14.629759, 50.032369 ], [ 14.628806, 50.034435 ], [ 14.628726, 50.034805 ], [ 14.629079, 50.035227 ], [ 14.629012, 50.035474 ], [ 14.62887, 50.035665 ], [ 14.624661, 50.036459 ], [ 14.62506, 50.037855 ], [ 14.624851, 50.0385 ], [ 14.623017, 50.038025 ], [ 14.622346, 50.039651 ], [ 14.622731, 50.039788 ], [ 14.622395, 50.039869 ], [ 14.6222, 50.040995 ], [ 14.624715, 50.041705 ], [ 14.626, 50.042258 ], [ 14.627585, 50.041368 ], [ 14.628077, 50.041915 ], [ 14.628241, 50.042556 ], [ 14.628139, 50.043254 ], [ 14.627456, 50.044233 ], [ 14.628467, 50.044253 ], [ 14.631166, 50.045177 ], [ 14.631583, 50.046323 ], [ 14.633777, 50.045908 ], [ 14.634935, 50.046728 ], [ 14.637571, 50.047374 ], [ 14.63799, 50.048349 ] ] ] } },
{ "type": "Feature", "properties": { "id": "730394", "name": "Čimice", "district_id": "500208", "population_est": 999 }, "geometry": { "type": "Polygon", "coordinates": [ [ [ 14.431091, 50.151495 ], [ 14.436523, 50.151986 ], [ 14.436837, 50.151564 ], [ 14.436293, 50.151592 ], [ 14.435683, 50.151045 ], [ 14.43585, 50.151023 ], [ 14.43554, 50.150297 ], [ 14.435672, 50.148767 ], [ 14.433852, 50.146217 ], [ 14.433588, 50.14519 ], [ 14.433666, 50.145103 ], [ 14.43827, 50.145411 ], [ 14.438325, 50.145064 ], [ 14.438811, 50.145093 ], [ 14.438984, 50.143972 ], [ 14.436057, 50.142665 ], [ 14.437454, 50.140635 ], [ 14.441048, 50.139212 ], [ 14.444813, 50.139545 ], [ 14.445541, 50.137964 ], [ 14.446602, 50.136437 ], [ 14.448813, 50.136884 ], [ 14.450387, 50.134458 ], [ 14.449306, 50.134191 ], [ 14.449156, 50.133879 ], [ 14.446092, 50.134775 ], [ 14.445453, 50.135246 ], [ 14.44266, 50.1343 ], [ 14.440806, 50.134021 ], [ 14.440265, 50.133811 ], [ 14.440276, 50.133554 ], [ 14.434845, 50.134082 ], [ 14.434858, 50.134755 ], [ 14.432449, 50.134717 ], [ 14.432464, 50.135006 ], [ 14.430171, 50.135049 ], [ 14.430297, 50.135953 ], [ 14.42999, 50.135965 ], [ 14.429971, 50.137872 ], [ 14.423445, 50.138373 ], [ 14.419785, 50.138852 ], [ 14.419772, 50.139842 ], [ 14.418688, 50.139912 ], [ 14.417443, 50.140354 ], [ 14.417442, 50.141721 ], [ 14.416722, 50.141663 ], [ 14.415704, 50.141821 ], [ 14.415095, 50.142536 ], [ 14.41433, 50.142743 ], [ 14.414444, 50.143827 ], [ 14.415424, 50.143736 ], [ 14.415668, 50.144763 ], [ 14.415675, 50.146944 ], [ 14.417039, 50.147049 ], [ 14.41655, 50.14794 ], [ 14.415793, 50.14811 ], [ 14.415493, 50.148463 ], [ 14.416006, 50.148373 ], [ 14.41706, 50.148556 ], [ 14.417427, 50.149072 ], [ 14.419202, 50.149483 ], [ 14.421186, 50.149458 ], [ 14.421192, 50.149649 ], [ 14.421614, 50.149633 ], [ 14.421963, 50.149825 ], [ 14.423827, 50.149894 ], [ 14.424585, 50.150397 ], [ 14.426188, 50.15097 ], [ 14.42877, 50.151128 ], [ 14.429598, 50.150975 ], [ 14.431091, 50.151495 ] ] ] } },
{ "type": "Feature", "properties": { "id": "730475", "name": "Kobylisy", "district_id": "500208", "population_est": 2061 }, "geometry": { "type": "Polygon", "coordinates": [ [ [ 14.476825, 50.140365 ], [ 14.477628, 50.139706 ], [ 14.477731, 50.13991 ], [ 14.479864, 50.13977 ], [ 14.479287, 50.138817 ], [ 14.478633, 50.138307 ], [ 14.478966, 50.138437 ], [ 14.479197, 50.138361 ], [ 14.478881, 50.137883 ], [ 14.478775, 50.136452 ], [ 14.478037, 50.134041 ], [ 14.481039, 50.129013 ], [ 14.47205, 50.126758 ], [ 14.469069, 50.126428 ], [ 14.46453, 50.126266 ], [ 14.464477, 50.123958 ], [ 14.464049, 50.124066 ], [ 14.463352, 50.123201 ], [ 14.463568, 50.123021 ], [ 14.463321, 50.122764 ], [ 14.463458, 50.122726 ], [ 14.462567, 50.122087 ], [ 14.463044, 50.12138 ], [ 14.461239, 50.119679 ], [ 14.458909, 50.120047 ], [ 14.456398, 50.12114 ], [ 14.45555, 50.121752 ], [ 14.452397, 50.122137 ], [ 14.451849, 50.121857 ], [ 14.449383, 50.12149 ], [ 14.449171, 50.122469 ], [ 14.448562, 50.123038 ], [ 14.449656, 50.124496 ], [ 14.446809, 50.125428 ], [ 14.440213, 50.126102 ], [ 14.437371, 50.127028 ], [ 14.438139, 50.128229 ], [ 14.439049, 50.128485 ], [ 14.439859, 50.128982 ], [ 14.441863, 50.129637 ], [ 14.444859, 50.130898 ], [ 14.445332, 50.1309 ], [ 14.445673, 50.130567 ], [ 14.445849, 50.130651 ], [ 14.445748, 50.130847 ], [ 14.44673, 50.131255 ], [ 14.446573, 50.131456 ], [ 14.44754, 50.131948 ], [ 14.448139, 50.132075 ], [ 14.448294, 50.132299 ], [ 14.447958, 50.132645 ], [ 14.449099, 50.133229 ], [ 14.449306, 50.134191 ], [ 14.450387, 50.134458 ], [ 14.449827, 50.13542 ], [ 14.452413, 50.135377 ], [ 14.452383, 50.135491 ], [ 14.45276, 50.135598 ], [ 14.452707, 50.135784 ], [ 14.453576, 50.136191 ], [ 14.456501, 50.137098 ], [ 14.459628, 50.134114 ], [ 14.461433, 50.132804 ], [ 14.46837, 50.134953 ], [ 14.474296, 50.1371 ], [ 14.473304, 50.138256 ], [ 14.475575, 50.139746 ], [ 14.476825, 50.140365 ] ] ] } },
{ "type": "Feature", "properties": { "id": "732516", "name": "Štěrboholy", "district_id": "547409", "population_est": 757 }, "geometry": { "type": "Polygon", "coordinates": [ [ [ 14.543228, 50.081722 ], [ 14.54427, 50.080142 ], [ 14.549749, 50.081689 ], [ 14.554371, 50.082636 ], [ 14.556242, 50.080307 ], [ 14.556796, 50.079332 ], [ 14.560206, 50.079802 ], [ 14.5617, 50.080179 ], [ 14.561858, 50.079217 ], [ 14.561612, 50.077162 ], [ 14.562239, 50.077058 ], [ 14.562596, 50.077779 ], [ 14.563149, 50.078171 ], [ 14.56432, 50.076034 ], [ 14.564758, 50.076134 ], [ 14.56561, 50.074056 ], [ 14.56703, 50.074372 ], [ 14.568148, 50.071134 ], [ 14.565068, 50.070737 ], [ 14.562802, 50.070763 ], [ 14.560369, 50.07111 ], [ 14.559469, 50.071367 ], [ 14.559026, 50.070995 ], [ 14.558052, 50.070601 ], [ 14.558669, 50.069169 ], [ 14.557112, 50.068627 ], [ 14.547873, 50.06701 ], [ 14.547334, 50.067037 ], [ 14.54255, 50.065941 ], [ 14.540083, 50.065219 ], [ 14.537172, 50.064707 ], [ 14.536787, 50.06641 ], [ 14.538244, 50.066628 ], [ 14.538129, 50.067014 ], [ 14.537621, 50.066987 ], [ 14.537316, 50.067713 ], [ 14.535726, 50.068529 ], [ 14.53328, 50.071061 ], [ 14.531391, 50.072314 ], [ 14.535921, 50.07341 ], [ 14.537667, 50.072384 ], [ 14.538229, 50.074629 ], [ 14.534253, 50.075478 ], [ 14.535303, 50.077078 ], [ 14.535636, 50.077455 ], [ 14.536353, 50.077333 ], [ 14.536342, 50.077119 ], [ 14.53654, 50.077117 ], [ 14.536549, 50.0773 ], [ 14.539425, 50.07681 ], [ 14.539415, 50.079795 ], [ 14.539091, 50.081029 ], [ 14.543228, 50.081722 ] ] ] } },
{ "type": "Feature", "properties": { "id": "746134", "name": "Satalice", "district_id": "538736", "population_est": 782 }, "geometry": { "type": "Polygon", "coordinates": [ [ [ 14.574919, 50.13617 ], [ 14.576052, 50.134618 ], [ 14.580565, 50.133421 ], [ 14.583638, 50.133309 ], [ 14.583712, 50.131018 ], [ 14.584153, 50.130042 ], [ 14.5875, 50.130895 ], [ 14.588431, 50.1296 ], [ 14.588811, 50.129725 ], [ 14.590013, 50.128562 ], [ 14.595341, 50.128919 ], [ 14.595257, 50.128073 ], [ 14.597997, 50.127862 ], [ 14.598293, 50.129392 ], [ 14.600853, 50.129286 ], [ 14.600949, 50.129378 ], [ 14.604642, 50.128485 ], [ 14.604079, 50.126911 ], [ 14.602862, 50.121461 ], [ 14.596973, 50.122731 ], [ 14.594818, 50.122909 ], [ 14.591857, 50.122872 ], [ 14.592319, 50.122291 ], [ 14.592912, 50.120768 ], [ 14.587197, 50.1208 ], [ 14.587154, 50.117249 ], [ 14.579949, 50.117287 ], [ 14.579785, 50.118805 ], [ 14.576641, 50.118292 ], [ 14.575903, 50.117527 ], [ 14.56385, 50.120766 ], [ 14.562637, 50.120651 ], [ 14.562847, 50.121863 ], [ 14.564162, 50.124809 ], [ 14.562334, 50.125337 ], [ 14.562623, 50.126157 ], [ 14.561957, 50.126209 ], [ 14.562012, 50.126565 ], [ 14.563091, 50.126484 ], [ 14.563811, 50.129046 ], [ 14.563948, 50.129611 ], [ 14.563413, 50.129684 ], [ 14.563652, 50.133039 ], [ 14.566961, 50.133356 ], [ 14.567608, 50.133277 ], [ 14.568087, 50.133881 ], [ 14.5677, 50.1341 ], [ 14.56841, 50.134506 ], [ 14.571376, 50.134844 ], [ 14.5722, 50.135091 ], [ 14.574121, 50.135219 ], [ 14.574919, 50.13617 ] ] ] } },
{ "type": "Feature", "properties": { "id": "676071", "name": "Křeslice", "district_id": "538400", "population_est": 487 }, "geometry": { "type": "Polygon", "coordinates": [ [ [ 14.575818, 50.034151 ], [ 14.576176, 50.033984 ], [ 14.576284, 50.034061 ], [ 14.577754, 50.033205 ], [ 14.579441, 50.032559 ], [ 14.577811, 50.031707 ], [ 14.577461, 50.032282 ], [ 14.576577, 50.03189 ], [ 14.57522, 50.030711 ], [ 14.572914, 50.029828 ], [ 14.572755, 50.029998 ], [ 14.57015, 50.029348 ], [ 14.570921, 50.027545 ], [ 14.571147, 50.026075 ], [ 14.572618, 50.026086 ], [ 14.572766, 50.025984 ], [ 14.572623, 50.025793 ], [ 14.572905, 50.025555 ], [ 14.572714, 50.025193 ], [ 14.572335, 50.025229 ], [ 14.572486, 50.025035 ], [ 14.572105, 50.024626 ], [ 14.571394, 50.024694 ], [ 14.571506, 50.024519 ], [ 14.570798, 50.024004 ], [ 14.571156, 50.023362 ], [ 14.571971, 50.023111 ], [ 14.573696, 50.023012 ], [ 14.57348, 50.022126 ], [ 14.572215, 50.022573 ], [ 14.572037, 50.022288 ], [ 14.571398, 50.017934 ], [ 14.573951, 50.017643 ], [ 14.573946, 50.016377 ], [ 14.574231, 50.016358 ], [ 14.574215, 50.016177 ], [ 14.573825, 50.015115 ], [ 14.573488, 50.014826 ], [ 14.573161, 50.014775 ], [ 14.57356, 50.013791 ], [ 14.573377, 50.013771 ], [ 14.573373, 50.013262 ], [ 14.573983, 50.012446 ], [ 14.575244, 50.012677 ], [ 14.574611, 50.012124 ], [ 14.574354, 50.011569 ], [ 14.572389, 50.010053 ], [ 14.571715, 50.009041 ], [ 14.568922, 50.007879 ], [ 14.568385, 50.007424 ], [ 14.568087, 50.007671 ], [ 14.568005, 50.00859 ], [ 14.567594, 50.009562 ], [ 14.566536, 50.009525 ], [ 14.564147, 50.009809 ], [ 14.563625, 50.011301 ], [ 14.563036, 50.011625 ], [ 14.559158, 50.011921 ], [ 14.557876, 50.011854 ], [ 14.555398, 50.012104 ], [ 14.554843, 50.012027 ], [ 14.5543, 50.012229 ], [ 14.55404, 50.012931 ], [ 14.554147, 50.013368 ], [ 14.555011, 50.014294 ], [ 14.555378, 50.015077 ], [ 14.554924, 50.016407 ], [ 14.55505, 50.016883 ], [ 14.555659, 50.017164 ], [ 14.555535, 50.018145 ], [ 14.555016, 50.018867 ], [ 14.553915, 50.01945 ], [ 14.553178, 50.019241 ], [ 14.552783, 50.018951 ], [ 14.552634, 50.019039 ], [ 14.551947, 50.018774 ], [ 14.550775, 50.019188 ], [ 14.549841, 50.020336 ], [ 14.55058, 50.02104 ], [ 14.55119, 50.021328 ], [ 14.551366, 50.021642 ], [ 14.551214, 50.02197 ], [ 14.546713, 50.025963 ], [ 14.548325, 50.026292 ], [ 14.549221, 50.02669 ], [ 14.549349, 50.027594 ], [ 14.55129, 50.029686 ], [ 14.551585, 50.030326 ], [ 14.552043, 50.030002 ], [ 14.555632, 50.029334 ], [ 14.556211, 50.02905 ], [ 14.556412, 50.029476 ], [ 14.55842, 50.029493 ], [ 14.559612, 50.030023 ], [ 14.560738, 50.03031 ], [ 14.560757, 50.030495 ], [ 14.559909, 50.03078 ], [ 14.560469, 50.031063 ], [ 14.562094, 50.031146 ], [ 14.563477, 50.031033 ], [ 14.563977, 50.031233 ], [ 14.565368, 50.031391 ], [ 14.56821, 50.032282 ], [ 14.56988, 50.032552 ], [ 14.570393, 50.032136 ], [ 14.571624, 50.032102 ], [ 14.574874, 50.033325 ], [ 14.574969, 50.033694 ], [ 14.575818, 50.034151 ] ] ] } },
{ "type": "Feature", "properties": { "id": "683973", "name": "Lipence", "district_id": "539449", "population_est": 1630 }, "geometry": { "type": "Polygon", "coordinates": [ [ [ 14.371353, 49.974571 ], [ 14.372341, 49.972171 ], [ 14.371931, 49.971794 ], [ 14.37088, 49.96961 ], [ 14.370808, 49.968824 ], [ 14.371375, 49.967145 ], [ 14.370446, 49.966844 ], [ 14.370565, 49.966623 ], [ 14.369825, 49.966235 ], [ 14.369931, 49.966116 ], [ 14.369706, 49.965934 ], [ 14.369996, 49.965648 ], [ 14.370051, 49.964733 ], [ 14.371386, 49.96448 ], [ 14.375577, 49.963245 ], [ 14.377165, 49.96338 ], [ 14.378941, 49.960486 ], [ 14.379445, 49.95885 ], [ 14.379085, 49.956686 ], [ 14.378115, 49.956348 ], [ 14.378435, 49.956033 ], [ 14.374579, 49.954187 ], [ 14.374802, 49.953958 ], [ 14.375059, 49.952386 ], [ 14.373695, 49.951447 ], [ 14.374187, 49.950935 ], [ 14.374284, 49.94991 ], [ 14.373724, 49.947873 ], [ 14.373272, 49.9472 ], [ 14.372206, 49.949251 ], [ 14.372175, 49.949892 ], [ 14.371751, 49.950401 ], [ 14.371285, 49.950713 ], [ 14.369509, 49.951241 ], [ 14.36844, 49.951401 ], [ 14.367156, 49.951374 ], [ 14.367055, 49.950341 ], [ 14.366156, 49.949609 ], [ 14.365671, 49.949455 ], [ 14.365422, 49.94952 ], [ 14.360457, 49.947532 ], [ 14.358801, 49.948761 ], [ 14.353733, 49.947861 ], [ 14.351727, 49.948288 ], [ 14.348488, 49.948202 ], [ 14.346657, 49.948324 ], [ 14.344145, 49.947675 ], [ 14.343268, 49.947632 ], [ 14.341498, 49.948152 ], [ 14.341266, 49.948633 ], [ 14.340865, 49.948742 ], [ 14.337699, 49.948462 ], [ 14.337242, 49.949866 ], [ 14.336693, 49.950746 ], [ 14.335034, 49.952645 ], [ 14.334377, 49.953128 ], [ 14.33089, 49.955178 ], [ 14.329281, 49.955763 ], [ 14.326833, 49.956252 ], [ 14.325504, 49.957287 ], [ 14.325103, 49.958013 ], [ 14.325154, 49.958865 ], [ 14.32616, 49.959927 ], [ 14.326917, 49.961812 ], [ 14.327085, 49.962783 ], [ 14.327364, 49.963377 ], [ 14.328186, 49.964282 ], [ 14.334764, 49.967608 ], [ 14.336703, 49.967322 ], [ 14.34106, 49.965818 ], [ 14.341552, 49.965807 ], [ 14.343457, 49.966432 ], [ 14.344981, 49.967706 ], [ 14.345381, 49.968639 ], [ 14.345464, 49.970032 ], [ 14.345906, 49.97175 ], [ 14.346648, 49.97233 ], [ 14.34746, 49.972699 ], [ 14.34928, 49.97292 ], [ 14.352232, 49.972238 ], [ 14.353215, 49.971838 ], [ 14.354053, 49.971782 ], [ 14.355134, 49.97191 ], [ 14.357083, 49.972788 ], [ 14.358971, 49.974303 ], [ 14.360653, 49.976598 ], [ 14.361394, 49.978645 ], [ 14.361618, 49.980101 ], [ 14.362385, 49.980996 ], [ 14.362617, 49.980385 ], [ 14.363872, 49.979542 ], [ 14.366606, 49.978246 ], [ 14.367944, 49.976746 ], [ 14.370503, 49.975256 ], [ 14.371353, 49.974571 ] ] ] } },
{ "type": "Feature", "properties": { "id": "730891", "name": "Libeň", "district_id": "500208", "population_est": 2896 }, "geometry": { "type": "Polygon", "coordinates": [ [ [ 14.485739, 50.128545 ], [ 14.479055, 50.123752 ], [ 14.479761, 50.123644 ], [ 14.479728, 50.123107 ], [ 14.480211, 50.12279 ], [ 14.479908, 50.122662 ], [ 14.478854, 50.121415 ], [ 14.479533, 50.12111 ], [ 14.480237, 50.12105 ], [ 14.480312, 50.120717 ], [ 14.479179, 50.120045 ], [ 14.479971, 50.118774 ], [ 14.483271, 50.118824 ], [ 14.482746, 50.117963 ], [ 14.488304, 50.116558 ], [ 14.489402, 50.116073 ], [ 14.489804, 50.115357 ], [ 14.488913, 50.115096 ], [ 14.488585, 50.114127 ], [ 14.488991, 50.11391 ], [ 14.489897, 50.113767 ], [ 14.490572, 50.113155 ], [ 14.491614, 50.113003 ], [ 14.491806, 50.112332 ], [ 14.4923, 50.112421 ], [ 14.49229, 50.111753 ], [ 14.492569, 50.111743 ], [ 14.492637, 50.111488 ], [ 14.492994, 50.111358 ], [ 14.493853, 50.111247 ], [ 14.493738, 50.110185 ], [ 14.495392, 50.109886 ], [ 14.496342, 50.109496 ], [ 14.49313, 50.108372 ], [ 14.494715, 50.106378 ], [ 14.493319, 50.105888 ], [ 14.496977, 50.105358 ], [ 14.49713, 50.105885 ], [ 14.499449, 50.104982 ], [ 14.498197, 50.102737 ], [ 14.498013, 50.102512 ], [ 14.497133, 50.10215 ], [ 14.497602, 50.102052 ], [ 14.497549, 50.101932 ], [ 14.500131, 50.10158 ], [ 14.499841, 50.101184 ], [ 14.498066, 50.101456 ], [ 14.493339, 50.101044 ], [ 14.493022, 50.101199 ], [ 14.493301, 50.101396 ], [ 14.492126, 50.101629 ], [ 14.488823, 50.101732 ], [ 14.487861, 50.101572 ], [ 14.485528, 50.100563 ], [ 14.485587, 50.100311 ], [ 14.485104, 50.100265 ], [ 14.479322, 50.097272 ], [ 14.478863, 50.0972 ], [ 14.478557, 50.097781 ], [ 14.476293, 50.096504 ], [ 14.476005, 50.096657 ], [ 14.47526, 50.096145 ], [ 14.474494, 50.097632 ], [ 14.473802, 50.098037 ], [ 14.474928, 50.098913 ], [ 14.474869, 50.099097 ], [ 14.473394, 50.099064 ], [ 14.472493, 50.099288 ], [ 14.468976, 50.099359 ], [ 14.467103, 50.101247 ], [ 14.466943, 50.103288 ], [ 14.459955, 50.103207 ], [ 14.460582, 50.104803 ], [ 14.460597, 50.106217 ], [ 14.460221, 50.10767 ], [ 14.459055, 50.109401 ], [ 14.457898, 50.110547 ], [ 14.456332, 50.111643 ], [ 14.454366, 50.11255 ], [ 14.45318, 50.112955 ], [ 14.445565, 50.1135 ], [ 14.44117, 50.113193 ], [ 14.438169, 50.112726 ], [ 14.437524, 50.114142 ], [ 14.437346, 50.115566 ], [ 14.437587, 50.115529 ], [ 14.437748, 50.116235 ], [ 14.438917, 50.116723 ], [ 14.439515, 50.116659 ], [ 14.440408, 50.116942 ], [ 14.440958, 50.117759 ], [ 14.442448, 50.118552 ], [ 14.445497, 50.119302 ], [ 14.444658, 50.120422 ], [ 14.449383, 50.12149 ], [ 14.451849, 50.121857 ], [ 14.452397, 50.122137 ], [ 14.45555, 50.121752 ], [ 14.456398, 50.12114 ], [ 14.458909, 50.120047 ], [ 14.461239, 50.119679 ], [ 14.463044, 50.12138 ], [ 14.462567, 50.122087 ], [ 14.463458, 50.122726 ], [ 14.463321, 50.122764 ], [ 14.463568, 50.123021 ], [ 14.463352, 50.123201 ], [ 14.464049, 50.124066 ], [ 14.464477, 50.123958 ], [ 14.46453, 50.126266 ], [ 14.469069, 50.126428 ], [ 14.47205, 50.126758 ], [ 14.48182, 50.129115 ], [ 14.483741, 50.129062 ], [ 14.485117, 50.128772 ], [ 14.485739, 50.128545 ] ] ] } },
{ "type": "Feature", "properties": { "id": "730955", "name": "Karlín", "district_id": "500208", "population_est": 785 }, "geometry": { "type": "Polygon", "coordinates": [ [ [ 14.473394, 50.099064 ], [ 14.474755, 50.099141 ], [ 14.474928, 50.098913 ], [ 14.473846, 50.098189 ], [ 14.473948, 50.097923 ], [ 14.471101, 50.095391 ], [ 14.470465, 50.09494 ], [ 14.47024, 50.094994 ], [ 14.468103, 50.093372 ], [ 14.467815, 50.09342 ], [ 14.465884, 50.092759 ], [ 14.458078, 50.091622 ], [ 14.455396, 50.091032 ], [ 14.455444, 50.090924 ], [ 14.452624, 50.090355 ], [ 14.452375, 50.090437 ], [ 14.449431, 50.089746 ], [ 14.448621, 50.089665 ], [ 14.448463, 50.089958 ], [ 14.443324, 50.088904 ], [ 14.443183, 50.088515 ], [ 14.442625, 50.088423 ], [ 14.441906, 50.088526 ], [ 14.441939, 50.088665 ], [ 14.441401, 50.088904 ], [ 14.442002, 50.089487 ], [ 14.44231, 50.090158 ], [ 14.44002, 50.089597 ], [ 14.43958, 50.089648 ], [ 14.43955, 50.089995 ], [ 14.43836, 50.091108 ], [ 14.436941, 50.090708 ], [ 14.436468, 50.091426 ], [ 14.436938, 50.0924 ], [ 14.436685, 50.094371 ], [ 14.441594, 50.094775 ], [ 14.444594, 50.095356 ], [ 14.4468, 50.096231 ], [ 14.448891, 50.096826 ], [ 14.450691, 50.098026 ], [ 14.455316, 50.099556 ], [ 14.457561, 50.100746 ], [ 14.458933, 50.101824 ], [ 14.459955, 50.103207 ], [ 14.466943, 50.103288 ], [ 14.467103, 50.101247 ], [ 14.468976, 50.099359 ], [ 14.472493, 50.099288 ], [ 14.473394, 50.099064 ] ] ] } },
{ "type": "Feature", "properties": { "id": "731226", "name": "Kyje", "district_id": "547361", "population_est": 1502 }, "geometry": { "type": "Polygon", "coordinates": [ [ [ 14.563555, 50.120795 ], [ 14.575903, 50.117527 ], [ 14.576641, 50.118292 ], [ 14.579785, 50.118805 ], [ 14.579972, 50.117598 ], [ 14.579616, 50.116314 ], [ 14.579291, 50.11576 ], [ 14.577845, 50.114476 ], [ 14.577854, 50.11388 ], [ 14.578733, 50.113616 ], [ 14.578703, 50.113058 ], [ 14.57794, 50.113251 ], [ 14.575423, 50.113362 ], [ 14.575686, 50.111081 ], [ 14.575636, 50.109244 ], [ 14.574036, 50.109034 ], [ 14.574477, 50.10871 ], [ 14.57469, 50.10824 ], [ 14.574244, 50.108263 ], [ 14.573013, 50.108742 ], [ 14.556823, 50.106594 ], [ 14.557158, 50.106394 ], [ 14.556867, 50.105895 ], [ 14.556976, 50.105226 ], [ 14.556516, 50.102006 ], [ 14.555665, 50.101102 ], [ 14.555852, 50.100755 ], [ 14.556369, 50.100867 ], [ 14.555919, 50.100564 ], [ 14.556518, 50.100296 ], [ 14.556571, 50.100059 ], [ 14.556271, 50.099988 ], [ 14.557755, 50.098542 ], [ 14.561453, 50.09928 ], [ 14.565568, 50.099897 ], [ 14.56602, 50.099265 ], [ 14.565379, 50.09917 ], [ 14.565736, 50.098162 ], [ 14.565156, 50.098106 ], [ 14.564626, 50.097623 ], [ 14.563146, 50.097218 ], [ 14.562661, 50.096618 ], [ 14.561897, 50.096246 ], [ 14.559238, 50.09575 ], [ 14.558167, 50.095753 ], [ 14.55643, 50.0953 ], [ 14.555241, 50.094817 ], [ 14.554599, 50.094732 ], [ 14.552137, 50.094811 ], [ 14.550981, 50.09506 ], [ 14.550418, 50.094367 ], [ 14.550336, 50.094213 ], [ 14.550876, 50.093853 ], [ 14.552445, 50.093086 ], [ 14.558309, 50.091474 ], [ 14.55851, 50.089398 ], [ 14.557772, 50.089488 ], [ 14.557646, 50.087566 ], [ 14.554833, 50.088009 ], [ 14.554709, 50.087554 ], [ 14.55459, 50.086366 ], [ 14.554939, 50.084538 ], [ 14.556259, 50.082281 ], [ 14.555003, 50.081783 ], [ 14.554371, 50.082636 ], [ 14.549749, 50.081689 ], [ 14.54427, 50.080142 ], [ 14.543228, 50.081722 ], [ 14.539091, 50.081029 ], [ 14.538573, 50.083016 ], [ 14.5376, 50.084997 ], [ 14.534163, 50.084654 ], [ 14.534061, 50.084861 ], [ 14.532058, 50.084548 ], [ 14.530217, 50.087799 ], [ 14.534055, 50.088639 ], [ 14.53273, 50.091563 ], [ 14.534543, 50.091941 ], [ 14.535065, 50.09227 ], [ 14.535036, 50.094322 ], [ 14.534335, 50.095292 ], [ 14.534551, 50.095847 ], [ 14.536579, 50.095987 ], [ 14.53931, 50.09706 ], [ 14.539298, 50.098327 ], [ 14.536635, 50.099302 ], [ 14.540433, 50.100469 ], [ 14.54201, 50.101393 ], [ 14.542424, 50.102663 ], [ 14.544819, 50.103808 ], [ 14.546293, 50.104235 ], [ 14.546983, 50.104338 ], [ 14.547046, 50.104238 ], [ 14.547922, 50.10277 ], [ 14.547398, 50.102471 ], [ 14.549243, 50.102538 ], [ 14.550082, 50.103487 ], [ 14.552535, 50.104475 ], [ 14.552173, 50.105219 ], [ 14.553021, 50.105645 ], [ 14.555214, 50.106287 ], [ 14.554764, 50.106527 ], [ 14.553437, 50.106739 ], [ 14.556742, 50.108354 ], [ 14.556585, 50.108331 ], [ 14.556827, 50.108765 ], [ 14.556886, 50.109715 ], [ 14.556583, 50.110798 ], [ 14.556031, 50.11132 ], [ 14.555113, 50.111615 ], [ 14.555361, 50.111625 ], [ 14.555491, 50.113587 ], [ 14.556146, 50.113591 ], [ 14.556161, 50.115938 ], [ 14.553441, 50.116092 ], [ 14.553395, 50.118573 ], [ 14.555508, 50.118603 ], [ 14.55546, 50.118089 ], [ 14.558661, 50.117824 ], [ 14.558968, 50.119061 ], [ 14.559179, 50.119203 ], [ 14.561715, 50.118763 ], [ 14.561613, 50.118246 ], [ 14.562901, 50.117982 ], [ 14.562913, 50.119204 ], [ 14.561764, 50.119101 ], [ 14.561576, 50.120484 ], [ 14.563555, 50.120795 ] ] ] } },
{ "type": "Feature", "properties": { "id": "731234", "name": "Hloubětín", "district_id": "547361", "population_est": 1555 }, "geometry": { "type": "Polygon", "coordinates": [ [ [ 14.559551, 50.122448 ], [ 14.559233, 50.12026 ], [ 14.561576, 50.120484 ], [ 14.561764, 50.119101 ], [ 14.562913, 50.119204 ], [ 14.562901, 50.117982 ], [ 14.561613, 50.118246 ], [ 14.561715, 50.118763 ], [ 14.559179, 50.119203 ], [ 14.558968, 50.119061 ], [ 14.558661, 50.117824 ], [ 14.55546, 50.118089 ], [ 14.555508, 50.118603 ], [ 14.553395, 50.118573 ], [ 14.553441, 50.116092 ], [ 14.556161, 50.115938 ], [ 14.556146, 50.113591 ], [ 14.555491, 50.113587 ], [ 14.555361, 50.111625 ], [ 14.555113, 50.111615 ], [ 14.556031, 50.11132 ], [ 14.556583, 50.110798 ], [ 14.556886, 50.109715 ], [ 14.556827, 50.108765 ], [ 14.556585, 50.108331 ], [ 14.556742, 50.108354 ], [ 14.553437, 50.106739 ], [ 14.554764, 50.106527 ], [ 14.555214, 50.106287 ], [ 14.553021, 50.105645 ], [ 14.552173, 50.105219 ], [ 14.552535, 50.104475 ], [ 14.550082, 50.103487 ], [ 14.549243, 50.102538 ], [ 14.547398, 50.102471 ], [ 14.547922, 50.10277 ], [ 14.547046, 50.104238 ], [ 14.546983, 50.104338 ], [ 14.546293, 50.104235 ], [ 14.544819, 50.103808 ], [ 14.542424, 50.102663 ], [ 14.54201, 50.101393 ], [ 14.540433, 50.100469 ], [ 14.536635, 50.099302 ], [ 14.539298, 50.098327 ], [ 14.53931, 50.09706 ], [ 14.536579, 50.095987 ], [ 14.534551, 50.095847 ], [ 14.534335, 50.095292 ], [ 14.535036, 50.094322 ], [ 14.535116, 50.092522 ], [ 14.534801, 50.092021 ], [ 14.53273, 50.091563 ], [ 14.533521, 50.089685 ], [ 14.52961, 50.088814 ], [ 14.529881, 50.088398 ], [ 14.526721, 50.087806 ], [ 14.525142, 50.091207 ], [ 14.523299, 50.090796 ], [ 14.522876, 50.091254 ], [ 14.522137, 50.091539 ], [ 14.521744, 50.091302 ], [ 14.520986, 50.091291 ], [ 14.522278, 50.094788 ], [ 14.522182, 50.09536 ], [ 14.522804, 50.097536 ], [ 14.522455, 50.097957 ], [ 14.522592, 50.098237 ], [ 14.521528, 50.098986 ], [ 14.521651, 50.099242 ], [ 14.521289, 50.099368 ], [ 14.52112, 50.099229 ], [ 14.520708, 50.099288 ], [ 14.519068, 50.100081 ], [ 14.517891, 50.100365 ], [ 14.518914, 50.100979 ], [ 14.519602, 50.101137 ], [ 14.519726, 50.102629 ], [ 14.519895, 50.102651 ], [ 14.519903, 50.105131 ], [ 14.521425, 50.10504 ], [ 14.521858, 50.107087 ], [ 14.522352, 50.107732 ], [ 14.522342, 50.108985 ], [ 14.522648, 50.108987 ], [ 14.522787, 50.109139 ], [ 14.522783, 50.110469 ], [ 14.530243, 50.110107 ], [ 14.530888, 50.110264 ], [ 14.53148, 50.111643 ], [ 14.531267, 50.112157 ], [ 14.530801, 50.112534 ], [ 14.528249, 50.113545 ], [ 14.528587, 50.113681 ], [ 14.529161, 50.114702 ], [ 14.529603, 50.115074 ], [ 14.529707, 50.116032 ], [ 14.530796, 50.116012 ], [ 14.531286, 50.117712 ], [ 14.5335, 50.117464 ], [ 14.533405, 50.11649 ], [ 14.535059, 50.117012 ], [ 14.536673, 50.117075 ], [ 14.539044, 50.116923 ], [ 14.541482, 50.117082 ], [ 14.545512, 50.117736 ], [ 14.545154, 50.119689 ], [ 14.550832, 50.12201 ], [ 14.55288, 50.121583 ], [ 14.55304, 50.121706 ], [ 14.553293, 50.121396 ], [ 14.554208, 50.121262 ], [ 14.55459, 50.123008 ], [ 14.559551, 50.122448 ] ] ] } },
{ "type": "Feature", "properties": { "id": "731439", "name": "Letňany", "district_id": "547417", "population_est": 1015 }, "geometry": { "type": "Polygon", "coordinates": [ [ [ 14.513465, 50.149155 ], [ 14.513729, 50.148442 ], [ 14.517406, 50.149546 ], [ 14.521865, 50.147019 ], [ 14.523533, 50.146304 ], [ 14.523961, 50.145922 ], [ 14.527518, 50.143974 ], [ 14.529548, 50.141632 ], [ 14.530418, 50.139672 ], [ 14.53512, 50.140222 ], [ 14.535782, 50.137579 ], [ 14.535204, 50.132571 ], [ 14.535362, 50.131106 ], [ 14.531042, 50.129833 ], [ 14.525948, 50.129076 ], [ 14.52591, 50.127532 ], [ 14.524945, 50.127609 ], [ 14.524605, 50.126428 ], [ 14.522119, 50.126663 ], [ 14.520918, 50.124649 ], [ 14.520376, 50.12482 ], [ 14.518452, 50.123285 ], [ 14.518851, 50.123029 ], [ 14.518499, 50.122874 ], [ 14.516674, 50.123745 ], [ 14.514308, 50.124378 ], [ 14.513969, 50.12423 ], [ 14.510498, 50.125516 ], [ 14.510023, 50.125655 ], [ 14.509804, 50.125514 ], [ 14.508484, 50.12593 ], [ 14.506767, 50.126656 ], [ 14.507483, 50.127141 ], [ 14.500707, 50.12665 ], [ 14.500729, 50.12677 ], [ 14.501191, 50.126706 ], [ 14.501343, 50.126825 ], [ 14.500384, 50.127599 ], [ 14.499321, 50.128104 ], [ 14.499014, 50.128216 ], [ 14.498914, 50.127674 ], [ 14.498588, 50.127809 ], [ 14.498514, 50.127552 ], [ 14.497946, 50.131383 ], [ 14.495631, 50.13145 ], [ 14.494713, 50.136164 ], [ 14.497749, 50.136445 ], [ 14.497195, 50.140173 ], [ 14.496559, 50.142406 ], [ 14.501243, 50.142357 ], [ 14.504376, 50.142475 ], [ 14.504368, 50.14447 ], [ 14.50611, 50.144513 ], [ 14.506592, 50.147214 ], [ 14.507163, 50.147201 ], [ 14.508905, 50.147555 ], [ 14.509682, 50.149711 ], [ 14.513465, 50.149155 ] ] ] } },
{ "type": "Feature", "properties": { "id": "731285", "name": "Vysočany", "district_id": "500216", "population_est": 1139 }, "geometry": { "type": "Polygon", "coordinates": [ [ [ 14.510023, 50.125655 ], [ 14.513969, 50.12423 ], [ 14.514308, 50.124378 ], [ 14.516674, 50.123745 ], [ 14.518499, 50.122874 ], [ 14.518851, 50.123029 ], [ 14.518452, 50.123285 ], [ 14.520376, 50.12482 ], [ 14.520918, 50.124649 ], [ 14.521844, 50.12625 ], [ 14.524626, 50.126043 ], [ 14.524491, 50.124852 ], [ 14.52372, 50.124448 ], [ 14.523899, 50.123105 ], [ 14.525519, 50.123047 ], [ 14.525281, 50.12169 ], [ 14.527644, 50.121419 ], [ 14.526662, 50.118871 ], [ 14.526549, 50.117998 ], [ 14.531195, 50.117445 ], [ 14.530796, 50.116012 ], [ 14.529707, 50.116032 ], [ 14.529603, 50.115074 ], [ 14.529161, 50.114702 ], [ 14.528587, 50.113681 ], [ 14.528249, 50.113545 ], [ 14.530801, 50.112534 ], [ 14.531267, 50.112157 ], [ 14.53148, 50.111643 ], [ 14.530888, 50.110264 ], [ 14.530243, 50.110107 ], [ 14.522783, 50.110469 ], [ 14.522787, 50.109139 ], [ 14.522648, 50.108987 ], [ 14.522342, 50.108985 ], [ 14.522352, 50.107732 ], [ 14.521858, 50.107087 ], [ 14.521425, 50.10504 ], [ 14.519903, 50.105131 ], [ 14.519895, 50.102651 ], [ 14.519726, 50.102629 ], [ 14.519602, 50.101137 ], [ 14.518914, 50.100979 ], [ 14.517891, 50.100365 ], [ 14.51614, 50.100641 ], [ 14.513514, 50.100446 ], [ 14.513558, 50.09949 ], [ 14.510425, 50.09833 ], [ 14.508239, 50.097695 ], [ 14.506197, 50.097232 ], [ 14.506043, 50.09756 ], [ 14.503752, 50.097345 ], [ 14.501937, 50.097004 ], [ 14.496195, 50.096587 ], [ 14.496025, 50.096462 ], [ 14.496031, 50.095768 ], [ 14.493872, 50.095393 ], [ 14.491525, 50.095149 ], [ 14.485728, 50.095015 ], [ 14.482247, 50.094523 ], [ 14.481731, 50.095171 ], [ 14.480788, 50.09491 ], [ 14.480032, 50.09557 ], [ 14.478863, 50.0972 ], [ 14.479915, 50.09756 ], [ 14.485104, 50.100265 ], [ 14.485587, 50.100311 ], [ 14.485528, 50.100563 ], [ 14.487776, 50.101554 ], [ 14.488823, 50.101732 ], [ 14.492126, 50.101629 ], [ 14.493301, 50.101396 ], [ 14.493022, 50.101199 ], [ 14.493339, 50.101044 ], [ 14.498066, 50.101456 ], [ 14.499841, 50.101184 ], [ 14.500131, 50.10158 ], [ 14.497549, 50.101932 ], [ 14.497602, 50.102052 ], [ 14.497133, 50.10215 ], [ 14.498013, 50.102512 ], [ 14.498197, 50.102737 ], [ 14.499449, 50.104982 ], [ 14.49713, 50.105885 ], [ 14.496977, 50.105358 ], [ 14.493319, 50.105888 ], [ 14.494715, 50.106378 ], [ 14.49313, 50.108372 ], [ 14.496342, 50.109496 ], [ 14.495392, 50.109886 ], [ 14.493738, 50.110185 ], [ 14.493853, 50.111247 ], [ 14.492994, 50.111358 ], [ 14.492637, 50.111488 ], [ 14.492569, 50.111743 ], [ 14.49229, 50.111753 ], [ 14.4923, 50.112421 ], [ 14.491806, 50.112332 ], [ 14.491614, 50.113003 ], [ 14.490572, 50.113155 ], [ 14.489897, 50.113767 ], [ 14.488991, 50.11391 ], [ 14.488585, 50.114127 ], [ 14.488913, 50.115096 ], [ 14.49224, 50.115887 ], [ 14.492156, 50.115692 ], [ 14.49508, 50.115257 ], [ 14.495035, 50.115034 ], [ 14.495382, 50.115079 ], [ 14.495757, 50.114872 ], [ 14.496869, 50.114915 ], [ 14.496995, 50.11512 ], [ 14.497911, 50.115452 ], [ 14.499916, 50.11558 ], [ 14.500585, 50.115871 ], [ 14.500788, 50.116168 ], [ 14.504115, 50.116193 ], [ 14.506511, 50.116575 ], [ 14.508036, 50.117243 ], [ 14.508603, 50.118847 ], [ 14.508885, 50.118902 ], [ 14.508193, 50.120332 ], [ 14.507925, 50.121825 ], [ 14.508126, 50.122461 ], [ 14.509302, 50.123941 ], [ 14.510023, 50.125655 ] ] ] } },
{ "type": "Feature", "properties": { "id": "731382", "name": "Prosek", "district_id": "500216", "population_est": 1032 }, "geometry": { "type": "Polygon", "coordinates": [ [ [ 14.500707, 50.12665 ], [ 14.507287, 50.127181 ], [ 14.507483, 50.127141 ], [ 14.506767, 50.126656 ], [ 14.509255, 50.125653 ], [ 14.509804, 50.125514 ], [ 14.510023, 50.125655 ], [ 14.509302, 50.123941 ], [ 14.508126, 50.122461 ], [ 14.507925, 50.121825 ], [ 14.508193, 50.120332 ], [ 14.508885, 50.118902 ], [ 14.508603, 50.118847 ], [ 14.508036, 50.117243 ], [ 14.507266, 50.11688 ], [ 14.506511, 50.116575 ], [ 14.504115, 50.116193 ], [ 14.500788, 50.116168 ], [ 14.500585, 50.115871 ], [ 14.499916, 50.11558 ], [ 14.497911, 50.115452 ], [ 14.496995, 50.11512 ], [ 14.496869, 50.114915 ], [ 14.495757, 50.114872 ], [ 14.495382, 50.115079 ], [ 14.495035, 50.115034 ], [ 14.49508, 50.115257 ], [ 14.492156, 50.115692 ], [ 14.49224, 50.115887 ], [ 14.489804, 50.115357 ], [ 14.489402, 50.116073 ], [ 14.488759, 50.116408 ], [ 14.482746, 50.117963 ], [ 14.484839, 50.120678 ], [ 14.486189, 50.121604 ], [ 14.487349, 50.122717 ], [ 14.48766, 50.12325 ], [ 14.487476, 50.1242 ], [ 14.48798, 50.124048 ], [ 14.488782, 50.124099 ], [ 14.490368, 50.123851 ], [ 14.490869, 50.124111 ], [ 14.491306, 50.12378 ], [ 14.497213, 50.123566 ], [ 14.498265, 50.123365 ], [ 14.499024, 50.1264 ], [ 14.499761, 50.126244 ], [ 14.499796, 50.126417 ], [ 14.500228, 50.126384 ], [ 14.500257, 50.126546 ], [ 14.500681, 50.126513 ], [ 14.500707, 50.12665 ] ] ] } },
{ "type": "Feature", "properties": { "id": "731528", "name": "Třeboradice", "district_id": "547310", "population_est": 402 }, "geometry": { "type": "Polygon", "coordinates": [ [ [ 14.532561, 50.177256 ], [ 14.531716, 50.173344 ], [ 14.531378, 50.172576 ], [ 14.531551, 50.171002 ], [ 14.532693, 50.167546 ], [ 14.530769, 50.166661 ], [ 14.530588, 50.166263 ], [ 14.53179, 50.165452 ], [ 14.531653, 50.165373 ], [ 14.534312, 50.161638 ], [ 14.533484, 50.161038 ], [ 14.530784, 50.160386 ], [ 14.530331, 50.160222 ], [ 14.530533, 50.159926 ], [ 14.529061, 50.159618 ], [ 14.526167, 50.159231 ], [ 14.52602, 50.159512 ], [ 14.522872, 50.159198 ], [ 14.522818, 50.158769 ], [ 14.51617, 50.158251 ], [ 14.514456, 50.155238 ], [ 14.512626, 50.154179 ], [ 14.510799, 50.154051 ], [ 14.510332, 50.154391 ], [ 14.5092, 50.157931 ], [ 14.508317, 50.159607 ], [ 14.507098, 50.158872 ], [ 14.50562, 50.15875 ], [ 14.503632, 50.159344 ], [ 14.502812, 50.159304 ], [ 14.502453, 50.164087 ], [ 14.505362, 50.163867 ], [ 14.507143, 50.171484 ], [ 14.506981, 50.17151 ], [ 14.509148, 50.174234 ], [ 14.516495, 50.175137 ], [ 14.516674, 50.174707 ], [ 14.518794, 50.175228 ], [ 14.518999, 50.174833 ], [ 14.519657, 50.17495 ], [ 14.526666, 50.176589 ], [ 14.526932, 50.177503 ], [ 14.529653, 50.177233 ], [ 14.532561, 50.177256 ] ] ] } },
{ "type": "Feature", "properties": { "id": "731552", "name": "Miškovice", "district_id": "547310", "population_est": 474 }, "geometry": { "type": "Polygon", "coordinates": [ [ [ 14.550524, 50.164896 ], [ 14.553661, 50.164318 ], [ 14.553151, 50.163792 ], [ 14.5607, 50.16208 ], [ 14.560702, 50.161648 ], [ 14.56107, 50.161647 ], [ 14.562823, 50.156099 ], [ 14.559293, 50.155039 ], [ 14.553969, 50.15287 ], [ 14.548296, 50.150909 ], [ 14.546459, 50.150157 ], [ 14.544377, 50.149051 ], [ 14.544179, 50.149037 ], [ 14.542438, 50.151135 ], [ 14.539455, 50.151343 ], [ 14.536458, 50.150794 ], [ 14.531804, 50.156956 ], [ 14.5326, 50.157142 ], [ 14.530331, 50.160222 ], [ 14.533484, 50.161038 ], [ 14.534743, 50.161907 ], [ 14.538915, 50.163417 ], [ 14.539526, 50.163901 ], [ 14.540412, 50.16516 ], [ 14.540607, 50.165147 ], [ 14.541281, 50.164332 ], [ 14.542423, 50.16292 ], [ 14.542458, 50.162649 ], [ 14.543974, 50.164077 ], [ 14.545002, 50.16406 ], [ 14.545538, 50.164402 ], [ 14.547276, 50.164949 ], [ 14.547469, 50.165244 ], [ 14.547916, 50.16545 ], [ 14.549027, 50.165707 ], [ 14.549485, 50.166018 ], [ 14.550616, 50.166194 ], [ 14.550524, 50.164896 ] ] ] } },
{ "type": "Feature", "properties": { "id": "731561", "name": "Čakovice", "district_id": "547310", "population_est": 1064 }, "geometry": { "type": "Polygon", "coordinates": [ [ [ 14.508317, 50.159607 ], [ 14.5092, 50.157931 ], [ 14.510332, 50.154391 ], [ 14.510799, 50.154051 ], [ 14.512377, 50.154101 ], [ 14.514456, 50.155238 ], [ 14.51617, 50.158251 ], [ 14.522818, 50.158769 ], [ 14.522872, 50.159198 ], [ 14.52602, 50.159512 ], [ 14.526167, 50.159231 ], [ 14.530533, 50.159926 ], [ 14.5326, 50.157142 ], [ 14.531804, 50.156956 ], [ 14.536458, 50.150794 ], [ 14.539455, 50.151343 ], [ 14.542438, 50.151135 ], [ 14.544179, 50.149037 ], [ 14.544377, 50.149051 ], [ 14.545513, 50.148139 ], [ 14.54598, 50.147251 ], [ 14.54375, 50.147053 ], [ 14.544066, 50.142415 ], [ 14.541832, 50.142886 ], [ 14.540609, 50.142947 ], [ 14.540553, 50.140406 ], [ 14.537471, 50.140452 ], [ 14.530418, 50.139672 ], [ 14.529548, 50.141632 ], [ 14.527518, 50.143974 ], [ 14.523961, 50.145922 ], [ 14.523533, 50.146304 ], [ 14.521865, 50.147019 ], [ 14.517406, 50.149546 ], [ 14.513729, 50.148442 ], [ 14.513465, 50.149155 ], [ 14.509682, 50.149711 ], [ 14.508905, 50.147555 ], [ 14.507163, 50.147201 ], [ 14.506592, 50.147214 ], [ 14.50611, 50.144513 ], [ 14.504368, 50.14447 ], [ 14.503526, 50.145856 ], [ 14.502466, 50.146419 ], [ 14.501671, 50.146725 ], [ 14.499913, 50.146945 ], [ 14.497405, 50.147969 ], [ 14.497184, 50.148792 ], [ 14.497378, 50.149844 ], [ 14.499638, 50.150983 ], [ 14.503505, 50.151854 ], [ 14.50345, 50.153111 ], [ 14.504651, 50.153283 ], [ 14.504112, 50.153818 ], [ 14.503613, 50.155511 ], [ 14.506495, 50.155812 ], [ 14.50562, 50.15875 ], [ 14.507098, 50.158872 ], [ 14.508317, 50.159607 ] ] ] } },
{ "type": "Feature", "properties": { "id": "731641", "name": "Kbely", "district_id": "547344", "population_est": 1266 }, "geometry": { "type": "Polygon", "coordinates": [ [ [ 14.54375, 50.147053 ], [ 14.54598, 50.147251 ], [ 14.54676, 50.145033 ], [ 14.555698, 50.143874 ], [ 14.558723, 50.143843 ], [ 14.559542, 50.140406 ], [ 14.559919, 50.137315 ], [ 14.560938, 50.135553 ], [ 14.561588, 50.133325 ], [ 14.561739, 50.133205 ], [ 14.56728, 50.135902 ], [ 14.567569, 50.134262 ], [ 14.568087, 50.133881 ], [ 14.567608, 50.133277 ], [ 14.566961, 50.133356 ], [ 14.563652, 50.133039 ], [ 14.563413, 50.129684 ], [ 14.563948, 50.129611 ], [ 14.563811, 50.129046 ], [ 14.563091, 50.126484 ], [ 14.562012, 50.126565 ], [ 14.561957, 50.126209 ], [ 14.562623, 50.126157 ], [ 14.562334, 50.125337 ], [ 14.564162, 50.124809 ], [ 14.562847, 50.121863 ], [ 14.562637, 50.120651 ], [ 14.559233, 50.12026 ], [ 14.559551, 50.122448 ], [ 14.55459, 50.123008 ], [ 14.554208, 50.121262 ], [ 14.553293, 50.121396 ], [ 14.55304, 50.121706 ], [ 14.55288, 50.121583 ], [ 14.550832, 50.12201 ], [ 14.545154, 50.119689 ], [ 14.545512, 50.117736 ], [ 14.540715, 50.116992 ], [ 14.535059, 50.117012 ], [ 14.533405, 50.11649 ], [ 14.5335, 50.117464 ], [ 14.531286, 50.117712 ], [ 14.531195, 50.117445 ], [ 14.526549, 50.117998 ], [ 14.526662, 50.118871 ], [ 14.527644, 50.121419 ], [ 14.525281, 50.12169 ], [ 14.525519, 50.123047 ], [ 14.523899, 50.123105 ], [ 14.52372, 50.124448 ], [ 14.524491, 50.124852 ], [ 14.524626, 50.126043 ], [ 14.521844, 50.12625 ], [ 14.522119, 50.126663 ], [ 14.524605, 50.126428 ], [ 14.524945, 50.127609 ], [ 14.52591, 50.127532 ], [ 14.525948, 50.129076 ], [ 14.531042, 50.129833 ], [ 14.535362, 50.131106 ], [ 14.535204, 50.132571 ], [ 14.535782, 50.137579 ], [ 14.53512, 50.140222 ], [ 14.537471, 50.140452 ], [ 14.540553, 50.140406 ], [ 14.540609, 50.142947 ], [ 14.541832, 50.142886 ], [ 14.544066, 50.142415 ], [ 14.54375, 50.147053 ] ] ] } },
{ "type": "Feature", "properties": { "id": "731676", "name": "Černý most", "district_id": "547361", "population_est": 657 }, "geometry": { "type": "Polygon", "coordinates": [ [ [ 14.584394, 50.110187 ], [ 14.585981, 50.110126 ], [ 14.587178, 50.109429 ], [ 14.587608, 50.108902 ], [ 14.588985, 50.104805 ], [ 14.589876, 50.102933 ], [ 14.589694, 50.101754 ], [ 14.588699, 50.100987 ], [ 14.587165, 50.100699 ], [ 14.581013, 50.101112 ], [ 14.575399, 50.101008 ], [ 14.564167, 50.099721 ], [ 14.557755, 50.098542 ], [ 14.556271, 50.099988 ], [ 14.556571, 50.100059 ], [ 14.556518, 50.100296 ], [ 14.555919, 50.100564 ], [ 14.556369, 50.100867 ], [ 14.555852, 50.100755 ], [ 14.555665, 50.101102 ], [ 14.556516, 50.102006 ], [ 14.556976, 50.105226 ], [ 14.556867, 50.105895 ], [ 14.557158, 50.106394 ], [ 14.556823, 50.106594 ], [ 14.573013, 50.108742 ], [ 14.574244, 50.108263 ], [ 14.57485, 50.108245 ], [ 14.575282, 50.108444 ], [ 14.575512, 50.109064 ], [ 14.584394, 50.110187 ] ] ] } },
{ "type": "Feature", "properties": { "id": "731722", "name": "Hostavice", "district_id": "547361", "population_est": 749 }, "geometry": { "type": "Polygon", "coordinates": [ [ [ 14.572911, 50.098164 ], [ 14.574415, 50.09593 ], [ 14.57309, 50.095533 ], [ 14.573333, 50.094696 ], [ 14.572299, 50.09434 ], [ 14.570646, 50.093486 ], [ 14.569703, 50.093454 ], [ 14.571964, 50.092243 ], [ 14.572666, 50.091599 ], [ 14.571647, 50.090712 ], [ 14.572478, 50.090283 ], [ 14.572786, 50.090378 ], [ 14.570866, 50.089004 ], [ 14.570485, 50.089044 ], [ 14.570287, 50.088899 ], [ 14.570091, 50.088992 ], [ 14.569401, 50.088571 ], [ 14.567027, 50.089732 ], [ 14.566574, 50.089269 ], [ 14.566772, 50.088848 ], [ 14.566157, 50.088708 ], [ 14.565389, 50.087648 ], [ 14.564848, 50.087689 ], [ 14.564094, 50.082313 ], [ 14.56514, 50.080382 ], [ 14.564761, 50.079464 ], [ 14.564962, 50.0792 ], [ 14.56511, 50.076471 ], [ 14.56432, 50.076034 ], [ 14.563149, 50.078171 ], [ 14.562596, 50.077779 ], [ 14.562239, 50.077058 ], [ 14.561612, 50.077162 ], [ 14.561858, 50.079217 ], [ 14.5617, 50.080179 ], [ 14.560206, 50.079802 ], [ 14.556796, 50.079332 ], [ 14.556242, 50.080307 ], [ 14.554938, 50.081756 ], [ 14.556259, 50.082281 ], [ 14.555313, 50.083652 ], [ 14.554677, 50.085558 ], [ 14.554833, 50.088009 ], [ 14.557646, 50.087566 ], [ 14.557772, 50.089488 ], [ 14.55851, 50.089398 ], [ 14.558309, 50.091474 ], [ 14.552979, 50.092891 ], [ 14.550336, 50.094213 ], [ 14.550981, 50.09506 ], [ 14.552137, 50.094811 ], [ 14.554599, 50.094732 ], [ 14.555241, 50.094817 ], [ 14.55643, 50.0953 ], [ 14.558167, 50.095753 ], [ 14.559238, 50.09575 ], [ 14.561897, 50.096246 ], [ 14.562661, 50.096618 ], [ 14.563146, 50.097218 ], [ 14.564626, 50.097623 ], [ 14.565156, 50.098106 ], [ 14.565736, 50.098162 ], [ 14.565379, 50.09917 ], [ 14.56602, 50.099265 ], [ 14.565568, 50.099897 ], [ 14.569843, 50.100433 ], [ 14.573042, 50.1008 ], [ 14.574522, 50.098643 ], [ 14.572911, 50.098164 ] ] ] } },
{ "type": "Feature", "properties": { "id": "745251", "name": "Řeporyje", "district_id": "539635", "population_est": 1117 }, "geometry": { "type": "Polygon", "coordinates": [ [ [ 14.289375, 50.043098 ], [ 14.290996, 50.042175 ], [ 14.291128, 50.0419 ], [ 14.291973, 50.041517 ], [ 14.296979, 50.039831 ], [ 14.301454, 50.038815 ], [ 14.303492, 50.038573 ], [ 14.304206, 50.038359 ], [ 14.305905, 50.038405 ], [ 14.306716, 50.038013 ], [ 14.307909, 50.037979 ], [ 14.30799, 50.037785 ], [ 14.308681, 50.03744 ], [ 14.309041, 50.036794 ], [ 14.317907, 50.039592 ], [ 14.318265, 50.039983 ], [ 14.319219, 50.039963 ], [ 14.320691, 50.040185 ], [ 14.323814, 50.039913 ], [ 14.325822, 50.038405 ], [ 14.327735, 50.034984 ], [ 14.330665, 50.033565 ], [ 14.330995, 50.032787 ], [ 14.331589, 50.033174 ], [ 14.334861, 50.034151 ], [ 14.334921, 50.034352 ], [ 14.335101, 50.034243 ], [ 14.335966, 50.032526 ], [ 14.335183, 50.032146 ], [ 14.335706, 50.031712 ], [ 14.335846, 50.031758 ], [ 14.333838, 50.030865 ], [ 14.334082, 50.029412 ], [ 14.334999, 50.029145 ], [ 14.33427, 50.027968 ], [ 14.332806, 50.027347 ], [ 14.332358, 50.026922 ], [ 14.332314, 50.026705 ], [ 14.332817, 50.026 ], [ 14.331726, 50.023533 ], [ 14.331016, 50.023478 ], [ 14.330895, 50.022902 ], [ 14.330178, 50.022162 ], [ 14.328862, 50.022159 ], [ 14.328513, 50.021397 ], [ 14.326426, 50.021627 ], [ 14.324013, 50.021642 ], [ 14.32722, 50.018175 ], [ 14.328104, 50.017469 ], [ 14.327234, 50.017471 ], [ 14.327226, 50.016403 ], [ 14.328164, 50.016401 ], [ 14.328162, 50.015263 ], [ 14.323097, 50.014549 ], [ 14.322579, 50.015569 ], [ 14.322316, 50.017267 ], [ 14.315359, 50.016592 ], [ 14.316605, 50.019992 ], [ 14.316758, 50.021032 ], [ 14.316124, 50.022949 ], [ 14.315693, 50.023342 ], [ 14.31594, 50.023674 ], [ 14.304798, 50.024604 ], [ 14.300388, 50.024728 ], [ 14.299874, 50.02447 ], [ 14.299223, 50.024497 ], [ 14.298937, 50.024117 ], [ 14.298121, 50.024013 ], [ 14.297891, 50.023599 ], [ 14.297618, 50.023694 ], [ 14.297662, 50.024665 ], [ 14.296385, 50.025112 ], [ 14.294447, 50.025388 ], [ 14.292897, 50.02584 ], [ 14.289618, 50.026962 ], [ 14.28894, 50.027359 ], [ 14.290782, 50.027834 ], [ 14.295049, 50.029701 ], [ 14.294268, 50.030569 ], [ 14.293295, 50.032545 ], [ 14.29194, 50.036197 ], [ 14.291829, 50.037055 ], [ 14.291995, 50.037644 ], [ 14.291813, 50.037786 ], [ 14.287298, 50.037715 ], [ 14.284598, 50.037833 ], [ 14.285637, 50.038701 ], [ 14.282939, 50.038896 ], [ 14.283531, 50.042784 ], [ 14.286756, 50.042393 ], [ 14.287157, 50.043679 ], [ 14.289375, 50.043098 ] ] ] } },
{ "type": "Feature", "properties": { "id": "731765", "name": "Hrdlořezy", "district_id": "500216", "population_est": 256 }, "geometry": { "type": "Polygon", "coordinates": [ [ [ 14.520708, 50.099288 ], [ 14.52112, 50.099229 ], [ 14.521289, 50.099368 ], [ 14.521651, 50.099242 ], [ 14.521445, 50.099102 ], [ 14.522592, 50.098237 ], [ 14.522455, 50.097957 ], [ 14.522804, 50.097536 ], [ 14.522182, 50.09536 ], [ 14.522278, 50.094788 ], [ 14.520986, 50.091291 ], [ 14.521744, 50.091302 ], [ 14.522137, 50.091539 ], [ 14.522876, 50.091254 ], [ 14.523299, 50.090796 ], [ 14.525142, 50.091207 ], [ 14.526721, 50.087806 ], [ 14.529881, 50.088398 ], [ 14.52961, 50.088814 ], [ 14.533521, 50.089685 ], [ 14.534055, 50.088639 ], [ 14.530217, 50.087799 ], [ 14.530994, 50.086406 ], [ 14.528644, 50.085945 ], [ 14.52642, 50.085322 ], [ 14.525535, 50.08696 ], [ 14.523107, 50.086701 ], [ 14.522948, 50.087269 ], [ 14.523292, 50.087314 ], [ 14.523132, 50.087915 ], [ 14.522992, 50.088102 ], [ 14.522602, 50.087974 ], [ 14.522085, 50.08932 ], [ 14.520462, 50.089078 ], [ 14.519469, 50.089079 ], [ 14.517076, 50.090635 ], [ 14.514574, 50.090038 ], [ 14.513929, 50.090141 ], [ 14.513835, 50.0903 ], [ 14.513588, 50.090259 ], [ 14.513535, 50.089437 ], [ 14.514009, 50.088913 ], [ 14.513631, 50.088658 ], [ 14.513382, 50.088808 ], [ 14.512956, 50.088677 ], [ 14.502527, 50.089873 ], [ 14.501706, 50.090079 ], [ 14.501493, 50.090419 ], [ 14.502397, 50.090709 ], [ 14.501053, 50.090954 ], [ 14.49836, 50.091848 ], [ 14.496928, 50.093534 ], [ 14.496339, 50.094524 ], [ 14.496031, 50.095768 ], [ 14.496025, 50.096462 ], [ 14.496195, 50.096587 ], [ 14.501937, 50.097004 ], [ 14.503752, 50.097345 ], [ 14.506043, 50.09756 ], [ 14.506197, 50.097232 ], [ 14.510425, 50.09833 ], [ 14.513187, 50.099325 ], [ 14.513691, 50.099561 ], [ 14.513514, 50.100446 ], [ 14.51614, 50.100641 ], [ 14.516951, 50.100553 ], [ 14.519068, 50.100081 ], [ 14.520708, 50.099288 ] ] ] } },
{ "type": "Feature", "properties": { "id": "745278", "name": "Zadní Kopanina", "district_id": "539635", "population_est": 54 }, "geometry": { "type": "Polygon", "coordinates": [ [ [ 14.322316, 50.017267 ], [ 14.322579, 50.015569 ], [ 14.323097, 50.014549 ], [ 14.328162, 50.015263 ], [ 14.328161, 50.014048 ], [ 14.329647, 50.014042 ], [ 14.32861, 50.013419 ], [ 14.325336, 50.009166 ], [ 14.323086, 50.009024 ], [ 14.323198, 50.006749 ], [ 14.322412, 50.005683 ], [ 14.321738, 50.005172 ], [ 14.319062, 50.004761 ], [ 14.319526, 50.003651 ], [ 14.319433, 50.001075 ], [ 14.318998, 50.000052 ], [ 14.318764, 49.998595 ], [ 14.3184, 49.997938 ], [ 14.318544, 49.996971 ], [ 14.317903, 49.995514 ], [ 14.320016, 49.995326 ], [ 14.322138, 49.995921 ], [ 14.322955, 49.99597 ], [ 14.323671, 49.995338 ], [ 14.324269, 49.995486 ], [ 14.324607, 49.995424 ], [ 14.325806, 49.99476 ], [ 14.326368, 49.994253 ], [ 14.326709, 49.993576 ], [ 14.3281, 49.99403 ], [ 14.329187, 49.994127 ], [ 14.330739, 49.994997 ], [ 14.331281, 49.994964 ], [ 14.331191, 49.994663 ], [ 14.331703, 49.994266 ], [ 14.332601, 49.994536 ], [ 14.332666, 49.994416 ], [ 14.332887, 49.994459 ], [ 14.333206, 49.993371 ], [ 14.327737, 49.991626 ], [ 14.326831, 49.991084 ], [ 14.326538, 49.991696 ], [ 14.321605, 49.989969 ], [ 14.318167, 49.988971 ], [ 14.317837, 49.98979 ], [ 14.317302, 49.990135 ], [ 14.317279, 49.990624 ], [ 14.315185, 49.992306 ], [ 14.314028, 49.994862 ], [ 14.311901, 49.994471 ], [ 14.31017, 49.993917 ], [ 14.309586, 49.994544 ], [ 14.308359, 49.994897 ], [ 14.307294, 49.995547 ], [ 14.307768, 49.996318 ], [ 14.307455, 49.996338 ], [ 14.306855, 49.997096 ], [ 14.306457, 49.997279 ], [ 14.30631, 49.997635 ], [ 14.305516, 49.997757 ], [ 14.302625, 49.997585 ], [ 14.301103, 49.997868 ], [ 14.300631, 49.998284 ], [ 14.300592, 49.998662 ], [ 14.301502, 49.999368 ], [ 14.301905, 50.000027 ], [ 14.301262, 50.000142 ], [ 14.299838, 50.00007 ], [ 14.299442, 50.00043 ], [ 14.297517, 50.000701 ], [ 14.295468, 50.002172 ], [ 14.294905, 50.002289 ], [ 14.296575, 50.002836 ], [ 14.298111, 50.003064 ], [ 14.298842, 50.003591 ], [ 14.299172, 50.00412 ], [ 14.300598, 50.004459 ], [ 14.300204, 50.00825 ], [ 14.300478, 50.01101 ], [ 14.300861, 50.011893 ], [ 14.303007, 50.011295 ], [ 14.305464, 50.008746 ], [ 14.306495, 50.008032 ], [ 14.309209, 50.007125 ], [ 14.311525, 50.007057 ], [ 14.311448, 50.00809 ], [ 14.311791, 50.009289 ], [ 14.313244, 50.012123 ], [ 14.312676, 50.013023 ], [ 14.31335, 50.013562 ], [ 14.314765, 50.014125 ], [ 14.315199, 50.015064 ], [ 14.315359, 50.016592 ], [ 14.322316, 50.017267 ] ] ] } },
{ "type": "Feature", "properties": { "id": "731943", "name": "Strašnice", "district_id": "500224", "population_est": 4087 }, "geometry": { "type": "Polygon", "coordinates": [ [ [ 14.491925, 50.086165 ], [ 14.492358, 50.084894 ], [ 14.493867, 50.082771 ], [ 14.493442, 50.082658 ], [ 14.493744, 50.082202 ], [ 14.493932, 50.082244 ], [ 14.49447, 50.081788 ], [ 14.493952, 50.081626 ], [ 14.494109, 50.080262 ], [ 14.496988, 50.080551 ], [ 14.49708, 50.080077 ], [ 14.498749, 50.080223 ], [ 14.498969, 50.080075 ], [ 14.499864, 50.080127 ], [ 14.499847, 50.079905 ], [ 14.501993, 50.080057 ], [ 14.502186, 50.079597 ], [ 14.504009, 50.079785 ], [ 14.511624, 50.081055 ], [ 14.512103, 50.079693 ], [ 14.512135, 50.078234 ], [ 14.512336, 50.077936 ], [ 14.521302, 50.077491 ], [ 14.523114, 50.073344 ], [ 14.523572, 50.070241 ], [ 14.523588, 50.068676 ], [ 14.523245, 50.067758 ], [ 14.523315, 50.067086 ], [ 14.521057, 50.06746 ], [ 14.520925, 50.06698 ], [ 14.51965, 50.067 ], [ 14.519678, 50.066336 ], [ 14.518758, 50.066231 ], [ 14.519146, 50.064664 ], [ 14.518386, 50.064604 ], [ 14.518791, 50.063882 ], [ 14.518523, 50.063705 ], [ 14.518234, 50.062693 ], [ 14.517669, 50.062051 ], [ 14.517786, 50.061489 ], [ 14.517597, 50.061188 ], [ 14.516923, 50.061362 ], [ 14.514802, 50.061009 ], [ 14.51386, 50.060988 ], [ 14.509049, 50.061544 ], [ 14.507542, 50.061607 ], [ 14.507279, 50.061591 ], [ 14.507278, 50.061467 ], [ 14.506848, 50.061504 ], [ 14.506888, 50.061658 ], [ 14.505285, 50.061918 ], [ 14.498948, 50.062561 ], [ 14.497223, 50.062541 ], [ 14.497231, 50.062782 ], [ 14.494354, 50.063029 ], [ 14.494308, 50.062881 ], [ 14.493014, 50.062864 ], [ 14.490023, 50.062131 ], [ 14.487751, 50.062182 ], [ 14.485334, 50.062528 ], [ 14.485214, 50.06267 ], [ 14.483454, 50.062054 ], [ 14.483915, 50.062449 ], [ 14.48358, 50.062838 ], [ 14.480284, 50.063395 ], [ 14.480223, 50.063771 ], [ 14.48125, 50.063928 ], [ 14.479785, 50.064138 ], [ 14.478103, 50.063929 ], [ 14.478026, 50.064571 ], [ 14.476448, 50.064806 ], [ 14.47593, 50.064719 ], [ 14.473135, 50.065134 ], [ 14.472471, 50.064929 ], [ 14.469636, 50.065354 ], [ 14.469788, 50.066605 ], [ 14.474262, 50.065979 ], [ 14.477406, 50.066322 ], [ 14.477598, 50.065844 ], [ 14.479041, 50.065953 ], [ 14.480518, 50.066258 ], [ 14.482815, 50.067079 ], [ 14.481681, 50.069894 ], [ 14.480106, 50.069811 ], [ 14.479911, 50.071016 ], [ 14.485346, 50.071438 ], [ 14.484897, 50.072524 ], [ 14.486596, 50.072719 ], [ 14.48556, 50.075058 ], [ 14.486493, 50.075161 ], [ 14.485962, 50.077169 ], [ 14.47749, 50.078039 ], [ 14.477618, 50.078689 ], [ 14.477176, 50.079617 ], [ 14.482629, 50.080538 ], [ 14.482184, 50.081077 ], [ 14.480918, 50.081562 ], [ 14.479972, 50.082735 ], [ 14.479281, 50.082584 ], [ 14.478463, 50.083647 ], [ 14.480355, 50.084875 ], [ 14.481826, 50.085048 ], [ 14.482181, 50.085468 ], [ 14.485288, 50.085528 ], [ 14.487037, 50.085745 ], [ 14.491839, 50.086891 ], [ 14.491932, 50.087034 ], [ 14.491925, 50.086165 ] ] ] } },
{ "type": "Feature", "properties": { "id": "732052", "name": "Hostivař", "district_id": "547387", "population_est": 1836 }, "geometry": { "type": "Polygon", "coordinates": [ [ [ 14.536167, 50.068259 ], [ 14.537316, 50.067713 ], [ 14.537621, 50.066987 ], [ 14.538129, 50.067014 ], [ 14.538244, 50.066628 ], [ 14.536787, 50.06641 ], [ 14.537172, 50.064707 ], [ 14.539966, 50.065202 ], [ 14.540118, 50.063731 ], [ 14.541028, 50.063194 ], [ 14.541549, 50.062603 ], [ 14.540994, 50.062602 ], [ 14.541034, 50.062021 ], [ 14.541396, 50.061942 ], [ 14.542531, 50.059112 ], [ 14.5454, 50.059252 ], [ 14.546031, 50.058041 ], [ 14.5464, 50.057707 ], [ 14.547507, 50.058048 ], [ 14.548217, 50.056937 ], [ 14.550525, 50.057306 ], [ 14.550745, 50.056877 ], [ 14.549473, 50.056665 ], [ 14.549871, 50.056001 ], [ 14.549233, 50.055847 ], [ 14.548719, 50.056508 ], [ 14.547736, 50.056168 ], [ 14.547169, 50.0566 ], [ 14.54693, 50.056567 ], [ 14.547594, 50.055519 ], [ 14.547002, 50.055158 ], [ 14.545979, 50.055016 ], [ 14.546315, 50.054474 ], [ 14.544929, 50.05421 ], [ 14.545211, 50.053582 ], [ 14.547396, 50.054088 ], [ 14.54894, 50.05379 ], [ 14.549502, 50.051219 ], [ 14.549857, 50.050868 ], [ 14.549962, 50.050388 ], [ 14.549982, 50.048598 ], [ 14.547015, 50.048037 ], [ 14.545656, 50.047009 ], [ 14.546235, 50.046385 ], [ 14.546693, 50.045062 ], [ 14.547762, 50.043461 ], [ 14.548085, 50.042364 ], [ 14.548046, 50.041609 ], [ 14.549284, 50.041536 ], [ 14.549514, 50.040041 ], [ 14.550042, 50.039027 ], [ 14.550294, 50.038853 ], [ 14.552512, 50.039071 ], [ 14.551103, 50.038389 ], [ 14.550197, 50.037346 ], [ 14.549805, 50.037263 ], [ 14.549754, 50.037052 ], [ 14.548723, 50.036369 ], [ 14.547861, 50.036405 ], [ 14.547604, 50.035994 ], [ 14.547247, 50.035861 ], [ 14.54462, 50.036561 ], [ 14.543621, 50.036261 ], [ 14.543474, 50.036761 ], [ 14.54364, 50.03811 ], [ 14.540627, 50.038392 ], [ 14.539945, 50.038205 ], [ 14.539663, 50.038275 ], [ 14.539511, 50.038663 ], [ 14.538861, 50.03917 ], [ 14.538833, 50.040086 ], [ 14.537916, 50.040173 ], [ 14.536829, 50.040126 ], [ 14.535756, 50.039828 ], [ 14.535367, 50.039907 ], [ 14.535176, 50.039859 ], [ 14.535275, 50.03969 ], [ 14.53474, 50.039624 ], [ 14.534817, 50.039812 ], [ 14.533582, 50.03967 ], [ 14.532895, 50.039431 ], [ 14.53271, 50.038828 ], [ 14.531877, 50.038463 ], [ 14.530034, 50.038183 ], [ 14.529855, 50.038293 ], [ 14.529042, 50.038011 ], [ 14.527127, 50.037801 ], [ 14.525679, 50.037346 ], [ 14.525585, 50.037549 ], [ 14.523668, 50.0374 ], [ 14.52102, 50.03844 ], [ 14.518713, 50.039129 ], [ 14.516568, 50.039499 ], [ 14.514528, 50.039608 ], [ 14.512229, 50.040708 ], [ 14.511268, 50.040673 ], [ 14.512327, 50.041758 ], [ 14.513576, 50.042461 ], [ 14.512479, 50.044179 ], [ 14.512431, 50.045645 ], [ 14.502713, 50.044529 ], [ 14.502336, 50.045179 ], [ 14.506261, 50.046233 ], [ 14.50571, 50.048206 ], [ 14.507605, 50.048622 ], [ 14.507405, 50.050629 ], [ 14.509489, 50.05062 ], [ 14.509505, 50.051039 ], [ 14.509748, 50.051103 ], [ 14.510265, 50.050586 ], [ 14.511011, 50.050413 ], [ 14.511371, 50.050472 ], [ 14.511519, 50.050345 ], [ 14.512306, 50.050416 ], [ 14.512703, 50.050061 ], [ 14.51317, 50.04992 ], [ 14.513968, 50.050002 ], [ 14.514946, 50.051027 ], [ 14.515612, 50.051075 ], [ 14.515421, 50.054389 ], [ 14.515608, 50.054733 ], [ 14.515424, 50.054892 ], [ 14.515393, 50.056238 ], [ 14.515214, 50.056532 ], [ 14.514624, 50.05687 ], [ 14.514915, 50.057343 ], [ 14.514939, 50.057869 ], [ 14.514886, 50.059874 ], [ 14.514702, 50.059869 ], [ 14.514662, 50.060473 ], [ 14.51486, 50.060478 ], [ 14.514843, 50.061017 ], [ 14.516923, 50.061362 ], [ 14.517597, 50.061188 ], [ 14.517786, 50.061489 ], [ 14.517669, 50.062051 ], [ 14.518234, 50.062693 ], [ 14.518523, 50.063705 ], [ 14.518791, 50.063882 ], [ 14.518386, 50.064604 ], [ 14.519146, 50.064664 ], [ 14.518758, 50.066231 ], [ 14.519678, 50.066336 ], [ 14.51965, 50.067 ], [ 14.520925, 50.06698 ], [ 14.521057, 50.06746 ], [ 14.523315, 50.067086 ], [ 14.523245, 50.067758 ], [ 14.523588, 50.068676 ], [ 14.523572, 50.070241 ], [ 14.522953, 50.073769 ], [ 14.52824, 50.074953 ], [ 14.52921, 50.073878 ], [ 14.53328, 50.071061 ], [ 14.535255, 50.068931 ], [ 14.536167, 50.068259 ] ] ] } },
{ "type": "Feature", "properties": { "id": "732117", "name": "Záběhlice", "district_id": "500224", "population_est": 3868 }, "geometry": { "type": "Polygon", "coordinates": [ [ [ 14.489667, 50.06211 ], [ 14.490734, 50.06223 ], [ 14.493014, 50.062864 ], [ 14.494308, 50.062881 ], [ 14.494354, 50.063029 ], [ 14.497231, 50.062782 ], [ 14.497223, 50.062541 ], [ 14.498948, 50.062561 ], [ 14.505285, 50.061918 ], [ 14.506888, 50.061658 ], [ 14.506848, 50.061504 ], [ 14.509049, 50.061544 ], [ 14.512535, 50.061101 ], [ 14.514843, 50.061017 ], [ 14.51486, 50.060478 ], [ 14.514662, 50.060473 ], [ 14.514702, 50.059869 ], [ 14.514886, 50.059874 ], [ 14.514915, 50.057343 ], [ 14.514624, 50.05687 ], [ 14.515214, 50.056532 ], [ 14.515393, 50.056238 ], [ 14.515424, 50.054892 ], [ 14.515608, 50.054733 ], [ 14.515421, 50.054389 ], [ 14.515612, 50.051075 ], [ 14.514946, 50.051027 ], [ 14.513968, 50.050002 ], [ 14.51317, 50.04992 ], [ 14.512703, 50.050061 ], [ 14.512306, 50.050416 ], [ 14.511519, 50.050345 ], [ 14.511371, 50.050472 ], [ 14.511011, 50.050413 ], [ 14.510265, 50.050586 ], [ 14.509748, 50.051103 ], [ 14.509505, 50.051039 ], [ 14.509489, 50.05062 ], [ 14.507405, 50.050629 ], [ 14.507605, 50.048622 ], [ 14.50571, 50.048206 ], [ 14.506261, 50.046233 ], [ 14.502336, 50.045179 ], [ 14.502713, 50.044529 ], [ 14.497942, 50.044003 ], [ 14.497774, 50.044737 ], [ 14.495591, 50.044155 ], [ 14.495396, 50.044602 ], [ 14.495154, 50.04458 ], [ 14.494328, 50.043804 ], [ 14.493743, 50.043644 ], [ 14.493695, 50.04391 ], [ 14.493296, 50.043946 ], [ 14.492475, 50.043438 ], [ 14.490427, 50.042767 ], [ 14.490057, 50.042056 ], [ 14.488634, 50.043013 ], [ 14.488902, 50.043703 ], [ 14.48885, 50.044535 ], [ 14.489031, 50.044578 ], [ 14.488845, 50.044767 ], [ 14.488589, 50.044624 ], [ 14.486389, 50.044605 ], [ 14.487754, 50.043412 ], [ 14.488152, 50.042793 ], [ 14.487991, 50.042726 ], [ 14.488068, 50.042147 ], [ 14.48679, 50.041299 ], [ 14.476773, 50.040053 ], [ 14.474917, 50.039957 ], [ 14.472773, 50.040059 ], [ 14.4727, 50.03979 ], [ 14.471804, 50.039686 ], [ 14.469589, 50.039035 ], [ 14.469865, 50.040262 ], [ 14.468944, 50.040084 ], [ 14.467456, 50.04267 ], [ 14.47016, 50.04336 ], [ 14.47084, 50.043798 ], [ 14.470855, 50.044213 ], [ 14.470056, 50.045963 ], [ 14.469195, 50.045808 ], [ 14.468829, 50.046411 ], [ 14.470995, 50.047092 ], [ 14.47197, 50.047779 ], [ 14.472307, 50.048482 ], [ 14.471995, 50.049399 ], [ 14.472926, 50.050399 ], [ 14.473106, 50.051069 ], [ 14.475636, 50.049956 ], [ 14.476082, 50.050047 ], [ 14.478045, 50.049549 ], [ 14.477998, 50.048601 ], [ 14.480332, 50.049017 ], [ 14.479412, 50.049534 ], [ 14.480064, 50.050085 ], [ 14.47311, 50.053774 ], [ 14.472311, 50.05495 ], [ 14.473375, 50.055102 ], [ 14.474071, 50.055006 ], [ 14.4746, 50.055324 ], [ 14.475021, 50.055358 ], [ 14.475304, 50.055204 ], [ 14.475599, 50.055348 ], [ 14.475892, 50.055281 ], [ 14.476336, 50.055538 ], [ 14.47663, 50.055246 ], [ 14.476418, 50.055077 ], [ 14.476741, 50.054879 ], [ 14.476978, 50.055028 ], [ 14.477267, 50.056399 ], [ 14.476935, 50.057287 ], [ 14.477625, 50.057443 ], [ 14.47831, 50.058257 ], [ 14.479108, 50.058649 ], [ 14.479927, 50.059463 ], [ 14.480673, 50.059651 ], [ 14.480815, 50.059495 ], [ 14.483384, 50.059748 ], [ 14.485555, 50.059614 ], [ 14.485718, 50.060729 ], [ 14.486097, 50.060707 ], [ 14.486195, 50.061491 ], [ 14.486234, 50.061901 ], [ 14.48584, 50.061992 ], [ 14.485838, 50.062458 ], [ 14.487751, 50.062182 ], [ 14.489667, 50.06211 ] ] ] } },
{ "type": "Feature", "properties": { "id": "732257", "name": "Vršovice", "district_id": "500224", "population_est": 1838 }, "geometry": { "type": "Polygon", "coordinates": [ [ [ 14.446916, 50.07203 ], [ 14.453135, 50.072224 ], [ 14.470035, 50.073582 ], [ 14.477452, 50.073986 ], [ 14.484067, 50.072413 ], [ 14.484897, 50.072524 ], [ 14.485346, 50.071438 ], [ 14.479911, 50.071016 ], [ 14.480106, 50.069811 ], [ 14.481681, 50.069894 ], [ 14.482815, 50.067079 ], [ 14.480518, 50.066258 ], [ 14.479041, 50.065953 ], [ 14.477598, 50.065844 ], [ 14.477406, 50.066322 ], [ 14.474262, 50.065979 ], [ 14.469788, 50.066605 ], [ 14.469411, 50.064626 ], [ 14.469624, 50.061452 ], [ 14.46624, 50.060452 ], [ 14.465884, 50.061017 ], [ 14.464513, 50.060628 ], [ 14.46369, 50.060125 ], [ 14.46379, 50.060485 ], [ 14.463276, 50.061266 ], [ 14.461467, 50.061112 ], [ 14.461024, 50.059898 ], [ 14.458305, 50.057821 ], [ 14.457322, 50.058857 ], [ 14.456191, 50.060593 ], [ 14.454641, 50.061896 ], [ 14.454725, 50.062449 ], [ 14.454273, 50.062604 ], [ 14.453217, 50.062112 ], [ 14.452773, 50.062074 ], [ 14.448395, 50.063389 ], [ 14.445645, 50.064449 ], [ 14.445413, 50.064738 ], [ 14.444582, 50.065089 ], [ 14.440936, 50.066495 ], [ 14.442022, 50.066948 ], [ 14.443176, 50.067093 ], [ 14.44304, 50.06712 ], [ 14.445489, 50.06801 ], [ 14.447322, 50.068195 ], [ 14.448627, 50.068127 ], [ 14.448569, 50.069034 ], [ 14.448025, 50.069772 ], [ 14.445378, 50.070704 ], [ 14.443734, 50.07153 ], [ 14.446937, 50.071766 ], [ 14.446916, 50.07203 ] ] ] } },
{ "type": "Feature", "properties": { "id": "732451", "name": "Malešice", "district_id": "500224", "population_est": 791 }, "geometry": { "type": "Polygon", "coordinates": [ [ [ 14.503557, 50.089712 ], [ 14.512956, 50.088677 ], [ 14.513382, 50.088808 ], [ 14.513631, 50.088658 ], [ 14.514009, 50.088913 ], [ 14.513535, 50.089437 ], [ 14.513588, 50.090259 ], [ 14.513835, 50.0903 ], [ 14.513929, 50.090141 ], [ 14.514574, 50.090038 ], [ 14.517076, 50.090635 ], [ 14.519469, 50.089079 ], [ 14.520462, 50.089078 ], [ 14.522085, 50.08932 ], [ 14.522602, 50.087974 ], [ 14.522992, 50.088102 ], [ 14.523132, 50.087915 ], [ 14.523292, 50.087314 ], [ 14.522948, 50.087269 ], [ 14.523107, 50.086701 ], [ 14.525535, 50.08696 ], [ 14.52642, 50.085322 ], [ 14.528644, 50.085945 ], [ 14.530994, 50.086406 ], [ 14.532058, 50.084548 ], [ 14.534061, 50.084861 ], [ 14.534163, 50.084654 ], [ 14.5376, 50.084997 ], [ 14.538573, 50.083016 ], [ 14.539392, 50.079924 ], [ 14.539425, 50.07681 ], [ 14.536549, 50.0773 ], [ 14.53654, 50.077117 ], [ 14.536342, 50.077119 ], [ 14.536353, 50.077333 ], [ 14.535636, 50.077455 ], [ 14.534253, 50.075478 ], [ 14.538229, 50.074629 ], [ 14.537667, 50.072384 ], [ 14.535921, 50.07341 ], [ 14.531391, 50.072314 ], [ 14.52921, 50.073878 ], [ 14.52824, 50.074953 ], [ 14.522953, 50.073769 ], [ 14.521196, 50.077568 ], [ 14.512336, 50.077936 ], [ 14.512135, 50.078234 ], [ 14.512103, 50.079693 ], [ 14.511624, 50.081055 ], [ 14.504009, 50.079785 ], [ 14.502186, 50.079597 ], [ 14.501993, 50.080057 ], [ 14.499847, 50.079905 ], [ 14.499864, 50.080127 ], [ 14.498969, 50.080075 ], [ 14.498749, 50.080223 ], [ 14.49708, 50.080077 ], [ 14.496988, 50.080551 ], [ 14.494109, 50.080262 ], [ 14.493952, 50.081626 ], [ 14.49447, 50.081788 ], [ 14.493932, 50.082244 ], [ 14.493744, 50.082202 ], [ 14.493442, 50.082658 ], [ 14.493867, 50.082771 ], [ 14.492114, 50.085362 ], [ 14.491993, 50.087143 ], [ 14.491738, 50.087416 ], [ 14.502, 50.089534 ], [ 14.503557, 50.089712 ] ] ] } },
{ "type": "Feature", "properties": { "id": "732541", "name": "Dolní Měcholupy", "district_id": "547379", "population_est": 707 }, "geometry": { "type": "Polygon", "coordinates": [ [ [ 14.56219, 50.070814 ], [ 14.565068, 50.070737 ], [ 14.568148, 50.071134 ], [ 14.567727, 50.069773 ], [ 14.568825, 50.067254 ], [ 14.570237, 50.064897 ], [ 14.570464, 50.064025 ], [ 14.571221, 50.062728 ], [ 14.571661, 50.061019 ], [ 14.573522, 50.061068 ], [ 14.576935, 50.06186 ], [ 14.577282, 50.060712 ], [ 14.578279, 50.060765 ], [ 14.578973, 50.057295 ], [ 14.578296, 50.057365 ], [ 14.577881, 50.058091 ], [ 14.575909, 50.057782 ], [ 14.57588, 50.056724 ], [ 14.57758, 50.056134 ], [ 14.577911, 50.055616 ], [ 14.577201, 50.054425 ], [ 14.576632, 50.054258 ], [ 14.577484, 50.053927 ], [ 14.577667, 50.053397 ], [ 14.576288, 50.052923 ], [ 14.575516, 50.051831 ], [ 14.575979, 50.05108 ], [ 14.579579, 50.049993 ], [ 14.580182, 50.049388 ], [ 14.580141, 50.048884 ], [ 14.58099, 50.048268 ], [ 14.580688, 50.048063 ], [ 14.580858, 50.047857 ], [ 14.579096, 50.046072 ], [ 14.575831, 50.043566 ], [ 14.576904, 50.042646 ], [ 14.575633, 50.042007 ], [ 14.56886, 50.045867 ], [ 14.568572, 50.04637 ], [ 14.570408, 50.047111 ], [ 14.571045, 50.047527 ], [ 14.567635, 50.050613 ], [ 14.566804, 50.051583 ], [ 14.563702, 50.050895 ], [ 14.56327, 50.051973 ], [ 14.562924, 50.051954 ], [ 14.562971, 50.051763 ], [ 14.560779, 50.051359 ], [ 14.560595, 50.051141 ], [ 14.560907, 50.050544 ], [ 14.557187, 50.049919 ], [ 14.556258, 50.051532 ], [ 14.556396, 50.05218 ], [ 14.552902, 50.051892 ], [ 14.552082, 50.053341 ], [ 14.550942, 50.054541 ], [ 14.549867, 50.054563 ], [ 14.548915, 50.054234 ], [ 14.548419, 50.054565 ], [ 14.547332, 50.054059 ], [ 14.545211, 50.053582 ], [ 14.544929, 50.05421 ], [ 14.546315, 50.054474 ], [ 14.545979, 50.055016 ], [ 14.547002, 50.055158 ], [ 14.547594, 50.055519 ], [ 14.54693, 50.056567 ], [ 14.547169, 50.0566 ], [ 14.547736, 50.056168 ], [ 14.548719, 50.056508 ], [ 14.549233, 50.055847 ], [ 14.549871, 50.056001 ], [ 14.549473, 50.056665 ], [ 14.550745, 50.056877 ], [ 14.550525, 50.057306 ], [ 14.548217, 50.056937 ], [ 14.547507, 50.058048 ], [ 14.5464, 50.057707 ], [ 14.546031, 50.058041 ], [ 14.5454, 50.059252 ], [ 14.542531, 50.059112 ], [ 14.541396, 50.061942 ], [ 14.541034, 50.062021 ], [ 14.540994, 50.062602 ], [ 14.541532, 50.062637 ], [ 14.540957, 50.063249 ], [ 14.540118, 50.063731 ], [ 14.539966, 50.065202 ], [ 14.547334, 50.067037 ], [ 14.547873, 50.06701 ], [ 14.554123, 50.068029 ], [ 14.557112, 50.068627 ], [ 14.558669, 50.069169 ], [ 14.558052, 50.070601 ], [ 14.559026, 50.070995 ], [ 14.559469, 50.071367 ], [ 14.56219, 50.070814 ] ] ] } },
{ "type": "Feature", "properties": { "id": "732583", "name": "Horní Měcholupy", "district_id": "547387", "population_est": 923 }, "geometry": { "type": "Polygon", "coordinates": [ [ [ 14.54856, 50.054583 ], [ 14.548915, 50.054234 ], [ 14.549867, 50.054563 ], [ 14.550942, 50.054541 ], [ 14.552082, 50.053341 ], [ 14.552902, 50.051892 ], [ 14.556396, 50.05218 ], [ 14.556258, 50.051532 ], [ 14.557187, 50.049919 ], [ 14.560907, 50.050544 ], [ 14.560595, 50.051141 ], [ 14.560779, 50.051359 ], [ 14.562971, 50.051763 ], [ 14.562924, 50.051954 ], [ 14.56327, 50.051973 ], [ 14.563702, 50.050895 ], [ 14.566804, 50.051583 ], [ 14.567635, 50.050613 ], [ 14.571045, 50.047527 ], [ 14.570408, 50.047111 ], [ 14.568572, 50.04637 ], [ 14.56886, 50.045867 ], [ 14.575633, 50.042007 ], [ 14.57424, 50.041516 ], [ 14.571524, 50.041077 ], [ 14.571395, 50.040693 ], [ 14.569957, 50.040282 ], [ 14.569087, 50.039503 ], [ 14.569235, 50.03815 ], [ 14.567413, 50.038777 ], [ 14.567067, 50.038621 ], [ 14.566816, 50.037546 ], [ 14.566942, 50.037059 ], [ 14.566151, 50.037028 ], [ 14.56545, 50.03747 ], [ 14.563967, 50.037816 ], [ 14.563506, 50.038434 ], [ 14.561143, 50.039952 ], [ 14.560669, 50.040056 ], [ 14.558351, 50.040297 ], [ 14.555061, 50.040158 ], [ 14.55513, 50.039512 ], [ 14.554798, 50.039504 ], [ 14.554931, 50.03928 ], [ 14.550294, 50.038853 ], [ 14.549514, 50.040041 ], [ 14.549284, 50.041536 ], [ 14.548046, 50.041609 ], [ 14.548085, 50.042364 ], [ 14.547762, 50.043461 ], [ 14.546693, 50.045062 ], [ 14.546235, 50.046385 ], [ 14.545656, 50.047009 ], [ 14.547015, 50.048037 ], [ 14.549982, 50.048598 ], [ 14.549962, 50.050388 ], [ 14.549857, 50.050868 ], [ 14.549502, 50.051219 ], [ 14.54894, 50.05379 ], [ 14.547396, 50.054088 ], [ 14.54856, 50.054583 ] ] ] } },
{ "type": "Feature", "properties": { "id": "732613", "name": "Petrovice", "district_id": "547395", "population_est": 436 }, "geometry": { "type": "Polygon", "coordinates": [ [ [ 14.560848, 50.040017 ], [ 14.563506, 50.038434 ], [ 14.563967, 50.037816 ], [ 14.56545, 50.03747 ], [ 14.566202, 50.037015 ], [ 14.566942, 50.037059 ], [ 14.566958, 50.038271 ], [ 14.567067, 50.038621 ], [ 14.567413, 50.038777 ], [ 14.570128, 50.037805 ], [ 14.572111, 50.036755 ], [ 14.572015, 50.036687 ], [ 14.573715, 50.035594 ], [ 14.573989, 50.035318 ], [ 14.573336, 50.03504 ], [ 14.574455, 50.033991 ], [ 14.575463, 50.034381 ], [ 14.575767, 50.034185 ], [ 14.574969, 50.033694 ], [ 14.574874, 50.033325 ], [ 14.571624, 50.032102 ], [ 14.570393, 50.032136 ], [ 14.56988, 50.032552 ], [ 14.56821, 50.032282 ], [ 14.565368, 50.031391 ], [ 14.563977, 50.031233 ], [ 14.563477, 50.031033 ], [ 14.562094, 50.031146 ], [ 14.560469, 50.031063 ], [ 14.559909, 50.03078 ], [ 14.560757, 50.030495 ], [ 14.560738, 50.03031 ], [ 14.559612, 50.030023 ], [ 14.55842, 50.029493 ], [ 14.556412, 50.029476 ], [ 14.556211, 50.02905 ], [ 14.555632, 50.029334 ], [ 14.552043, 50.030002 ], [ 14.551585, 50.030326 ], [ 14.55129, 50.029686 ], [ 14.549354, 50.027519 ], [ 14.549463, 50.028027 ], [ 14.548864, 50.028504 ], [ 14.549616, 50.02951 ], [ 14.546104, 50.030998 ], [ 14.545333, 50.030423 ], [ 14.545016, 50.030898 ], [ 14.544775, 50.032057 ], [ 14.543717, 50.032004 ], [ 14.543271, 50.033369 ], [ 14.542344, 50.033388 ], [ 14.543243, 50.034015 ], [ 14.543197, 50.034214 ], [ 14.543934, 50.034345 ], [ 14.544149, 50.034562 ], [ 14.543761, 50.035128 ], [ 14.544109, 50.035179 ], [ 14.544181, 50.035432 ], [ 14.543233, 50.036013 ], [ 14.54462, 50.036561 ], [ 14.546619, 50.035966 ], [ 14.547464, 50.0359 ], [ 14.547861, 50.036405 ], [ 14.548723, 50.036369 ], [ 14.549754, 50.037052 ], [ 14.549805, 50.037263 ], [ 14.550197, 50.037346 ], [ 14.551103, 50.038389 ], [ 14.552512, 50.039071 ], [ 14.554931, 50.03928 ], [ 14.554798, 50.039504 ], [ 14.55513, 50.039512 ], [ 14.555061, 50.040158 ], [ 14.558351, 50.040297 ], [ 14.560848, 50.040017 ] ] ] } },
{ "type": "Feature", "properties": { "id": "734373", "name": "Přední Kopanina", "district_id": "539589", "population_est": 280 }, "geometry": { "type": "Polygon", "coordinates": [ [ [ 14.302509, 50.130155 ], [ 14.30436, 50.129453 ], [ 14.304491, 50.129744 ], [ 14.304736, 50.12971 ], [ 14.305713, 50.130218 ], [ 14.306268, 50.129556 ], [ 14.306237, 50.129246 ], [ 14.308322, 50.128319 ], [ 14.310058, 50.128099 ], [ 14.3104, 50.12785 ], [ 14.310727, 50.128115 ], [ 14.315954, 50.128695 ], [ 14.315652, 50.127181 ], [ 14.315881, 50.124975 ], [ 14.315771, 50.123024 ], [ 14.317172, 50.121083 ], [ 14.317689, 50.119034 ], [ 14.311981, 50.115614 ], [ 14.30987, 50.113616 ], [ 14.306964, 50.111718 ], [ 14.304195, 50.109071 ], [ 14.300128, 50.107946 ], [ 14.295252, 50.106927 ], [ 14.293697, 50.106351 ], [ 14.291569, 50.109615 ], [ 14.290129, 50.111279 ], [ 14.289091, 50.11216 ], [ 14.288856, 50.112849 ], [ 14.288638, 50.112908 ], [ 14.288773, 50.113035 ], [ 14.288298, 50.113382 ], [ 14.287911, 50.113274 ], [ 14.288225, 50.11343 ], [ 14.286917, 50.114327 ], [ 14.28726, 50.114947 ], [ 14.285351, 50.115754 ], [ 14.287954, 50.116148 ], [ 14.288881, 50.116481 ], [ 14.291987, 50.11816 ], [ 14.29214, 50.118385 ], [ 14.292672, 50.118436 ], [ 14.294398, 50.119134 ], [ 14.297074, 50.12051 ], [ 14.297524, 50.121043 ], [ 14.295827, 50.122465 ], [ 14.295199, 50.124732 ], [ 14.294761, 50.124863 ], [ 14.298964, 50.126319 ], [ 14.29969, 50.12637 ], [ 14.299548, 50.126416 ], [ 14.300278, 50.126722 ], [ 14.30112, 50.127457 ], [ 14.300391, 50.127819 ], [ 14.300823, 50.128511 ], [ 14.300541, 50.128739 ], [ 14.300972, 50.12933 ], [ 14.301406, 50.129723 ], [ 14.302238, 50.129654 ], [ 14.302509, 50.130155 ] ] ] } },
{ "type": "Feature", "properties": { "id": "728071", "name": "Lhotka", "district_id": "500119", "population_est": 622 }, "geometry": { "type": "Polygon", "coordinates": [ [ [ 14.451716, 50.027239 ], [ 14.45173, 50.026276 ], [ 14.452229, 50.026359 ], [ 14.451343, 50.024174 ], [ 14.451408, 50.020848 ], [ 14.455258, 50.015574 ], [ 14.456561, 50.014446 ], [ 14.453257, 50.01334 ], [ 14.449431, 50.018012 ], [ 14.445579, 50.020777 ], [ 14.44051, 50.023083 ], [ 14.440278, 50.022811 ], [ 14.4399, 50.022884 ], [ 14.437979, 50.021089 ], [ 14.438216, 50.020951 ], [ 14.437671, 50.020305 ], [ 14.436117, 50.01867 ], [ 14.435371, 50.018148 ], [ 14.43443, 50.018681 ], [ 14.43406, 50.018447 ], [ 14.433529, 50.019007 ], [ 14.432382, 50.019072 ], [ 14.432395, 50.018875 ], [ 14.43163, 50.01898 ], [ 14.429489, 50.019581 ], [ 14.428768, 50.019455 ], [ 14.428544, 50.019726 ], [ 14.427954, 50.019545 ], [ 14.427193, 50.01959 ], [ 14.429348, 50.020974 ], [ 14.430847, 50.02317 ], [ 14.433512, 50.025509 ], [ 14.435387, 50.024621 ], [ 14.437176, 50.024143 ], [ 14.440198, 50.023047 ], [ 14.440825, 50.023666 ], [ 14.443505, 50.024612 ], [ 14.44486, 50.025729 ], [ 14.446068, 50.026081 ], [ 14.447029, 50.027009 ], [ 14.451364, 50.028172 ], [ 14.451716, 50.027239 ] ] ] } },
{ "type": "Feature", "properties": { "id": "728152", "name": "Podolí", "district_id": "500119", "population_est": 1226 }, "geometry": { "type": "Polygon", "coordinates": [ [ [ 14.418563, 50.06326 ], [ 14.420383, 50.062973 ], [ 14.420256, 50.062651 ], [ 14.421394, 50.062169 ], [ 14.421683, 50.062674 ], [ 14.421886, 50.062628 ], [ 14.422273, 50.062286 ], [ 14.422069, 50.062214 ], [ 14.422227, 50.061946 ], [ 14.422896, 50.062152 ], [ 14.423411, 50.061813 ], [ 14.423227, 50.061673 ], [ 14.424318, 50.061047 ], [ 14.424382, 50.060821 ], [ 14.423349, 50.061155 ], [ 14.422686, 50.060351 ], [ 14.425245, 50.059427 ], [ 14.427433, 50.058896 ], [ 14.428953, 50.057954 ], [ 14.428612, 50.057497 ], [ 14.430911, 50.056888 ], [ 14.429759, 50.055881 ], [ 14.429454, 50.055357 ], [ 14.429641, 50.05221 ], [ 14.428646, 50.050737 ], [ 14.428147, 50.049294 ], [ 14.429532, 50.048274 ], [ 14.429986, 50.048348 ], [ 14.430002, 50.048586 ], [ 14.432998, 50.048818 ], [ 14.434492, 50.048773 ], [ 14.434217, 50.047332 ], [ 14.434969, 50.04511 ], [ 14.434074, 50.045246 ], [ 14.433894, 50.044497 ], [ 14.433933, 50.044296 ], [ 14.434413, 50.044329 ], [ 14.434141, 50.043429 ], [ 14.434592, 50.04329 ], [ 14.434408, 50.042793 ], [ 14.434547, 50.041839 ], [ 14.434266, 50.041574 ], [ 14.433615, 50.041497 ], [ 14.432582, 50.041105 ], [ 14.432383, 50.040936 ], [ 14.4325, 50.040301 ], [ 14.431832, 50.040204 ], [ 14.431549, 50.04002 ], [ 14.431421, 50.04015 ], [ 14.430764, 50.040197 ], [ 14.430421, 50.04052 ], [ 14.428752, 50.042648 ], [ 14.428818, 50.042945 ], [ 14.428592, 50.042864 ], [ 14.428362, 50.043084 ], [ 14.428074, 50.042942 ], [ 14.427891, 50.043043 ], [ 14.427863, 50.043155 ], [ 14.428251, 50.043197 ], [ 14.428113, 50.043371 ], [ 14.426806, 50.043391 ], [ 14.423156, 50.044242 ], [ 14.421389, 50.045205 ], [ 14.419199, 50.045726 ], [ 14.418993, 50.045493 ], [ 14.418942, 50.044556 ], [ 14.419319, 50.043934 ], [ 14.418373, 50.044061 ], [ 14.417796, 50.044408 ], [ 14.413958, 50.045222 ], [ 14.412318, 50.04376 ], [ 14.410293, 50.044719 ], [ 14.412453, 50.050087 ], [ 14.415485, 50.055874 ], [ 14.416376, 50.058293 ], [ 14.416439, 50.059254 ], [ 14.415877, 50.06188 ], [ 14.417214, 50.062554 ], [ 14.417156, 50.062824 ], [ 14.418448, 50.062935 ], [ 14.418563, 50.06326 ] ] ] } },
{ "type": "Feature", "properties": { "id": "729248", "name": "Lahovice", "district_id": "539864", "population_est": 169 }, "geometry": { "type": "Polygon", "coordinates": [ [ [ 14.398433, 50.00897 ], [ 14.40186, 50.003437 ], [ 14.402463, 49.998615 ], [ 14.402835, 49.998559 ], [ 14.400689, 49.992828 ], [ 14.400459, 49.990332 ], [ 14.399934, 49.990079 ], [ 14.399975, 49.988279 ], [ 14.399643, 49.986498 ], [ 14.399285, 49.985634 ], [ 14.396818, 49.986062 ], [ 14.396288, 49.98633 ], [ 14.390583, 49.982525 ], [ 14.38639, 49.985024 ], [ 14.384124, 49.986093 ], [ 14.38235, 49.986495 ], [ 14.385344, 49.988942 ], [ 14.388342, 49.99186 ], [ 14.389877, 49.992555 ], [ 14.392536, 49.993004 ], [ 14.392778, 49.993299 ], [ 14.392856, 49.994075 ], [ 14.392661, 49.994017 ], [ 14.392565, 49.994242 ], [ 14.39454, 49.994949 ], [ 14.394132, 49.995705 ], [ 14.392295, 49.995456 ], [ 14.386426, 49.998876 ], [ 14.389641, 50.002282 ], [ 14.39127, 50.001902 ], [ 14.391255, 50.002283 ], [ 14.39646, 50.002313 ], [ 14.396186, 50.002782 ], [ 14.397895, 50.003488 ], [ 14.397143, 50.004109 ], [ 14.396761, 50.003949 ], [ 14.396034, 50.003929 ], [ 14.395697, 50.004221 ], [ 14.39574, 50.004636 ], [ 14.396195, 50.004833 ], [ 14.396034, 50.006117 ], [ 14.398701, 50.006224 ], [ 14.397027, 50.008098 ], [ 14.397206, 50.008103 ], [ 14.396882, 50.008636 ], [ 14.398433, 50.00897 ] ] ] } },
{ "type": "Feature", "properties": { "id": "730122", "name": "Holešovice", "district_id": "500186", "population_est": 1763 }, "geometry": { "type": "Polygon", "coordinates": [ [ [ 14.445565, 50.1135 ], [ 14.45318, 50.112955 ], [ 14.454366, 50.11255 ], [ 14.456332, 50.111643 ], [ 14.457898, 50.110547 ], [ 14.459055, 50.109401 ], [ 14.460221, 50.10767 ], [ 14.460597, 50.106217 ], [ 14.460582, 50.104803 ], [ 14.459955, 50.103207 ], [ 14.458933, 50.101824 ], [ 14.457561, 50.100746 ], [ 14.455316, 50.099556 ], [ 14.450691, 50.098026 ], [ 14.448891, 50.096826 ], [ 14.4468, 50.096231 ], [ 14.444594, 50.095356 ], [ 14.441594, 50.094775 ], [ 14.435628, 50.094289 ], [ 14.433969, 50.094348 ], [ 14.431949, 50.094098 ], [ 14.429344, 50.094577 ], [ 14.422468, 50.094073 ], [ 14.418713, 50.093533 ], [ 14.416868, 50.093056 ], [ 14.414963, 50.092073 ], [ 14.414048, 50.09262 ], [ 14.413582, 50.093243 ], [ 14.411502, 50.092294 ], [ 14.412213, 50.093294 ], [ 14.41137, 50.093877 ], [ 14.410979, 50.093791 ], [ 14.410621, 50.094489 ], [ 14.411013, 50.094568 ], [ 14.411179, 50.095499 ], [ 14.409708, 50.095489 ], [ 14.409488, 50.095204 ], [ 14.409144, 50.095231 ], [ 14.407653, 50.097733 ], [ 14.420668, 50.0997 ], [ 14.422517, 50.100031 ], [ 14.424055, 50.100609 ], [ 14.426925, 50.101086 ], [ 14.426052, 50.103107 ], [ 14.429864, 50.103534 ], [ 14.430949, 50.103833 ], [ 14.435855, 50.106949 ], [ 14.435047, 50.107803 ], [ 14.433109, 50.108692 ], [ 14.431429, 50.109278 ], [ 14.428747, 50.109915 ], [ 14.42845, 50.110443 ], [ 14.428106, 50.110516 ], [ 14.428223, 50.111105 ], [ 14.430416, 50.111082 ], [ 14.430585, 50.111738 ], [ 14.433068, 50.111886 ], [ 14.44117, 50.113193 ], [ 14.445565, 50.1135 ] ] ] } },
{ "type": "Feature", "properties": { "id": "755541", "name": "Stodůlky", "district_id": "539694", "population_est": 3185 }, "geometry": { "type": "Polygon", "coordinates": [ [ [ 14.322749, 50.065264 ], [ 14.325097, 50.062796 ], [ 14.327384, 50.063177 ], [ 14.328163, 50.062812 ], [ 14.328463, 50.062479 ], [ 14.331053, 50.062144 ], [ 14.33567, 50.060229 ], [ 14.337066, 50.060121 ], [ 14.337637, 50.059819 ], [ 14.338389, 50.060141 ], [ 14.33947, 50.058854 ], [ 14.339794, 50.058148 ], [ 14.339682, 50.056905 ], [ 14.339371, 50.056237 ], [ 14.342968, 50.056382 ], [ 14.344526, 50.05622 ], [ 14.34459, 50.055923 ], [ 14.345871, 50.055695 ], [ 14.345991, 50.055912 ], [ 14.346266, 50.055832 ], [ 14.349167, 50.054865 ], [ 14.349807, 50.054314 ], [ 14.351626, 50.053623 ], [ 14.355225, 50.051577 ], [ 14.35492, 50.050696 ], [ 14.354414, 50.050169 ], [ 14.351083, 50.0475 ], [ 14.349861, 50.046817 ], [ 14.347966, 50.046311 ], [ 14.342697, 50.045957 ], [ 14.340941, 50.045622 ], [ 14.34157, 50.045369 ], [ 14.343337, 50.045192 ], [ 14.342866, 50.045011 ], [ 14.342804, 50.043061 ], [ 14.34342, 50.043122 ], [ 14.343511, 50.04241 ], [ 14.347844, 50.042417 ], [ 14.347974, 50.042034 ], [ 14.349079, 50.042148 ], [ 14.349189, 50.040866 ], [ 14.347346, 50.039867 ], [ 14.344645, 50.038886 ], [ 14.346283, 50.03861 ], [ 14.346675, 50.038152 ], [ 14.347603, 50.035502 ], [ 14.346353, 50.034196 ], [ 14.346778, 50.033744 ], [ 14.345573, 50.033224 ], [ 14.344279, 50.032274 ], [ 14.342756, 50.031851 ], [ 14.342401, 50.032559 ], [ 14.341604, 50.032215 ], [ 14.340548, 50.032161 ], [ 14.338505, 50.032797 ], [ 14.33795, 50.032698 ], [ 14.338454, 50.03236 ], [ 14.33851, 50.031853 ], [ 14.337208, 50.031644 ], [ 14.335902, 50.031805 ], [ 14.335706, 50.031712 ], [ 14.335183, 50.032146 ], [ 14.335966, 50.032526 ], [ 14.334921, 50.034352 ], [ 14.334861, 50.034151 ], [ 14.331589, 50.033174 ], [ 14.330995, 50.032787 ], [ 14.330665, 50.033565 ], [ 14.327735, 50.034984 ], [ 14.325822, 50.038405 ], [ 14.323814, 50.039913 ], [ 14.320691, 50.040185 ], [ 14.319219, 50.039963 ], [ 14.318265, 50.039983 ], [ 14.317907, 50.039592 ], [ 14.309041, 50.036794 ], [ 14.308681, 50.03744 ], [ 14.30799, 50.037785 ], [ 14.307909, 50.037979 ], [ 14.306716, 50.038013 ], [ 14.305905, 50.038405 ], [ 14.304206, 50.038359 ], [ 14.303492, 50.038573 ], [ 14.301454, 50.038815 ], [ 14.296979, 50.039831 ], [ 14.295454, 50.040258 ], [ 14.294779, 50.040606 ], [ 14.295632, 50.043352 ], [ 14.297699, 50.043052 ], [ 14.299305, 50.04311 ], [ 14.300362, 50.043404 ], [ 14.30135, 50.044098 ], [ 14.301158, 50.045144 ], [ 14.301237, 50.046414 ], [ 14.301446, 50.046529 ], [ 14.30108, 50.049335 ], [ 14.300714, 50.049333 ], [ 14.299494, 50.051436 ], [ 14.298638, 50.051386 ], [ 14.298208, 50.052852 ], [ 14.29815, 50.053911 ], [ 14.297903, 50.054416 ], [ 14.29722, 50.055063 ], [ 14.304768, 50.057382 ], [ 14.304509, 50.060931 ], [ 14.30977, 50.061831 ], [ 14.314193, 50.062886 ], [ 14.315266, 50.063251 ], [ 14.317463, 50.06436 ], [ 14.318756, 50.064764 ], [ 14.322749, 50.065264 ] ] ] } },
{ "type": "Feature", "properties": { "id": "668508", "name": "Koloděje", "district_id": "538353", "population_est": 568 }, "geometry": { "type": "Polygon", "coordinates": [ [ [ 14.622751, 50.074854 ], [ 14.624394, 50.074155 ], [ 14.625314, 50.074659 ], [ 14.62619, 50.073641 ], [ 14.625863, 50.07349 ], [ 14.626428, 50.072824 ], [ 14.625631, 50.072532 ], [ 14.625959, 50.072425 ], [ 14.62648, 50.071803 ], [ 14.629138, 50.072704 ], [ 14.631525, 50.070473 ], [ 14.636563, 50.072256 ], [ 14.636626, 50.072723 ], [ 14.638202, 50.072577 ], [ 14.639225, 50.072311 ], [ 14.639407, 50.072553 ], [ 14.640573, 50.072084 ], [ 14.641663, 50.071923 ], [ 14.645838, 50.070249 ], [ 14.65022, 50.070198 ], [ 14.652776, 50.068504 ], [ 14.65468, 50.067622 ], [ 14.655498, 50.066754 ], [ 14.656025, 50.066565 ], [ 14.657555, 50.065332 ], [ 14.658594, 50.064194 ], [ 14.660691, 50.062813 ], [ 14.657867, 50.062192 ], [ 14.658091, 50.061997 ], [ 14.658505, 50.062027 ], [ 14.658485, 50.061761 ], [ 14.659014, 50.061811 ], [ 14.65886, 50.061497 ], [ 14.658385, 50.061533 ], [ 14.658172, 50.061136 ], [ 14.657944, 50.061347 ], [ 14.654594, 50.06143 ], [ 14.651521, 50.062024 ], [ 14.652205, 50.059608 ], [ 14.644907, 50.060127 ], [ 14.645897, 50.058806 ], [ 14.644083, 50.05833 ], [ 14.643118, 50.057626 ], [ 14.640262, 50.056965 ], [ 14.639653, 50.057467 ], [ 14.638621, 50.057365 ], [ 14.638752, 50.05709 ], [ 14.637898, 50.057168 ], [ 14.63767, 50.056184 ], [ 14.632953, 50.055 ], [ 14.631312, 50.05359 ], [ 14.628022, 50.055032 ], [ 14.625461, 50.055633 ], [ 14.625135, 50.057363 ], [ 14.625404, 50.057843 ], [ 14.624591, 50.059182 ], [ 14.62646, 50.059406 ], [ 14.627317, 50.060644 ], [ 14.623441, 50.060988 ], [ 14.624442, 50.062761 ], [ 14.622105, 50.062887 ], [ 14.622582, 50.0644 ], [ 14.622371, 50.064438 ], [ 14.622273, 50.064703 ], [ 14.620146, 50.064955 ], [ 14.619146, 50.064834 ], [ 14.618008, 50.066281 ], [ 14.618007, 50.067178 ], [ 14.617493, 50.068433 ], [ 14.624428, 50.070492 ], [ 14.6234, 50.071621 ], [ 14.623092, 50.072294 ], [ 14.623943, 50.07265 ], [ 14.622969, 50.073995 ], [ 14.62197, 50.0745 ], [ 14.622751, 50.074854 ] ] ] } },
{ "type": "Feature", "properties": { "id": "686425", "name": "Lochkov", "district_id": "539465", "population_est": 316 }, "geometry": { "type": "Polygon", "coordinates": [ [ [ 14.356982, 50.009091 ], [ 14.356602, 50.006407 ], [ 14.360174, 50.006291 ], [ 14.369054, 50.00756 ], [ 14.369223, 50.005974 ], [ 14.368178, 50.005618 ], [ 14.368572, 50.004628 ], [ 14.369891, 50.00468 ], [ 14.371747, 50.002892 ], [ 14.366035, 49.997143 ], [ 14.363521, 49.996597 ], [ 14.360525, 49.994861 ], [ 14.358736, 49.994845 ], [ 14.357113, 49.994386 ], [ 14.355875, 49.99376 ], [ 14.353833, 49.993325 ], [ 14.353466, 49.993138 ], [ 14.353291, 49.992565 ], [ 14.351053, 49.992521 ], [ 14.349605, 49.992773 ], [ 14.348888, 49.993054 ], [ 14.348942, 49.99369 ], [ 14.348441, 49.993832 ], [ 14.348449, 49.994038 ], [ 14.347809, 49.994083 ], [ 14.347384, 49.994498 ], [ 14.347953, 49.99486 ], [ 14.347775, 49.99503 ], [ 14.348301, 49.995485 ], [ 14.348961, 49.995738 ], [ 14.34974, 49.997697 ], [ 14.34997, 49.997765 ], [ 14.349974, 49.998278 ], [ 14.348554, 49.99804 ], [ 14.347753, 49.99769 ], [ 14.347486, 49.99786 ], [ 14.34696, 49.997836 ], [ 14.347279, 49.998225 ], [ 14.346602, 49.998627 ], [ 14.344527, 49.99834 ], [ 14.342783, 49.998649 ], [ 14.341851, 49.998497 ], [ 14.341266, 49.998235 ], [ 14.340665, 49.999039 ], [ 14.341591, 50.00039 ], [ 14.340253, 50.001575 ], [ 14.339435, 50.001691 ], [ 14.338119, 50.002292 ], [ 14.338004, 50.002836 ], [ 14.338347, 50.004668 ], [ 14.338868, 50.005416 ], [ 14.340845, 50.006789 ], [ 14.342824, 50.007857 ], [ 14.343922, 50.007084 ], [ 14.356351, 50.009095 ], [ 14.356982, 50.009091 ] ] ] } },
{ "type": "Feature", "properties": { "id": "702323", "name": "Nedvězí", "district_id": "538531", "population_est": 140 }, "geometry": { "type": "Polygon", "coordinates": [ [ [ 14.645879, 50.02869 ], [ 14.646707, 50.027294 ], [ 14.648337, 50.027676 ], [ 14.649116, 50.027292 ], [ 14.650488, 50.026994 ], [ 14.651197, 50.026576 ], [ 14.651241, 50.026319 ], [ 14.655457, 50.026271 ], [ 14.655598, 50.025943 ], [ 14.657928, 50.026032 ], [ 14.658097, 50.025479 ], [ 14.659622, 50.025757 ], [ 14.661416, 50.025829 ], [ 14.668102, 50.019019 ], [ 14.669605, 50.018911 ], [ 14.669085, 50.01731 ], [ 14.668616, 50.013505 ], [ 14.667343, 50.013642 ], [ 14.667145, 50.013273 ], [ 14.666791, 50.013283 ], [ 14.666078, 50.01289 ], [ 14.665371, 50.013481 ], [ 14.664263, 50.013678 ], [ 14.66326, 50.013659 ], [ 14.663105, 50.013231 ], [ 14.662771, 50.013243 ], [ 14.662604, 50.013018 ], [ 14.661652, 50.012854 ], [ 14.661344, 50.01247 ], [ 14.662266, 50.012124 ], [ 14.662851, 50.011711 ], [ 14.662945, 50.011282 ], [ 14.662736, 50.010937 ], [ 14.662931, 50.01058 ], [ 14.661686, 50.009371 ], [ 14.662029, 50.008641 ], [ 14.662683, 50.008473 ], [ 14.661878, 50.007371 ], [ 14.660588, 50.006678 ], [ 14.657852, 50.00442 ], [ 14.649872, 50.008864 ], [ 14.648842, 50.007878 ], [ 14.647119, 50.008756 ], [ 14.645134, 50.010038 ], [ 14.643168, 50.010772 ], [ 14.64428, 50.012836 ], [ 14.643151, 50.012956 ], [ 14.643162, 50.014296 ], [ 14.63915, 50.014355 ], [ 14.638484, 50.015771 ], [ 14.638912, 50.015829 ], [ 14.638321, 50.018337 ], [ 14.639586, 50.018406 ], [ 14.639552, 50.019984 ], [ 14.639511, 50.020157 ], [ 14.639137, 50.02013 ], [ 14.638937, 50.020886 ], [ 14.638004, 50.020762 ], [ 14.637963, 50.021919 ], [ 14.638169, 50.022528 ], [ 14.641382, 50.02302 ], [ 14.640929, 50.023826 ], [ 14.638266, 50.023544 ], [ 14.637219, 50.024509 ], [ 14.636641, 50.02607 ], [ 14.640761, 50.026975 ], [ 14.640906, 50.026519 ], [ 14.643389, 50.026781 ], [ 14.642916, 50.027666 ], [ 14.644092, 50.027926 ], [ 14.645879, 50.02869 ] ] ] } },
{ "type": "Feature", "properties": { "id": "720984", "name": "Písnice", "district_id": "547051", "population_est": 702 }, "geometry": { "type": "Polygon", "coordinates": [ [ [ 14.465336, 50.003132 ], [ 14.466773, 50.003373 ], [ 14.474001, 50.003905 ], [ 14.473931, 50.00429 ], [ 14.475902, 50.00444 ], [ 14.476349, 50.001912 ], [ 14.47357, 50.001705 ], [ 14.475402, 49.999438 ], [ 14.475905, 49.998423 ], [ 14.476417, 49.998044 ], [ 14.47662, 49.996992 ], [ 14.478223, 49.995392 ], [ 14.481459, 49.995418 ], [ 14.482215, 49.99505 ], [ 14.482377, 49.994788 ], [ 14.483151, 49.994883 ], [ 14.48425, 49.992858 ], [ 14.483889, 49.992744 ], [ 14.484202, 49.99174 ], [ 14.484584, 49.991815 ], [ 14.484955, 49.990781 ], [ 14.484912, 49.990139 ], [ 14.484302, 49.989466 ], [ 14.48465, 49.98749 ], [ 14.487104, 49.987659 ], [ 14.486796, 49.986463 ], [ 14.487052, 49.985761 ], [ 14.482834, 49.985329 ], [ 14.480821, 49.985265 ], [ 14.477715, 49.984547 ], [ 14.476286, 49.984029 ], [ 14.476014, 49.984184 ], [ 14.47457, 49.983286 ], [ 14.474062, 49.983848 ], [ 14.47377, 49.983827 ], [ 14.474059, 49.980478 ], [ 14.469517, 49.979954 ], [ 14.469542, 49.980184 ], [ 14.46637, 49.981111 ], [ 14.466118, 49.98232 ], [ 14.466738, 49.984514 ], [ 14.467139, 49.984963 ], [ 14.461696, 49.985149 ], [ 14.461628, 49.98553 ], [ 14.461834, 49.985693 ], [ 14.463981, 49.985682 ], [ 14.463804, 49.986866 ], [ 14.466436, 49.98687 ], [ 14.465951, 49.987976 ], [ 14.465685, 49.988255 ], [ 14.463178, 49.988278 ], [ 14.46297, 49.988414 ], [ 14.462784, 49.988682 ], [ 14.463425, 49.988919 ], [ 14.462582, 49.99021 ], [ 14.464012, 49.990298 ], [ 14.463654, 49.990855 ], [ 14.461267, 49.990112 ], [ 14.460521, 49.991198 ], [ 14.460663, 49.991285 ], [ 14.460287, 49.991986 ], [ 14.457179, 49.991305 ], [ 14.454285, 49.99362 ], [ 14.454565, 49.994048 ], [ 14.455451, 49.994337 ], [ 14.456451, 49.995039 ], [ 14.457098, 49.995223 ], [ 14.456903, 49.996259 ], [ 14.457396, 49.996826 ], [ 14.457324, 49.997051 ], [ 14.458318, 49.997535 ], [ 14.456853, 49.998209 ], [ 14.455835, 49.998355 ], [ 14.455912, 49.998585 ], [ 14.455259, 49.99866 ], [ 14.455322, 49.999029 ], [ 14.455564, 49.999008 ], [ 14.45552, 49.999124 ], [ 14.456014, 49.999401 ], [ 14.45508, 49.999588 ], [ 14.454543, 49.999475 ], [ 14.453029, 49.999692 ], [ 14.452459, 50.000196 ], [ 14.451977, 50.00038 ], [ 14.451687, 50.000272 ], [ 14.451309, 50.000614 ], [ 14.451388, 50.001517 ], [ 14.453057, 50.0023 ], [ 14.453075, 50.002628 ], [ 14.453965, 50.002634 ], [ 14.454729, 50.002857 ], [ 14.455799, 50.002383 ], [ 14.45718, 50.002538 ], [ 14.457971, 50.002339 ], [ 14.45965, 50.002657 ], [ 14.459772, 50.00296 ], [ 14.460366, 50.003303 ], [ 14.46009, 50.003666 ], [ 14.464683, 50.004223 ], [ 14.465336, 50.003132 ] ] ] } },
{ "type": "Feature", "properties": { "id": "727008", "name": "Josefov", "district_id": "500054", "population_est": 108 }, "geometry": { "type": "Polygon", "coordinates": [ [ [ 14.418214, 50.09168 ], [ 14.41875, 50.090911 ], [ 14.420454, 50.091142 ], [ 14.420556, 50.090683 ], [ 14.421114, 50.090734 ], [ 14.421354, 50.09027 ], [ 14.420912, 50.090102 ], [ 14.420669, 50.090304 ], [ 14.419987, 50.09025 ], [ 14.420256, 50.089792 ], [ 14.419458, 50.089511 ], [ 14.419878, 50.088821 ], [ 14.418766, 50.088484 ], [ 14.419108, 50.087929 ], [ 14.415626, 50.088741 ], [ 14.416393, 50.090421 ], [ 14.417074, 50.091103 ], [ 14.418214, 50.09168 ] ] ] } },
{ "type": "Feature", "properties": { "id": "728161", "name": "Nusle", "district_id": "500119", "population_est": 1853 }, "geometry": { "type": "Polygon", "coordinates": [ [ [ 14.431827, 50.066568 ], [ 14.434502, 50.065489 ], [ 14.435515, 50.066101 ], [ 14.435359, 50.066157 ], [ 14.436012, 50.066156 ], [ 14.436038, 50.066549 ], [ 14.436892, 50.066828 ], [ 14.437361, 50.066896 ], [ 14.43737, 50.066745 ], [ 14.438042, 50.066713 ], [ 14.438078, 50.066976 ], [ 14.438591, 50.066991 ], [ 14.438904, 50.066654 ], [ 14.440524, 50.066619 ], [ 14.442782, 50.065835 ], [ 14.445413, 50.064738 ], [ 14.445645, 50.064449 ], [ 14.448395, 50.063389 ], [ 14.452941, 50.062048 ], [ 14.453023, 50.061649 ], [ 14.451965, 50.060981 ], [ 14.450238, 50.060312 ], [ 14.449786, 50.059971 ], [ 14.449885, 50.059676 ], [ 14.447813, 50.05938 ], [ 14.446568, 50.058838 ], [ 14.447616, 50.058311 ], [ 14.447569, 50.058119 ], [ 14.44783, 50.057993 ], [ 14.447563, 50.056581 ], [ 14.44849, 50.05512 ], [ 14.447774, 50.055022 ], [ 14.44714, 50.053758 ], [ 14.449271, 50.053121 ], [ 14.448195, 50.052378 ], [ 14.447697, 50.052777 ], [ 14.447481, 50.052304 ], [ 14.447, 50.051916 ], [ 14.444828, 50.051006 ], [ 14.444538, 50.051097 ], [ 14.443248, 50.050478 ], [ 14.442092, 50.049594 ], [ 14.441938, 50.049564 ], [ 14.441498, 50.050058 ], [ 14.434573, 50.049075 ], [ 14.434469, 50.048781 ], [ 14.432998, 50.048818 ], [ 14.430002, 50.048586 ], [ 14.429986, 50.048348 ], [ 14.429532, 50.048274 ], [ 14.428147, 50.049294 ], [ 14.428646, 50.050737 ], [ 14.429641, 50.05221 ], [ 14.429454, 50.055357 ], [ 14.429759, 50.055881 ], [ 14.430911, 50.056888 ], [ 14.428612, 50.057497 ], [ 14.428953, 50.057954 ], [ 14.427433, 50.058896 ], [ 14.425245, 50.059427 ], [ 14.422686, 50.060351 ], [ 14.423349, 50.061155 ], [ 14.424382, 50.060821 ], [ 14.42437, 50.061798 ], [ 14.425349, 50.062092 ], [ 14.424417, 50.062486 ], [ 14.423907, 50.062265 ], [ 14.423361, 50.062701 ], [ 14.423361, 50.063098 ], [ 14.422887, 50.063519 ], [ 14.42327, 50.063673 ], [ 14.422499, 50.064135 ], [ 14.422219, 50.064054 ], [ 14.421732, 50.064783 ], [ 14.422023, 50.064859 ], [ 14.421869, 50.065486 ], [ 14.422151, 50.06532 ], [ 14.425427, 50.066658 ], [ 14.430639, 50.066767 ], [ 14.431827, 50.066568 ] ] ] } },
{ "type": "Feature", "properties": { "id": "728225", "name": "Chodov", "district_id": "547034", "population_est": 2370 }, "geometry": { "type": "Polygon", "coordinates": [ [ [ 14.488344, 50.04463 ], [ 14.488845, 50.044767 ], [ 14.489031, 50.044578 ], [ 14.48885, 50.044535 ], [ 14.488902, 50.043703 ], [ 14.488634, 50.043013 ], [ 14.490057, 50.042056 ], [ 14.490427, 50.042767 ], [ 14.492475, 50.043438 ], [ 14.493296, 50.043946 ], [ 14.493695, 50.04391 ], [ 14.493743, 50.043644 ], [ 14.494328, 50.043804 ], [ 14.495154, 50.04458 ], [ 14.495396, 50.044602 ], [ 14.495591, 50.044155 ], [ 14.497774, 50.044737 ], [ 14.497942, 50.044003 ], [ 14.512431, 50.045645 ], [ 14.512479, 50.044179 ], [ 14.513576, 50.042461 ], [ 14.512116, 50.041572 ], [ 14.510725, 50.039841 ], [ 14.512469, 50.037798 ], [ 14.51314, 50.038141 ], [ 14.51555, 50.03515 ], [ 14.518364, 50.035646 ], [ 14.52059, 50.035582 ], [ 14.522761, 50.032395 ], [ 14.525477, 50.029396 ], [ 14.525238, 50.029042 ], [ 14.526218, 50.028433 ], [ 14.528034, 50.026448 ], [ 14.523801, 50.023452 ], [ 14.516764, 50.020989 ], [ 14.513989, 50.020308 ], [ 14.511153, 50.021251 ], [ 14.509698, 50.021107 ], [ 14.507492, 50.020389 ], [ 14.505556, 50.019964 ], [ 14.50404, 50.019818 ], [ 14.502509, 50.019868 ], [ 14.500885, 50.020108 ], [ 14.496979, 50.021105 ], [ 14.491564, 50.021753 ], [ 14.489872, 50.022233 ], [ 14.488719, 50.023011 ], [ 14.488191, 50.023933 ], [ 14.487761, 50.027234 ], [ 14.487766, 50.029023 ], [ 14.483139, 50.028748 ], [ 14.481178, 50.029075 ], [ 14.479751, 50.029577 ], [ 14.477872, 50.029675 ], [ 14.477303, 50.02983 ], [ 14.476596, 50.030345 ], [ 14.473017, 50.031324 ], [ 14.471222, 50.032403 ], [ 14.469795, 50.034131 ], [ 14.469136, 50.036804 ], [ 14.4694, 50.037231 ], [ 14.469291, 50.038128 ], [ 14.469589, 50.039035 ], [ 14.471804, 50.039686 ], [ 14.4727, 50.03979 ], [ 14.472773, 50.040059 ], [ 14.474917, 50.039957 ], [ 14.476773, 50.040053 ], [ 14.48679, 50.041299 ], [ 14.488068, 50.042147 ], [ 14.487991, 50.042726 ], [ 14.488152, 50.042793 ], [ 14.487754, 50.043412 ], [ 14.486389, 50.044605 ], [ 14.488344, 50.04463 ] ] ] } },
{ "type": "Feature", "properties": { "id": "727024", "name": "Staré Město", "district_id": "500054", "population_est": 1371 }, "geometry": { "type": "Polygon", "coordinates": [ [ [ 14.426842, 50.094368 ], [ 14.428445, 50.089113 ], [ 14.428539, 50.087682 ], [ 14.428083, 50.087131 ], [ 14.423189, 50.08405 ], [ 14.421803, 50.083007 ], [ 14.416446, 50.0817 ], [ 14.415079, 50.081485 ], [ 14.411807, 50.081311 ], [ 14.411416, 50.079271 ], [ 14.410962, 50.078751 ], [ 14.409894, 50.079142 ], [ 14.409204, 50.080843 ], [ 14.409049, 50.082209 ], [ 14.410671, 50.085624 ], [ 14.411611, 50.086759 ], [ 14.413706, 50.090822 ], [ 14.414963, 50.092073 ], [ 14.416868, 50.093056 ], [ 14.418713, 50.093533 ], [ 14.422468, 50.094073 ], [ 14.426842, 50.094368 ] ], [ [ 14.415626, 50.088741 ], [ 14.419108, 50.087929 ], [ 14.418766, 50.088484 ], [ 14.419878, 50.088821 ], [ 14.419458, 50.089511 ], [ 14.420256, 50.089792 ], [ 14.419987, 50.09025 ], [ 14.420669, 50.090304 ], [ 14.420912, 50.090102 ], [ 14.421354, 50.09027 ], [ 14.421114, 50.090734 ], [ 14.420556, 50.090683 ], [ 14.420454, 50.091142 ], [ 14.41875, 50.090911 ], [ 14.418214, 50.09168 ], [ 14.418076, 50.091626 ], [ 14.417074, 50.091103 ], [ 14.416393, 50.090421 ], [ 14.415956, 50.089524 ], [ 14.415626, 50.088741 ] ] ] } },
{ "type": "Feature", "properties": { "id": "727091", "name": "Malá Strana", "district_id": "500054", "population_est": 789 }, "geometry": { "type": "Polygon", "coordinates": [ [ [ 14.409545, 50.093045 ], [ 14.409279, 50.092678 ], [ 14.411502, 50.092294 ], [ 14.413582, 50.093243 ], [ 14.414048, 50.09262 ], [ 14.414963, 50.092073 ], [ 14.413706, 50.090822 ], [ 14.411611, 50.086759 ], [ 14.410671, 50.085624 ], [ 14.409049, 50.082209 ], [ 14.409204, 50.080843 ], [ 14.40819, 50.080722 ], [ 14.408249, 50.079678 ], [ 14.40368, 50.079449 ], [ 14.403645, 50.079893 ], [ 14.403111, 50.080343 ], [ 14.403239, 50.080829 ], [ 14.401985, 50.080824 ], [ 14.401966, 50.080667 ], [ 14.401663, 50.080667 ], [ 14.40165, 50.080819 ], [ 14.400527, 50.080715 ], [ 14.399739, 50.080805 ], [ 14.397866, 50.081474 ], [ 14.396521, 50.083056 ], [ 14.393489, 50.083258 ], [ 14.393595, 50.08359 ], [ 14.394006, 50.083753 ], [ 14.39416, 50.084208 ], [ 14.39324, 50.08446 ], [ 14.393302, 50.085174 ], [ 14.393088, 50.085674 ], [ 14.393575, 50.085886 ], [ 14.392836, 50.087457 ], [ 14.395444, 50.087733 ], [ 14.395245, 50.088369 ], [ 14.396782, 50.088572 ], [ 14.396888, 50.088763 ], [ 14.398479, 50.089106 ], [ 14.399088, 50.08953 ], [ 14.400502, 50.089307 ], [ 14.4005, 50.08955 ], [ 14.401618, 50.089875 ], [ 14.40196, 50.08982 ], [ 14.402157, 50.090018 ], [ 14.403326, 50.090404 ], [ 14.404035, 50.090801 ], [ 14.403956, 50.090881 ], [ 14.40619, 50.091685 ], [ 14.406007, 50.092003 ], [ 14.406285, 50.092434 ], [ 14.40683, 50.092569 ], [ 14.406774, 50.092836 ], [ 14.406233, 50.092978 ], [ 14.406321, 50.093132 ], [ 14.409252, 50.093594 ], [ 14.40952, 50.093405 ], [ 14.40936, 50.093207 ], [ 14.409545, 50.093045 ] ] ] } },
{ "type": "Feature", "properties": { "id": "727121", "name": "Hradčany", "district_id": "500054", "population_est": 366 }, "geometry": { "type": "Polygon", "coordinates": [ [ [ 14.407653, 50.097733 ], [ 14.409144, 50.095231 ], [ 14.409488, 50.095204 ], [ 14.409708, 50.095489 ], [ 14.411179, 50.095499 ], [ 14.411013, 50.094568 ], [ 14.410621, 50.094489 ], [ 14.410979, 50.093791 ], [ 14.41137, 50.093877 ], [ 14.412213, 50.093294 ], [ 14.411502, 50.092294 ], [ 14.409279, 50.092678 ], [ 14.40929, 50.092879 ], [ 14.409551, 50.092972 ], [ 14.40936, 50.093207 ], [ 14.40952, 50.093405 ], [ 14.409252, 50.093594 ], [ 14.406321, 50.093132 ], [ 14.406233, 50.092978 ], [ 14.406774, 50.092836 ], [ 14.40683, 50.092569 ], [ 14.406285, 50.092434 ], [ 14.406007, 50.092003 ], [ 14.40619, 50.091685 ], [ 14.403956, 50.090881 ], [ 14.404035, 50.090801 ], [ 14.403326, 50.090404 ], [ 14.402157, 50.090018 ], [ 14.40196, 50.08982 ], [ 14.401618, 50.089875 ], [ 14.4005, 50.08955 ], [ 14.400502, 50.089307 ], [ 14.399088, 50.08953 ], [ 14.398479, 50.089106 ], [ 14.396888, 50.088763 ], [ 14.396782, 50.088572 ], [ 14.395245, 50.088369 ], [ 14.395444, 50.087733 ], [ 14.392836, 50.087457 ], [ 14.393575, 50.085886 ], [ 14.393088, 50.085674 ], [ 14.393302, 50.085174 ], [ 14.39324, 50.08446 ], [ 14.39416, 50.084208 ], [ 14.394006, 50.083753 ], [ 14.393595, 50.08359 ], [ 14.393489, 50.083258 ], [ 14.396521, 50.083056 ], [ 14.397797, 50.081526 ], [ 14.399744, 50.080821 ], [ 14.399737, 50.080636 ], [ 14.398912, 50.080728 ], [ 14.398805, 50.080328 ], [ 14.397651, 50.080002 ], [ 14.397135, 50.080722 ], [ 14.397413, 50.081096 ], [ 14.395818, 50.08156 ], [ 14.395562, 50.081189 ], [ 14.394403, 50.080899 ], [ 14.393981, 50.08164 ], [ 14.394207, 50.082016 ], [ 14.392586, 50.082428 ], [ 14.392357, 50.082058 ], [ 14.391123, 50.081844 ], [ 14.390788, 50.082637 ], [ 14.391095, 50.082982 ], [ 14.389605, 50.083486 ], [ 14.38932, 50.083126 ], [ 14.388095, 50.083051 ], [ 14.387935, 50.083874 ], [ 14.388433, 50.084108 ], [ 14.387313, 50.085074 ], [ 14.38682, 50.084826 ], [ 14.384913, 50.085389 ], [ 14.38562, 50.086441 ], [ 14.384488, 50.086213 ], [ 14.384763, 50.088139 ], [ 14.385856, 50.088848 ], [ 14.386244, 50.08942 ], [ 14.386106, 50.089915 ], [ 14.385336, 50.090942 ], [ 14.38809, 50.093284 ], [ 14.390436, 50.094311 ], [ 14.397762, 50.095184 ], [ 14.404953, 50.097369 ], [ 14.407653, 50.097733 ] ] ] } },
{ "type": "Feature", "properties": { "id": "727164", "name": "Vinohrady", "district_id": "500089", "population_est": 3311 }, "geometry": { "type": "Polygon", "coordinates": [ [ [ 14.447452, 50.080046 ], [ 14.448259, 50.079076 ], [ 14.451027, 50.079971 ], [ 14.454204, 50.081323 ], [ 14.455137, 50.079111 ], [ 14.456448, 50.079285 ], [ 14.457104, 50.077684 ], [ 14.47323, 50.078516 ], [ 14.485962, 50.077169 ], [ 14.486493, 50.075161 ], [ 14.48556, 50.075058 ], [ 14.486596, 50.072719 ], [ 14.484067, 50.072413 ], [ 14.477452, 50.073986 ], [ 14.46679, 50.073354 ], [ 14.453135, 50.072224 ], [ 14.446916, 50.07203 ], [ 14.446937, 50.071766 ], [ 14.443734, 50.07153 ], [ 14.445378, 50.070704 ], [ 14.448025, 50.069772 ], [ 14.448569, 50.069034 ], [ 14.448627, 50.068127 ], [ 14.447322, 50.068195 ], [ 14.445489, 50.06801 ], [ 14.44304, 50.06712 ], [ 14.443176, 50.067093 ], [ 14.441551, 50.066783 ], [ 14.441225, 50.066519 ], [ 14.440227, 50.066668 ], [ 14.438904, 50.066654 ], [ 14.438591, 50.066991 ], [ 14.438078, 50.066976 ], [ 14.438042, 50.066713 ], [ 14.43737, 50.066745 ], [ 14.437361, 50.066896 ], [ 14.436892, 50.066828 ], [ 14.436038, 50.066549 ], [ 14.436012, 50.066156 ], [ 14.435359, 50.066157 ], [ 14.435515, 50.066101 ], [ 14.434502, 50.065489 ], [ 14.431827, 50.066568 ], [ 14.430647, 50.066767 ], [ 14.425575, 50.066679 ], [ 14.424772, 50.066465 ], [ 14.423588, 50.065806 ], [ 14.423391, 50.065898 ], [ 14.42518, 50.067284 ], [ 14.425818, 50.067562 ], [ 14.425882, 50.067469 ], [ 14.426699, 50.067606 ], [ 14.427416, 50.067872 ], [ 14.427346, 50.068112 ], [ 14.42894, 50.068441 ], [ 14.429039, 50.068199 ], [ 14.431157, 50.0682 ], [ 14.430847, 50.070808 ], [ 14.432121, 50.070804 ], [ 14.432314, 50.072131 ], [ 14.431603, 50.073968 ], [ 14.430453, 50.073793 ], [ 14.430264, 50.075231 ], [ 14.430591, 50.07769 ], [ 14.431622, 50.077754 ], [ 14.431512, 50.078346 ], [ 14.432246, 50.079452 ], [ 14.431066, 50.079742 ], [ 14.431662, 50.080393 ], [ 14.433345, 50.08138 ], [ 14.434395, 50.082496 ], [ 14.437267, 50.086667 ], [ 14.439326, 50.085966 ], [ 14.440858, 50.085233 ], [ 14.439604, 50.082092 ], [ 14.444172, 50.08156 ], [ 14.445643, 50.081261 ], [ 14.447452, 50.080046 ] ] ] } },
{ "type": "Feature", "properties": { "id": "727181", "name": "Nové Město", "district_id": "500089", "population_est": 2466 }, "geometry": { "type": "Polygon", "coordinates": [ [ [ 14.426842, 50.094368 ], [ 14.429344, 50.094577 ], [ 14.431949, 50.094098 ], [ 14.433969, 50.094348 ], [ 14.436685, 50.094371 ], [ 14.436938, 50.0924 ], [ 14.436468, 50.091426 ], [ 14.436941, 50.090708 ], [ 14.43836, 50.091108 ], [ 14.43955, 50.089995 ], [ 14.43958, 50.089648 ], [ 14.439984, 50.089595 ], [ 14.44231, 50.090158 ], [ 14.442002, 50.089487 ], [ 14.441401, 50.088904 ], [ 14.441939, 50.088665 ], [ 14.441906, 50.088526 ], [ 14.442437, 50.088419 ], [ 14.443183, 50.088515 ], [ 14.443306, 50.087488 ], [ 14.441915, 50.087516 ], [ 14.439756, 50.087214 ], [ 14.438422, 50.086748 ], [ 14.438128, 50.086381 ], [ 14.437267, 50.086667 ], [ 14.434395, 50.082496 ], [ 14.433345, 50.08138 ], [ 14.431662, 50.080393 ], [ 14.431066, 50.079742 ], [ 14.432246, 50.079452 ], [ 14.431512, 50.078346 ], [ 14.431622, 50.077754 ], [ 14.430591, 50.07769 ], [ 14.430264, 50.075231 ], [ 14.430453, 50.073793 ], [ 14.431603, 50.073968 ], [ 14.432314, 50.072131 ], [ 14.432121, 50.070804 ], [ 14.430847, 50.070808 ], [ 14.431157, 50.0682 ], [ 14.429039, 50.068199 ], [ 14.42894, 50.068441 ], [ 14.427346, 50.068112 ], [ 14.427416, 50.067872 ], [ 14.426699, 50.067606 ], [ 14.425882, 50.067469 ], [ 14.425818, 50.067562 ], [ 14.425052, 50.067212 ], [ 14.423326, 50.065805 ], [ 14.422023, 50.066781 ], [ 14.420788, 50.068501 ], [ 14.418975, 50.06895 ], [ 14.418356, 50.067897 ], [ 14.413504, 50.067169 ], [ 14.410962, 50.078751 ], [ 14.411416, 50.079271 ], [ 14.411807, 50.081311 ], [ 14.415079, 50.081485 ], [ 14.416446, 50.0817 ], [ 14.421803, 50.083007 ], [ 14.423189, 50.08405 ], [ 14.428083, 50.087131 ], [ 14.428539, 50.087682 ], [ 14.428445, 50.089113 ], [ 14.426842, 50.094368 ] ] ] } },
{ "type": "Feature", "properties": { "id": "727300", "name": "Vyšehrad", "district_id": "500089", "population_est": 155 }, "geometry": { "type": "Polygon", "coordinates": [ [ [ 14.423326, 50.065805 ], [ 14.422151, 50.06532 ], [ 14.421869, 50.065486 ], [ 14.422023, 50.064859 ], [ 14.421732, 50.064783 ], [ 14.422219, 50.064054 ], [ 14.422499, 50.064135 ], [ 14.42327, 50.063673 ], [ 14.422887, 50.063519 ], [ 14.423361, 50.063098 ], [ 14.423361, 50.062701 ], [ 14.423907, 50.062265 ], [ 14.424417, 50.062486 ], [ 14.425349, 50.062092 ], [ 14.42437, 50.061798 ], [ 14.424318, 50.061047 ], [ 14.423227, 50.061673 ], [ 14.423411, 50.061813 ], [ 14.422896, 50.062152 ], [ 14.422227, 50.061946 ], [ 14.422069, 50.062214 ], [ 14.422273, 50.062286 ], [ 14.421886, 50.062628 ], [ 14.421683, 50.062674 ], [ 14.421394, 50.062169 ], [ 14.420256, 50.062651 ], [ 14.420383, 50.062973 ], [ 14.418563, 50.06326 ], [ 14.418448, 50.062935 ], [ 14.417156, 50.062824 ], [ 14.417214, 50.062554 ], [ 14.415877, 50.06188 ], [ 14.414862, 50.063443 ], [ 14.413504, 50.067169 ], [ 14.418356, 50.067897 ], [ 14.418975, 50.06895 ], [ 14.420788, 50.068501 ], [ 14.422023, 50.066781 ], [ 14.423326, 50.065805 ] ] ] } },
{ "type": "Feature", "properties": { "id": "727415", "name": "Žižkov", "district_id": "500097", "population_est": 3405 }, "geometry": { "type": "Polygon", "coordinates": [ [ [ 14.474494, 50.097632 ], [ 14.47526, 50.096145 ], [ 14.476005, 50.096657 ], [ 14.476293, 50.096504 ], [ 14.478557, 50.097781 ], [ 14.480557, 50.095022 ], [ 14.480788, 50.09491 ], [ 14.481731, 50.095171 ], [ 14.482247, 50.094523 ], [ 14.485728, 50.095015 ], [ 14.491525, 50.095149 ], [ 14.496031, 50.095768 ], [ 14.496339, 50.094524 ], [ 14.496928, 50.093534 ], [ 14.49836, 50.091848 ], [ 14.501053, 50.090954 ], [ 14.502397, 50.090709 ], [ 14.501493, 50.090419 ], [ 14.501706, 50.090079 ], [ 14.50339, 50.089763 ], [ 14.503347, 50.08967 ], [ 14.502, 50.089534 ], [ 14.492454, 50.087591 ], [ 14.491738, 50.087416 ], [ 14.491993, 50.087143 ], [ 14.491839, 50.086891 ], [ 14.487565, 50.085855 ], [ 14.485288, 50.085528 ], [ 14.482311, 50.085489 ], [ 14.481826, 50.085048 ], [ 14.480355, 50.084875 ], [ 14.478463, 50.083647 ], [ 14.479281, 50.082584 ], [ 14.479972, 50.082735 ], [ 14.480918, 50.081562 ], [ 14.482184, 50.081077 ], [ 14.482629, 50.080538 ], [ 14.477176, 50.079617 ], [ 14.477618, 50.078689 ], [ 14.47749, 50.078039 ], [ 14.47323, 50.078516 ], [ 14.457104, 50.077684 ], [ 14.456448, 50.079285 ], [ 14.455137, 50.079111 ], [ 14.454204, 50.081323 ], [ 14.451027, 50.079971 ], [ 14.448259, 50.079076 ], [ 14.447452, 50.080046 ], [ 14.445643, 50.081261 ], [ 14.444172, 50.08156 ], [ 14.439604, 50.082092 ], [ 14.440858, 50.085233 ], [ 14.438128, 50.086381 ], [ 14.438283, 50.086674 ], [ 14.439892, 50.087239 ], [ 14.441915, 50.087516 ], [ 14.443306, 50.087488 ], [ 14.443324, 50.088904 ], [ 14.448463, 50.089958 ], [ 14.448621, 50.089665 ], [ 14.449431, 50.089746 ], [ 14.452375, 50.090437 ], [ 14.452624, 50.090355 ], [ 14.455444, 50.090924 ], [ 14.455396, 50.091032 ], [ 14.458078, 50.091622 ], [ 14.465884, 50.092759 ], [ 14.467815, 50.09342 ], [ 14.468103, 50.093372 ], [ 14.47024, 50.094994 ], [ 14.470465, 50.09494 ], [ 14.471101, 50.095391 ], [ 14.473948, 50.097923 ], [ 14.474494, 50.097632 ] ] ] } },
{ "type": "Feature", "properties": { "id": "727598", "name": "Krč", "district_id": "500119", "population_est": 2118 }, "geometry": { "type": "Polygon", "coordinates": [ [ [ 14.441498, 50.050058 ], [ 14.441938, 50.049564 ], [ 14.452206, 50.043232 ], [ 14.452798, 50.04308 ], [ 14.461063, 50.042516 ], [ 14.459945, 50.04112 ], [ 14.459734, 50.039934 ], [ 14.458999, 50.039317 ], [ 14.457344, 50.038359 ], [ 14.456308, 50.036411 ], [ 14.456064, 50.0355 ], [ 14.456304, 50.034938 ], [ 14.4568, 50.034907 ], [ 14.458951, 50.034948 ], [ 14.460377, 50.035251 ], [ 14.460669, 50.034534 ], [ 14.458456, 50.033838 ], [ 14.457053, 50.032982 ], [ 14.456933, 50.032393 ], [ 14.458293, 50.032225 ], [ 14.45926, 50.031654 ], [ 14.459811, 50.030983 ], [ 14.461129, 50.030387 ], [ 14.461997, 50.029796 ], [ 14.461611, 50.029399 ], [ 14.460994, 50.029182 ], [ 14.461474, 50.02855 ], [ 14.460027, 50.027484 ], [ 14.459708, 50.026954 ], [ 14.459778, 50.026293 ], [ 14.460215, 50.025718 ], [ 14.460576, 50.025546 ], [ 14.46295, 50.024879 ], [ 14.463077, 50.024681 ], [ 14.46626, 50.023491 ], [ 14.464968, 50.022792 ], [ 14.464166, 50.022536 ], [ 14.463583, 50.022516 ], [ 14.461849, 50.021539 ], [ 14.462856, 50.021137 ], [ 14.463007, 50.021237 ], [ 14.463746, 50.020754 ], [ 14.463882, 50.020848 ], [ 14.466848, 50.01923 ], [ 14.468112, 50.017961 ], [ 14.468475, 50.016975 ], [ 14.468163, 50.0168 ], [ 14.465075, 50.016242 ], [ 14.461407, 50.015136 ], [ 14.459007, 50.014959 ], [ 14.456561, 50.014446 ], [ 14.455258, 50.015574 ], [ 14.451408, 50.020848 ], [ 14.451343, 50.024174 ], [ 14.452229, 50.026359 ], [ 14.45173, 50.026276 ], [ 14.451716, 50.027239 ], [ 14.451364, 50.028172 ], [ 14.447029, 50.027009 ], [ 14.446068, 50.026081 ], [ 14.44486, 50.025729 ], [ 14.443505, 50.024612 ], [ 14.442213, 50.025218 ], [ 14.43998, 50.025663 ], [ 14.439525, 50.025902 ], [ 14.44134, 50.027283 ], [ 14.441104, 50.027837 ], [ 14.441639, 50.028974 ], [ 14.439613, 50.030005 ], [ 14.438652, 50.030167 ], [ 14.437569, 50.03015 ], [ 14.43821, 50.031167 ], [ 14.435945, 50.031305 ], [ 14.431133, 50.03116 ], [ 14.431414, 50.033288 ], [ 14.432292, 50.033267 ], [ 14.432297, 50.034069 ], [ 14.429523, 50.034185 ], [ 14.428653, 50.037015 ], [ 14.426909, 50.037344 ], [ 14.428709, 50.037996 ], [ 14.424825, 50.037442 ], [ 14.424492, 50.037894 ], [ 14.424011, 50.037818 ], [ 14.424034, 50.038997 ], [ 14.425645, 50.038961 ], [ 14.430801, 50.039704 ], [ 14.431832, 50.040204 ], [ 14.4325, 50.040301 ], [ 14.432383, 50.040936 ], [ 14.432582, 50.041105 ], [ 14.434422, 50.041689 ], [ 14.434629, 50.041971 ], [ 14.434401, 50.042267 ], [ 14.434592, 50.04329 ], [ 14.434141, 50.043429 ], [ 14.434413, 50.044329 ], [ 14.433933, 50.044296 ], [ 14.433894, 50.044497 ], [ 14.434074, 50.045246 ], [ 14.434969, 50.04511 ], [ 14.434217, 50.047332 ], [ 14.434573, 50.049075 ], [ 14.441498, 50.050058 ] ] ] } },
{ "type": "Feature", "properties": { "id": "727750", "name": "Michle", "district_id": "500119", "population_est": 1819 }, "geometry": { "type": "Polygon", "coordinates": [ [ [ 14.469636, 50.065354 ], [ 14.472471, 50.064929 ], [ 14.473135, 50.065134 ], [ 14.47593, 50.064719 ], [ 14.476448, 50.064806 ], [ 14.478026, 50.064571 ], [ 14.478103, 50.063929 ], [ 14.479785, 50.064138 ], [ 14.48125, 50.063928 ], [ 14.480223, 50.063771 ], [ 14.480284, 50.063395 ], [ 14.48358, 50.062838 ], [ 14.483915, 50.062449 ], [ 14.483454, 50.062054 ], [ 14.485214, 50.06267 ], [ 14.485838, 50.062458 ], [ 14.48584, 50.061992 ], [ 14.486234, 50.061901 ], [ 14.486097, 50.060707 ], [ 14.485718, 50.060729 ], [ 14.485555, 50.059614 ], [ 14.483766, 50.059758 ], [ 14.480815, 50.059495 ], [ 14.480673, 50.059651 ], [ 14.47967, 50.059349 ], [ 14.479108, 50.058649 ], [ 14.478147, 50.058104 ], [ 14.477908, 50.05765 ], [ 14.477542, 50.0574 ], [ 14.476935, 50.057287 ], [ 14.477267, 50.056399 ], [ 14.476978, 50.055028 ], [ 14.476741, 50.054879 ], [ 14.476418, 50.055077 ], [ 14.47663, 50.055246 ], [ 14.476336, 50.055538 ], [ 14.475892, 50.055281 ], [ 14.475599, 50.055348 ], [ 14.475304, 50.055204 ], [ 14.475021, 50.055358 ], [ 14.4746, 50.055324 ], [ 14.474071, 50.055006 ], [ 14.473375, 50.055102 ], [ 14.472311, 50.05495 ], [ 14.47311, 50.053774 ], [ 14.480064, 50.050085 ], [ 14.479412, 50.049534 ], [ 14.480332, 50.049017 ], [ 14.477998, 50.048601 ], [ 14.478045, 50.049549 ], [ 14.476082, 50.050047 ], [ 14.475636, 50.049956 ], [ 14.473106, 50.051069 ], [ 14.472926, 50.050399 ], [ 14.471995, 50.049399 ], [ 14.472307, 50.048482 ], [ 14.47197, 50.047779 ], [ 14.470995, 50.047092 ], [ 14.468829, 50.046411 ], [ 14.469195, 50.045808 ], [ 14.470056, 50.045963 ], [ 14.470855, 50.044213 ], [ 14.47084, 50.043798 ], [ 14.47016, 50.04336 ], [ 14.467456, 50.04267 ], [ 14.468944, 50.040084 ], [ 14.469865, 50.040262 ], [ 14.469291, 50.038128 ], [ 14.4694, 50.037231 ], [ 14.469135, 50.03689 ], [ 14.469795, 50.034131 ], [ 14.471222, 50.032403 ], [ 14.472291, 50.031638 ], [ 14.473864, 50.03103 ], [ 14.476596, 50.030345 ], [ 14.477303, 50.02983 ], [ 14.472991, 50.029779 ], [ 14.47113, 50.030212 ], [ 14.465372, 50.030646 ], [ 14.46463, 50.030946 ], [ 14.464101, 50.03099 ], [ 14.463548, 50.030878 ], [ 14.462981, 50.030037 ], [ 14.461997, 50.029796 ], [ 14.461129, 50.030387 ], [ 14.459811, 50.030983 ], [ 14.45926, 50.031654 ], [ 14.458293, 50.032225 ], [ 14.456933, 50.032393 ], [ 14.457053, 50.032982 ], [ 14.458456, 50.033838 ], [ 14.460669, 50.034534 ], [ 14.460377, 50.035251 ], [ 14.458951, 50.034948 ], [ 14.4568, 50.034907 ], [ 14.456304, 50.034938 ], [ 14.456064, 50.0355 ], [ 14.456308, 50.036411 ], [ 14.457344, 50.038359 ], [ 14.458999, 50.039317 ], [ 14.459734, 50.039934 ], [ 14.459945, 50.04112 ], [ 14.461063, 50.042516 ], [ 14.452798, 50.04308 ], [ 14.452206, 50.043232 ], [ 14.441938, 50.049564 ], [ 14.443248, 50.050478 ], [ 14.444538, 50.051097 ], [ 14.444828, 50.051006 ], [ 14.447, 50.051916 ], [ 14.447481, 50.052304 ], [ 14.447697, 50.052777 ], [ 14.448195, 50.052378 ], [ 14.449271, 50.053121 ], [ 14.44714, 50.053758 ], [ 14.447774, 50.055022 ], [ 14.44849, 50.05512 ], [ 14.447563, 50.056581 ], [ 14.44783, 50.057993 ], [ 14.447569, 50.058119 ], [ 14.447616, 50.058311 ], [ 14.446568, 50.058838 ], [ 14.447813, 50.05938 ], [ 14.449885, 50.059676 ], [ 14.449786, 50.059971 ], [ 14.450238, 50.060312 ], [ 14.451965, 50.060981 ], [ 14.453023, 50.061649 ], [ 14.452941, 50.062048 ], [ 14.454273, 50.062604 ], [ 14.454725, 50.062449 ], [ 14.454641, 50.061896 ], [ 14.456191, 50.060593 ], [ 14.457322, 50.058857 ], [ 14.458305, 50.057821 ], [ 14.461024, 50.059898 ], [ 14.461467, 50.061112 ], [ 14.463276, 50.061266 ], [ 14.46379, 50.060485 ], [ 14.46369, 50.060125 ], [ 14.464513, 50.060628 ], [ 14.465884, 50.061017 ], [ 14.46624, 50.060452 ], [ 14.469624, 50.061452 ], [ 14.469473, 50.065536 ], [ 14.46965, 50.065521 ], [ 14.469636, 50.065354 ] ] ] } },
{ "type": "Feature", "properties": { "id": "727857", "name": "Hodkovičky", "district_id": "500119", "population_est": 662 }, "geometry": { "type": "Polygon", "coordinates": [ [ [ 14.400479, 50.027795 ], [ 14.404408, 50.027726 ], [ 14.405622, 50.027532 ], [ 14.405803, 50.027451 ], [ 14.405224, 50.026982 ], [ 14.405277, 50.026741 ], [ 14.406577, 50.027464 ], [ 14.408551, 50.029419 ], [ 14.409479, 50.028665 ], [ 14.410324, 50.028286 ], [ 14.41162, 50.027015 ], [ 14.414043, 50.026753 ], [ 14.415095, 50.026905 ], [ 14.416324, 50.026821 ], [ 14.418207, 50.026112 ], [ 14.420652, 50.025631 ], [ 14.42388, 50.025377 ], [ 14.423337, 50.024698 ], [ 14.4219, 50.023719 ], [ 14.423382, 50.023529 ], [ 14.422881, 50.021505 ], [ 14.424935, 50.021349 ], [ 14.428226, 50.021347 ], [ 14.429527, 50.021178 ], [ 14.427193, 50.01959 ], [ 14.423613, 50.019162 ], [ 14.422896, 50.018923 ], [ 14.421896, 50.018881 ], [ 14.420721, 50.019106 ], [ 14.420104, 50.019062 ], [ 14.418606, 50.018727 ], [ 14.415683, 50.017764 ], [ 14.414363, 50.017532 ], [ 14.414101, 50.017321 ], [ 14.41418, 50.017033 ], [ 14.411551, 50.017133 ], [ 14.410099, 50.016702 ], [ 14.407671, 50.016414 ], [ 14.406319, 50.016507 ], [ 14.403105, 50.017144 ], [ 14.402602, 50.01753 ], [ 14.402802, 50.018215 ], [ 14.400139, 50.018617 ], [ 14.395939, 50.018929 ], [ 14.396211, 50.02231 ], [ 14.397986, 50.028526 ], [ 14.399043, 50.028333 ], [ 14.400479, 50.027795 ] ] ] } },
{ "type": "Feature", "properties": { "id": "727873", "name": "Braník", "district_id": "500119", "population_est": 2035 }, "geometry": { "type": "Polygon", "coordinates": [ [ [ 14.421389, 50.045205 ], [ 14.423156, 50.044242 ], [ 14.426806, 50.043391 ], [ 14.428113, 50.043371 ], [ 14.428251, 50.043197 ], [ 14.427863, 50.043155 ], [ 14.427891, 50.043043 ], [ 14.428074, 50.042942 ], [ 14.428362, 50.043084 ], [ 14.428592, 50.042864 ], [ 14.428818, 50.042945 ], [ 14.428752, 50.042648 ], [ 14.430421, 50.04052 ], [ 14.430865, 50.040153 ], [ 14.431421, 50.04015 ], [ 14.431477, 50.03999 ], [ 14.430801, 50.039704 ], [ 14.425645, 50.038961 ], [ 14.424034, 50.038997 ], [ 14.423901, 50.038024 ], [ 14.424011, 50.037818 ], [ 14.424492, 50.037894 ], [ 14.424825, 50.037442 ], [ 14.428709, 50.037996 ], [ 14.426909, 50.037344 ], [ 14.428653, 50.037015 ], [ 14.429523, 50.034185 ], [ 14.432297, 50.034069 ], [ 14.432292, 50.033267 ], [ 14.431414, 50.033288 ], [ 14.431133, 50.03116 ], [ 14.435945, 50.031305 ], [ 14.43821, 50.031167 ], [ 14.437569, 50.03015 ], [ 14.438652, 50.030167 ], [ 14.439613, 50.030005 ], [ 14.441639, 50.028974 ], [ 14.441104, 50.027837 ], [ 14.44134, 50.027283 ], [ 14.439525, 50.025902 ], [ 14.440883, 50.025396 ], [ 14.442213, 50.025218 ], [ 14.443505, 50.024612 ], [ 14.440825, 50.023666 ], [ 14.440274, 50.023054 ], [ 14.435387, 50.024621 ], [ 14.433512, 50.025509 ], [ 14.430847, 50.02317 ], [ 14.429543, 50.021257 ], [ 14.422881, 50.021505 ], [ 14.423382, 50.023529 ], [ 14.4219, 50.023719 ], [ 14.423337, 50.024698 ], [ 14.42388, 50.025377 ], [ 14.420652, 50.025631 ], [ 14.418207, 50.026112 ], [ 14.416324, 50.026821 ], [ 14.415095, 50.026905 ], [ 14.414043, 50.026753 ], [ 14.41162, 50.027015 ], [ 14.410324, 50.028286 ], [ 14.409479, 50.028665 ], [ 14.408551, 50.029419 ], [ 14.406577, 50.027464 ], [ 14.405277, 50.026741 ], [ 14.405224, 50.026982 ], [ 14.405803, 50.027451 ], [ 14.405622, 50.027532 ], [ 14.40385, 50.02776 ], [ 14.400479, 50.027795 ], [ 14.399043, 50.028333 ], [ 14.397986, 50.028526 ], [ 14.405192, 50.036928 ], [ 14.408626, 50.041702 ], [ 14.410293, 50.044719 ], [ 14.412318, 50.04376 ], [ 14.413958, 50.045222 ], [ 14.417796, 50.044408 ], [ 14.418373, 50.044061 ], [ 14.419319, 50.043934 ], [ 14.418942, 50.044556 ], [ 14.418993, 50.045493 ], [ 14.419199, 50.045726 ], [ 14.421389, 50.045205 ] ] ] } }
]
}
